player,nationality,age,minutes_90s,tackles,tackles_won,tackles_def_3rd,tackles_mid_3rd,tackles_att_3rd,dribble_tackles,dribbles_vs,dribble_tackles_pct,dribbled_past,pressures,pressure_regains,pressure_regain_pct,pressures_def_3rd,pressures_mid_3rd,pressures_att_3rd,blocks,blocked_shots,blocked_shots_saves,blocked_passes,interceptions,tackles_interceptions,clearances,errors,team,Pos1,Pos2
Pierre-Emerick Aubameyang,ga GAB,30.0,34.8,39.0,24,15.0,14.0,10.0,12.0,50.0,24.0,38.0,573.0,130.0,22.7,113.0,256.0,204.0,59.0,2.0,0.0,57.0,11,50,16.0,0.0,Arsenal,FW,
David Luiz,br BRA,32.0,31.2,33.0,20,22.0,10.0,1.0,10.0,26.0,38.5,16.0,191.0,66.0,34.6,143.0,43.0,5.0,63.0,40.0,0.0,23.0,30,63,183.0,3.0,Arsenal,DF,
Bernd Leno,de GER,27.0,29.4,0.0,0,0.0,0.0,0.0,0.0,3.0,0.0,3.0,1.0,0.0,0.0,1.0,0.0,0.0,0.0,0.0,0.0,0.0,0,0,2.0,1.0,Arsenal,GK,
Granit Xhaka,ch SUI,26.0,28.7,46.0,27,27.0,15.0,4.0,18.0,55.0,32.7,37.0,433.0,126.0,29.1,157.0,232.0,44.0,55.0,17.0,1.0,38.0,21,67,85.0,0.0,Arsenal,MF,
Nicolas Pépé,ci CIV,24.0,22.3,30.0,19,14.0,13.0,3.0,11.0,23.0,47.8,12.0,354.0,89.0,25.1,94.0,156.0,104.0,20.0,2.0,0.0,18.0,7,37,3.0,0.0,Arsenal,FW,
Alexandre Lacazette,fr FRA,28.0,20.8,23.0,19,6.0,12.0,5.0,4.0,17.0,23.5,13.0,464.0,114.0,24.6,55.0,220.0,189.0,13.0,0.0,0.0,13.0,7,30,14.0,0.0,Arsenal,FW,
Bukayo Saka,eng ENG,17.0,19.5,38.0,22,20.0,11.0,7.0,13.0,33.0,39.4,20.0,288.0,84.0,29.2,105.0,106.0,77.0,25.0,4.0,0.0,21.0,12,50,21.0,1.0,Arsenal,DF,FW
Mattéo Guendouzi,fr FRA,20.0,19.4,24.0,13,11.0,9.0,4.0,10.0,36.0,27.8,26.0,384.0,109.0,28.4,158.0,175.0,51.0,40.0,7.0,0.0,33.0,30,54,48.0,0.0,Arsenal,MF,
Sead Kolašinac,ba BIH,26.0,18.9,35.0,18,22.0,6.0,7.0,12.0,25.0,48.0,13.0,230.0,67.0,29.1,116.0,81.0,33.0,23.0,5.0,0.0,18.0,24,59,45.0,1.0,Arsenal,DF,
Sokratis Papastathopoulos,gr GRE,31.0,18.8,23.0,13,17.0,5.0,1.0,11.0,25.0,44.0,14.0,181.0,51.0,28.2,121.0,55.0,5.0,41.0,22.0,0.0,19.0,14,37,108.0,0.0,Arsenal,DF,
Dani Ceballos,es ESP,22.0,18.8,49.0,28,25.0,17.0,7.0,17.0,62.0,27.4,45.0,445.0,120.0,27.0,197.0,191.0,57.0,29.0,4.0,0.0,25.0,30,79,22.0,1.0,Arsenal,MF,
Mesut Özil,de GER,30.0,16.0,13.0,10,9.0,4.0,0.0,2.0,19.0,10.5,17.0,305.0,63.0,20.7,67.0,178.0,60.0,9.0,0.0,0.0,9.0,5,18,3.0,0.0,Arsenal,MF,
Lucas Torreira,uy URU,23.0,16.8,37.0,24,17.0,16.0,4.0,12.0,34.0,35.3,22.0,403.0,102.0,25.3,156.0,200.0,47.0,29.0,9.0,0.0,20.0,31,68,30.0,1.0,Arsenal,MF,
Ainsley Maitland-Niles,eng ENG,21.0,15.4,41.0,27,30.0,9.0,2.0,14.0,42.0,33.3,28.0,297.0,84.0,28.3,179.0,86.0,32.0,29.0,5.0,0.0,24.0,29,70,41.0,0.0,Arsenal,DF,
Shkodran Mustafi,de GER,27.0,13.4,14.0,9,9.0,4.0,1.0,2.0,13.0,15.4,11.0,108.0,36.0,33.3,52.0,50.0,6.0,15.0,7.0,0.0,8.0,18,32,111.0,2.0,Arsenal,DF,
Héctor Bellerín,es ESP,24.0,12.9,23.0,16,12.0,7.0,4.0,9.0,31.0,29.0,22.0,183.0,46.0,25.1,71.0,87.0,25.0,28.0,4.0,0.0,24.0,18,41,34.0,0.0,Arsenal,DF,
Calum Chambers,eng ENG,24.0,12.2,25.0,18,14.0,8.0,3.0,9.0,12.0,75.0,3.0,143.0,51.0,35.7,77.0,41.0,25.0,21.0,7.0,0.0,14.0,15,40,61.0,0.0,Arsenal,DF,
Kieran Tierney,sco SCO,22.0,11.0,21.0,11,12.0,5.0,4.0,10.0,15.0,66.7,5.0,126.0,39.0,31.0,62.0,51.0,13.0,22.0,4.0,0.0,18.0,9,30,44.0,0.0,Arsenal,DF,
Joe Willock,eng ENG,19.0,9.5,22.0,15,6.0,10.0,6.0,4.0,20.0,20.0,16.0,242.0,67.0,27.7,76.0,128.0,38.0,19.0,5.0,1.0,14.0,3,25,12.0,0.0,Arsenal,MF,FW
Emiliano Martínez,ar ARG,26.0,8.6,0.0,0,0.0,0.0,0.0,0.0,0.0,0.0,0.0,1.0,0.0,0.0,1.0,0.0,0.0,0.0,0.0,0.0,0.0,0,0,0.0,2.0,Arsenal,GK,
Eddie Nketiah,eng ENG,20.0,7.0,10.0,7,4.0,5.0,1.0,2.0,7.0,28.6,5.0,163.0,39.0,23.9,11.0,78.0,74.0,5.0,0.0,0.0,5.0,1,11,4.0,0.0,Arsenal,FW,
Reiss Nelson,eng ENG,19.0,7.0,12.0,6,8.0,3.0,1.0,8.0,14.0,57.1,6.0,164.0,31.0,18.9,52.0,69.0,43.0,13.0,1.0,0.0,12.0,3,15,2.0,0.0,Arsenal,FW,
Martinelli,br BRA,18.0,7.4,23.0,13,12.0,9.0,2.0,6.0,17.0,35.3,11.0,247.0,69.0,27.9,88.0,101.0,58.0,20.0,1.0,0.0,19.0,3,26,7.0,0.0,Arsenal,FW,
Rob Holding,eng ENG,23.0,6.5,6.0,3,5.0,1.0,0.0,2.0,3.0,66.7,1.0,47.0,14.0,29.8,32.0,10.0,5.0,19.0,6.0,0.0,13.0,5,11,45.0,2.0,Arsenal,DF,
Nacho Monreal,es ESP,33.0,3.0,4.0,4,3.0,1.0,0.0,1.0,3.0,33.3,2.0,34.0,10.0,29.4,19.0,13.0,2.0,3.0,1.0,0.0,2.0,3,7,17.0,0.0,Arsenal,DF,
Cédric Soares,pt POR,27.0,2.8,6.0,5,2.0,4.0,0.0,2.0,5.0,40.0,3.0,55.0,15.0,27.3,23.0,26.0,6.0,10.0,0.0,0.0,10.0,3,9,2.0,0.0,Arsenal,DF,
Pablo Marí,es ESP,25.0,1.3,3.0,1,2.0,1.0,0.0,1.0,2.0,50.0,1.0,11.0,3.0,27.3,6.0,4.0,1.0,1.0,0.0,0.0,1.0,1,4,14.0,0.0,Arsenal,DF,
Henrikh Mkhitaryan,am ARM,30.0,1.2,0.0,0,0.0,0.0,0.0,0.0,3.0,0.0,3.0,32.0,8.0,25.0,4.0,16.0,12.0,2.0,0.0,0.0,2.0,0,0,1.0,0.0,Arsenal,FW,
Emile Smith-Rowe,eng ENG,19.0,1.1,1.0,1,1.0,0.0,0.0,1.0,3.0,33.3,2.0,22.0,7.0,31.8,6.0,10.0,6.0,1.0,0.0,0.0,1.0,1,2,3.0,0.0,Arsenal,MF,
Jack Grealish,eng ENG,23.0,35.9,36.0,28,13.0,14.0,9.0,8.0,31.0,25.8,23.0,574.0,154.0,26.8,161.0,231.0,182.0,55.0,12.0,0.0,43.0,25,61,13.0,1.0,Aston Villa,FW,MF
Tyrone Mings,eng ENG,26.0,32.2,25.0,17,18.0,6.0,1.0,10.0,18.0,55.6,8.0,160.0,66.0,41.3,106.0,43.0,11.0,72.0,55.0,2.0,17.0,33,58,223.0,7.0,Aston Villa,DF,
Douglas Luiz,br BRA,21.0,29.0,52.0,33,34.0,14.0,4.0,19.0,66.0,28.8,47.0,592.0,155.0,26.2,263.0,263.0,66.0,64.0,18.0,1.0,46.0,36,88,44.0,2.0,Aston Villa,MF,
John McGinn,sco SCO,24.0,25.7,59.0,41,24.0,22.0,13.0,20.0,66.0,30.3,46.0,508.0,144.0,28.3,137.0,254.0,117.0,32.0,2.0,0.0,30.0,25,84,20.0,1.0,Aston Villa,MF,
Matt Targett,eng ENG,23.0,25.5,57.0,33,38.0,16.0,3.0,20.0,56.0,35.7,36.0,372.0,109.0,29.3,184.0,145.0,43.0,68.0,9.0,0.0,59.0,60,117,88.0,1.0,Aston Villa,DF,
Anwar El Ghazi,nl NED,24.0,22.8,17.0,10,10.0,5.0,2.0,5.0,24.0,20.8,19.0,350.0,74.0,21.1,70.0,163.0,117.0,18.0,1.0,0.0,17.0,12,29,12.0,0.0,Aston Villa,FW,MF
Ezri Konsa,eng ENG,21.0,22.7,27.0,18,20.0,7.0,0.0,6.0,16.0,37.5,10.0,193.0,63.0,32.6,107.0,65.0,21.0,55.0,23.0,0.0,32.0,21,48,83.0,3.0,Aston Villa,DF,
Frederic Guilbert,fr FRA,24.0,22.7,82.0,38,50.0,22.0,10.0,34.0,74.0,45.9,40.0,416.0,115.0,27.6,228.0,133.0,55.0,65.0,13.0,0.0,52.0,48,130,87.0,1.0,Aston Villa,DF,
Wesley Moraes,br BRA,22.0,19.8,14.0,10,2.0,6.0,6.0,0.0,5.0,0.0,5.0,313.0,78.0,24.9,17.0,145.0,151.0,18.0,6.0,0.0,12.0,4,18,26.0,0.0,Aston Villa,FW,
Trézéguet,eg EGY,24.0,21.7,42.0,28,20.0,14.0,8.0,7.0,42.0,16.7,35.0,530.0,129.0,24.3,163.0,231.0,136.0,41.0,2.0,0.0,39.0,26,68,17.0,0.0,Aston Villa,FW,MF
Tom Heaton,eng ENG,33.0,19.9,0.0,0,0.0,0.0,0.0,0.0,2.0,0.0,2.0,3.0,0.0,0.0,3.0,0.0,0.0,0.0,0.0,0.0,0.0,0,0,1.0,0.0,Aston Villa,GK,
Marvelous Nakamba,zw ZIM,25.0,20.4,65.0,47,32.0,29.0,4.0,15.0,68.0,22.1,53.0,491.0,168.0,34.2,212.0,240.0,39.0,61.0,11.0,0.0,50.0,38,103,34.0,1.0,Aston Villa,MF,
Conor Hourihane,ie IRL,28.0,17.0,21.0,14,5.0,12.0,4.0,8.0,24.0,33.3,16.0,224.0,38.0,17.0,68.0,103.0,53.0,27.0,6.0,0.0,21.0,12,33,24.0,0.0,Aston Villa,MF,
Kortney Hause,eng ENG,24.0,17.2,27.0,22,23.0,2.0,2.0,11.0,22.0,50.0,11.0,182.0,73.0,40.1,112.0,59.0,11.0,46.0,22.0,1.0,24.0,20,47,114.0,5.0,Aston Villa,DF,
Björn Engels,be BEL,24.0,16.1,9.0,4,7.0,2.0,0.0,5.0,11.0,45.5,6.0,81.0,29.0,35.8,54.0,26.0,1.0,26.0,19.0,0.0,7.0,29,38,111.0,2.0,Aston Villa,DF,
Pepe Reina,es ESP,36.0,12.0,0.0,0,0.0,0.0,0.0,0.0,1.0,0.0,1.0,4.0,1.0,25.0,4.0,0.0,0.0,0.0,0.0,0.0,0.0,0,0,1.0,2.0,Aston Villa,GK,
Neil Taylor,wal WAL,30.0,12.1,19.0,9,14.0,5.0,0.0,9.0,21.0,42.9,12.0,121.0,33.0,27.3,61.0,53.0,7.0,38.0,5.0,0.0,33.0,20,39,32.0,0.0,Aston Villa,DF,
Ahmed Elmohamady,eg EGY,31.0,11.5,25.0,17,17.0,6.0,2.0,10.0,22.0,45.5,12.0,109.0,28.0,25.7,56.0,40.0,13.0,11.0,5.0,0.0,6.0,13,38,29.0,0.0,Aston Villa,DF,
Mbwana Samatta,tz TAN,26.0,10.5,9.0,7,1.0,6.0,2.0,1.0,9.0,11.1,8.0,173.0,45.0,26.0,7.0,84.0,82.0,8.0,1.0,0.0,7.0,1,10,6.0,0.0,Aston Villa,FW,
Ørjan Nyland,no NOR,28.0,6.0,0.0,0,0.0,0.0,0.0,0.0,0.0,0.0,0.0,0.0,0.0,0.0,0.0,0.0,0.0,0.0,0.0,0.0,0.0,0,0,1.0,1.0,Aston Villa,GK,
Keinan Davis,eng ENG,21.0,6.1,2.0,2,0.0,2.0,0.0,0.0,3.0,0.0,3.0,88.0,19.0,21.6,3.0,50.0,35.0,5.0,1.0,0.0,4.0,0,2,3.0,0.0,Aston Villa,FW,
Jota,es ESP,28.0,3.7,3.0,2,1.0,1.0,1.0,2.0,9.0,22.2,7.0,119.0,17.0,14.3,43.0,52.0,24.0,3.0,0.0,0.0,3.0,3,6,6.0,0.0,Aston Villa,FW,MF
Danny Drinkwater,eng ENG,29.0,2.9,9.0,5,6.0,2.0,1.0,1.0,13.0,7.7,12.0,106.0,22.0,20.8,36.0,58.0,12.0,3.0,0.0,0.0,3.0,5,14,4.0,1.0,Aston Villa,MF,
Henri Lansbury,eng ENG,28.0,2.2,5.0,2,3.0,1.0,1.0,0.0,4.0,0.0,4.0,61.0,18.0,29.5,24.0,18.0,19.0,6.0,0.0,0.0,6.0,0,5,1.0,0.0,Aston Villa,MF,
Jed Steer,eng ENG,26.0,0.1,0.0,0,0.0,0.0,0.0,0.0,0.0,0.0,0.0,0.0,0.0,0.0,0.0,0.0,0.0,0.0,0.0,0.0,0.0,0,0,0.0,0.0,Aston Villa,GK,
Jonathan Kodjia,ci CIV,29.0,1.3,0.0,0,0.0,0.0,0.0,0.0,1.0,0.0,1.0,33.0,9.0,27.3,6.0,15.0,12.0,2.0,2.0,0.0,0.0,0,0,2.0,0.0,Aston Villa,FW,MF
Indiana Vassilev,us USA,18.0,0.6,1.0,1,0.0,1.0,0.0,0.0,1.0,0.0,1.0,24.0,7.0,29.2,3.0,7.0,14.0,0.0,0.0,0.0,0.0,0,1,0.0,0.0,Aston Villa,FW,MF
Borja Bastón,es ESP,26.0,0.2,0.0,0,0.0,0.0,0.0,0.0,2.0,0.0,2.0,10.0,1.0,10.0,0.0,9.0,1.0,1.0,0.0,0.0,1.0,0,0,1.0,1.0,Aston Villa,MF,FW
Aaron Ramsdale,eng ENG,21.0,37.0,0.0,0,0.0,0.0,0.0,0.0,2.0,0.0,2.0,8.0,1.0,12.5,8.0,0.0,0.0,1.0,0.0,0.0,1.0,0,0,0.0,2.0,Bournemouth,GK,
Callum Wilson,eng ENG,27.0,32.3,15.0,12,2.0,6.0,7.0,1.0,14.0,7.1,13.0,770.0,206.0,26.8,53.0,323.0,394.0,18.0,2.0,0.0,16.0,3,18,15.0,0.0,Bournemouth,FW,
Jefferson Lerma,co COL,24.0,30.0,81.0,49,28.0,47.0,6.0,29.0,62.0,46.8,33.0,576.0,173.0,30.0,205.0,323.0,48.0,50.0,12.0,0.0,38.0,54,135,69.0,0.0,Bournemouth,MF,
Philip Billing,dk DEN,23.0,28.1,76.0,46,29.0,39.0,8.0,17.0,67.0,25.4,50.0,692.0,164.0,23.7,209.0,382.0,101.0,88.0,17.0,0.0,71.0,71,147,117.0,1.0,Bournemouth,MF,
Nathan Aké,nl NED,24.0,27.8,25.0,11,20.0,5.0,0.0,7.0,24.0,29.2,17.0,222.0,66.0,29.7,146.0,66.0,10.0,59.0,30.0,0.0,29.0,33,58,176.0,1.0,Bournemouth,DF,
Steve Cook,eng ENG,28.0,27.0,22.0,13,15.0,7.0,0.0,9.0,23.0,39.1,14.0,164.0,55.0,33.5,111.0,44.0,9.0,47.0,28.0,0.0,19.0,45,67,222.0,1.0,Bournemouth,DF,
Diego Rico,es ESP,26.0,25.9,65.0,42,41.0,21.0,3.0,18.0,56.0,32.1,38.0,406.0,126.0,31.0,209.0,138.0,59.0,82.0,6.0,0.0,76.0,80,145,99.0,0.0,Bournemouth,DF,
Adam Smith,eng ENG,28.0,22.8,52.0,30,32.0,15.0,5.0,24.0,54.0,44.4,30.0,406.0,111.0,27.3,182.0,155.0,69.0,56.0,6.0,1.0,50.0,25,77,53.0,0.0,Bournemouth,DF,
Joshua King,no NOR,27.0,22.3,19.0,15,8.0,7.0,4.0,2.0,15.0,13.3,13.0,496.0,123.0,24.8,80.0,219.0,197.0,27.0,4.0,0.0,23.0,5,24,11.0,0.0,Bournemouth,FW,MF
Ryan Fraser,sco SCO,25.0,23.0,9.0,8,3.0,3.0,3.0,4.0,17.0,23.5,13.0,298.0,65.0,21.8,79.0,122.0,97.0,28.0,3.0,2.0,25.0,16,25,18.0,0.0,Bournemouth,MF,FW
Harry Wilson,wal WAL,22.0,18.3,25.0,11,7.0,12.0,6.0,13.0,36.0,36.1,23.0,411.0,96.0,23.4,135.0,193.0,83.0,38.0,3.0,0.0,35.0,12,37,21.0,0.0,Bournemouth,MF,FW
Dominic Solanke,eng ENG,21.0,18.3,11.0,10,2.0,9.0,0.0,3.0,27.0,11.1,24.0,643.0,151.0,23.5,84.0,319.0,240.0,19.0,5.0,0.0,14.0,8,19,21.0,0.0,Bournemouth,FW,MF
Jack Stacey,eng ENG,23.0,17.2,21.0,13,13.0,5.0,3.0,5.0,21.0,23.8,16.0,241.0,62.0,25.7,116.0,80.0,45.0,41.0,9.0,0.0,32.0,21,42,53.0,1.0,Bournemouth,DF,
Lewis Cook,eng ENG,22.0,15.0,27.0,16,15.0,10.0,2.0,8.0,40.0,20.0,32.0,375.0,71.0,18.9,125.0,197.0,53.0,20.0,6.0,0.0,14.0,21,48,15.0,0.0,Bournemouth,MF,
Dan Gosling,eng ENG,29.0,14.0,28.0,20,16.0,8.0,4.0,7.0,30.0,23.3,23.0,357.0,93.0,26.1,133.0,149.0,75.0,38.0,11.0,0.0,27.0,20,48,27.0,0.0,Bournemouth,MF,
Simon Francis,eng ENG,34.0,10.8,17.0,12,13.0,4.0,0.0,11.0,25.0,44.0,14.0,107.0,29.0,27.1,71.0,24.0,12.0,29.0,14.0,0.0,15.0,20,37,91.0,2.0,Bournemouth,DF,
Chris Mepham,wal WAL,21.0,10.1,23.0,14,14.0,9.0,0.0,9.0,16.0,56.3,7.0,132.0,49.0,37.1,83.0,42.0,7.0,20.0,12.0,0.0,8.0,17,40,75.0,1.0,Bournemouth,DF,
David Brooks,wal WAL,22.0,5.6,4.0,3,1.0,1.0,2.0,0.0,15.0,0.0,15.0,102.0,20.0,19.6,28.0,48.0,26.0,7.0,1.0,0.0,6.0,3,7,3.0,0.0,Bournemouth,MF,
Junior Stanislas,eng ENG,29.0,7.9,10.0,6,2.0,2.0,6.0,4.0,9.0,44.4,5.0,107.0,34.0,31.8,32.0,41.0,34.0,9.0,0.0,0.0,9.0,5,15,2.0,0.0,Bournemouth,MF,DF
Lloyd Kelly,eng ENG,20.0,7.1,9.0,6,5.0,4.0,0.0,5.0,9.0,55.6,4.0,73.0,29.0,39.7,39.0,27.0,7.0,11.0,6.0,0.0,5.0,6,15,17.0,1.0,Bournemouth,DF,
Arnaut Groeneveld,nl NED,22.0,7.0,6.0,5,3.0,2.0,1.0,2.0,7.0,28.6,5.0,78.0,32.0,41.0,28.0,27.0,23.0,3.0,0.0,0.0,3.0,8,14,8.0,1.0,Bournemouth,MF,
Andrew Surman,eng ENG,32.0,2.6,5.0,2,2.0,3.0,0.0,3.0,4.0,75.0,1.0,45.0,11.0,24.4,19.0,20.0,6.0,4.0,0.0,0.0,4.0,1,6,6.0,0.0,Bournemouth,MF,
Charlie Daniels,eng ENG,32.0,1.4,1.0,0,0.0,1.0,0.0,1.0,2.0,50.0,1.0,26.0,5.0,19.2,20.0,6.0,0.0,5.0,1.0,0.0,4.0,1,2,4.0,1.0,Bournemouth,DF,
Jack Simpson,eng ENG,22.0,2.7,5.0,2,5.0,0.0,0.0,2.0,6.0,33.3,4.0,32.0,4.0,12.5,17.0,13.0,2.0,2.0,0.0,0.0,2.0,2,7,13.0,1.0,Bournemouth,DF,
Mark Travers,ie IRL,20.0,1.0,0.0,0,0.0,0.0,0.0,0.0,0.0,0.0,0.0,0.0,0.0,0.0,0.0,0.0,0.0,0.0,0.0,0.0,0.0,0,0,0.0,1.0,Bournemouth,GK,
Jordon Ibe,eng ENG,23.0,0.6,3.0,3,3.0,0.0,0.0,0.0,0.0,0.0,0.0,11.0,3.0,27.3,5.0,5.0,1.0,0.0,0.0,0.0,0.0,0,3,0.0,0.0,Bournemouth,DF,
Sam Surridge,eng ENG,21.0,0.3,0.0,0,0.0,0.0,0.0,0.0,0.0,0.0,0.0,17.0,3.0,17.6,0.0,8.0,9.0,1.0,0.0,0.0,1.0,1,1,0.0,0.0,Bournemouth,FW,
Mathew Ryan,au AUS,27.0,38.0,0.0,0,0.0,0.0,0.0,0.0,5.0,0.0,5.0,10.0,4.0,40.0,10.0,0.0,0.0,0.0,0.0,0.0,0.0,2,2,2.0,4.0,Brighton,GK,
Lewis Dunk,eng ENG,27.0,35.9,43.0,28,31.0,12.0,0.0,13.0,41.0,31.7,28.0,248.0,107.0,43.1,164.0,72.0,12.0,71.0,37.0,3.0,34.0,54,97,162.0,1.0,Brighton,DF,
Dan Burn,eng ENG,27.0,32.0,63.0,36,34.0,23.0,6.0,24.0,56.0,42.9,32.0,465.0,164.0,35.3,251.0,161.0,53.0,67.0,22.0,0.0,45.0,37,100,148.0,0.0,Brighton,DF,
Davy Pröpper,nl NED,27.0,31.4,58.0,38,29.0,23.0,6.0,22.0,68.0,32.4,46.0,484.0,144.0,29.8,195.0,235.0,54.0,39.0,11.0,0.0,28.0,30,88,43.0,2.0,Brighton,MF,
Adam Webster,eng ENG,24.0,29.6,37.0,25,25.0,10.0,2.0,16.0,36.0,44.4,20.0,222.0,86.0,38.7,146.0,67.0,9.0,66.0,31.0,0.0,35.0,43,80,182.0,3.0,Brighton,DF,
Neal Maupay,fr FRA,22.0,30.7,28.0,17,8.0,13.0,7.0,8.0,36.0,22.2,28.0,703.0,185.0,26.3,70.0,278.0,355.0,31.0,4.0,0.0,27.0,5,33,7.0,0.0,Brighton,FW,
Dale Stephens,eng ENG,30.0,28.1,76.0,40,32.0,35.0,9.0,21.0,71.0,29.6,50.0,465.0,150.0,32.3,206.0,224.0,35.0,43.0,13.0,1.0,30.0,58,134,46.0,3.0,Brighton,MF,
Aaron Mooy,au AUS,28.0,23.2,43.0,31,13.0,19.0,11.0,8.0,45.0,17.8,37.0,421.0,125.0,29.7,111.0,198.0,112.0,48.0,7.0,1.0,41.0,23,66,29.0,0.0,Brighton,MF,FW
Martín Montoya,es ESP,28.0,21.1,49.0,28,30.0,14.0,5.0,22.0,50.0,44.0,28.0,375.0,92.0,24.5,163.0,159.0,53.0,41.0,6.0,0.0,35.0,29,78,55.0,1.0,Brighton,DF,
Leandro Trossard,be BEL,24.0,22.3,28.0,16,13.0,12.0,3.0,9.0,39.0,23.1,30.0,373.0,100.0,26.8,72.0,169.0,132.0,29.0,2.0,0.0,27.0,8,36,5.0,0.0,Brighton,FW,MF
Pascal Groß,de GER,28.0,20.0,33.0,21,6.0,19.0,8.0,8.0,32.0,25.0,24.0,395.0,103.0,26.1,81.0,195.0,119.0,27.0,2.0,0.0,25.0,9,42,11.0,0.0,Brighton,FW,MF
Yves Bissouma,ml MLI,22.0,14.0,58.0,36,35.0,20.0,3.0,18.0,38.0,47.4,20.0,308.0,90.0,29.2,126.0,143.0,39.0,28.0,4.0,0.0,24.0,22,80,22.0,0.0,Brighton,MF,
Aaron Connolly,ie IRL,19.0,14.0,12.0,8,1.0,5.0,6.0,3.0,12.0,25.0,9.0,234.0,69.0,29.5,14.0,94.0,126.0,8.0,1.0,0.0,7.0,0,12,1.0,0.0,Brighton,FW,
Shane Duffy,ie IRL,27.0,13.8,16.0,9,10.0,5.0,1.0,4.0,18.0,22.2,14.0,100.0,34.0,34.0,71.0,27.0,2.0,21.0,8.0,0.0,13.0,21,37,116.0,0.0,Brighton,DF,
Steven Alzate,co COL,20.0,13.2,28.0,23,23.0,3.0,2.0,10.0,22.0,45.5,12.0,235.0,77.0,32.8,99.0,94.0,42.0,26.0,3.0,0.0,23.0,13,41,14.0,0.0,Brighton,MF,DF
Solly March,eng ENG,25.0,12.7,26.0,17,16.0,8.0,2.0,9.0,21.0,42.9,12.0,158.0,44.0,27.8,54.0,57.0,47.0,22.0,3.0,0.0,19.0,21,47,19.0,1.0,Brighton,DF,FW
Glenn Murray,eng ENG,35.0,8.9,3.0,2,0.0,2.0,1.0,0.0,6.0,0.0,6.0,144.0,35.0,24.3,10.0,74.0,60.0,6.0,1.0,0.0,5.0,1,4,9.0,0.0,Brighton,FW,
Bernardo,br BRA,24.0,7.5,28.0,16,14.0,5.0,9.0,12.0,19.0,63.2,7.0,129.0,44.0,34.1,56.0,48.0,25.0,16.0,3.0,0.0,13.0,7,35,25.0,0.0,Brighton,DF,
Tariq Lamptey,eng ENG,18.0,6.5,9.0,3,8.0,1.0,0.0,0.0,9.0,0.0,9.0,91.0,17.0,18.7,39.0,32.0,20.0,13.0,1.0,0.0,12.0,18,27,15.0,1.0,Brighton,DF,
Ezequiel Schelotto,it ITA,30.0,4.0,6.0,5,4.0,1.0,1.0,0.0,5.0,0.0,5.0,47.0,14.0,29.8,26.0,14.0,7.0,7.0,0.0,0.0,7.0,7,13,17.0,0.0,Brighton,DF,
Alexis Mac Allister,ar ARG,20.0,3.9,9.0,4,4.0,3.0,2.0,4.0,9.0,44.4,5.0,105.0,25.0,23.8,27.0,51.0,27.0,14.0,1.0,0.0,13.0,1,10,1.0,0.0,Brighton,MF,FW
Alireza Jahanbakhsh,ir IRN,25.0,3.5,7.0,3,2.0,2.0,3.0,3.0,6.0,50.0,3.0,51.0,20.0,39.2,15.0,16.0,20.0,5.0,0.0,0.0,5.0,1,8,4.0,0.0,Brighton,FW,MF
Jürgen Locadia,nl NED,25.0,1.0,1.0,1,0.0,1.0,0.0,0.0,0.0,0.0,0.0,12.0,6.0,50.0,0.0,6.0,6.0,0.0,0.0,0.0,0.0,0,1,0.0,0.0,Brighton,MF,FW
Florin Andone,ro ROU,26.0,0.8,2.0,2,0.0,1.0,1.0,0.0,0.0,0.0,0.0,7.0,1.0,14.3,1.0,3.0,3.0,1.0,1.0,0.0,0.0,0,2,1.0,0.0,Brighton,MF,FW
Gaëtan Bong,cm CMR,31.0,0.7,0.0,0,0.0,0.0,0.0,0.0,0.0,0.0,0.0,12.0,7.0,58.3,6.0,4.0,2.0,2.0,1.0,0.0,1.0,0,0,0.0,0.0,Brighton,MF,DF
Nick Pope,eng ENG,27.0,38.0,0.0,0,0.0,0.0,0.0,0.0,1.0,0.0,1.0,5.0,1.0,20.0,5.0,0.0,0.0,1.0,0.0,0.0,1.0,2,2,0.0,1.0,Burnley,GK,
James Tarkowski,eng ENG,26.0,38.0,76.0,51,54.0,22.0,0.0,25.0,50.0,50.0,25.0,313.0,100.0,31.9,217.0,84.0,12.0,85.0,46.0,0.0,39.0,61,137,329.0,1.0,Burnley,DF,
Dwight McNeil,eng ENG,19.0,37.1,55.0,28,20.0,22.0,13.0,17.0,68.0,25.0,51.0,734.0,178.0,24.3,208.0,334.0,192.0,71.0,6.0,1.0,65.0,28,83,34.0,0.0,Burnley,MF,
Ashley Westwood,eng ENG,29.0,35.0,48.0,30,18.0,22.0,8.0,17.0,59.0,28.8,42.0,609.0,152.0,25.0,204.0,309.0,96.0,45.0,9.0,0.0,36.0,32,80,32.0,1.0,Burnley,MF,
Ben Mee,eng ENG,29.0,32.0,35.0,16,23.0,12.0,0.0,19.0,36.0,52.8,17.0,176.0,56.0,31.8,108.0,62.0,6.0,64.0,34.0,0.0,30.0,44,79,279.0,0.0,Burnley,DF,
Jack Cork,eng ENG,30.0,29.0,39.0,27,10.0,21.0,8.0,11.0,65.0,16.9,54.0,605.0,172.0,28.4,146.0,347.0,112.0,53.0,12.0,0.0,41.0,29,68,57.0,0.0,Burnley,MF,
Chris Wood,nz NZL,27.0,27.1,9.0,6,1.0,3.0,5.0,4.0,18.0,22.2,14.0,408.0,92.0,22.5,23.0,151.0,234.0,18.0,4.0,0.0,14.0,4,13,17.0,0.0,Burnley,FW,
Charlie Taylor,eng ENG,25.0,21.6,43.0,16,26.0,14.0,3.0,17.0,43.0,39.5,26.0,224.0,65.0,29.0,117.0,79.0,28.0,60.0,7.0,0.0,53.0,29,72,106.0,1.0,Burnley,DF,
Jeff Hendrick,ie IRL,27.0,21.5,18.0,10,7.0,7.0,4.0,2.0,30.0,6.7,28.0,356.0,69.0,19.4,83.0,175.0,98.0,35.0,7.0,0.0,28.0,19,37,19.0,0.0,Burnley,MF,
Phil Bardsley,sco SCO,34.0,21.0,55.0,33,21.0,25.0,9.0,18.0,33.0,54.5,15.0,234.0,65.0,27.8,101.0,111.0,22.0,43.0,12.0,1.0,31.0,29,84,88.0,0.0,Burnley,DF,
Erik Pieters,nl NED,30.0,20.9,58.0,41,23.0,32.0,3.0,22.0,62.0,35.5,40.0,345.0,85.0,24.6,162.0,141.0,42.0,65.0,8.0,0.0,57.0,27,85,89.0,0.0,Burnley,DF,MF
Jay Rodriguez,eng ENG,30.0,22.4,33.0,17,7.0,16.0,10.0,6.0,36.0,16.7,30.0,574.0,150.0,26.1,77.0,244.0,253.0,43.0,11.0,0.0,32.0,5,38,7.0,0.0,Burnley,FW,
Matthew Lowton,eng ENG,30.0,17.0,44.0,24,20.0,21.0,3.0,24.0,43.0,55.8,19.0,202.0,60.0,29.7,99.0,74.0,29.0,42.0,9.0,1.0,33.0,26,70,79.0,1.0,Burnley,DF,
Ashley Barnes,at AUT,29.0,15.0,6.0,4,1.0,3.0,2.0,2.0,13.0,15.4,11.0,275.0,63.0,22.9,20.0,121.0,134.0,17.0,4.0,0.0,13.0,6,12,14.0,0.0,Burnley,FW,
Josh Brownhill,eng ENG,23.0,8.9,15.0,8,6.0,7.0,2.0,1.0,7.0,14.3,6.0,111.0,31.0,27.9,36.0,54.0,21.0,10.0,3.0,0.0,7.0,13,28,16.0,0.0,Burnley,MF,
Matěj Vydra,cz CZE,27.0,9.1,4.0,2,1.0,2.0,1.0,2.0,6.0,33.3,4.0,184.0,47.0,25.5,15.0,66.0,103.0,12.0,3.0,0.0,9.0,1,5,7.0,0.0,Burnley,FW,
Jóhann Berg Guðmundsson,is ISL,28.0,6.9,7.0,3,2.0,1.0,4.0,2.0,9.0,22.2,7.0,105.0,19.0,18.1,34.0,35.0,36.0,10.0,1.0,0.0,9.0,7,14,8.0,0.0,Burnley,MF,
Kevin Long,ie IRL,28.0,6.3,10.0,8,8.0,2.0,0.0,3.0,8.0,37.5,5.0,54.0,17.0,31.5,35.0,17.0,2.0,15.0,9.0,0.0,6.0,4,14,39.0,0.0,Burnley,DF,
Robbie Brady,ie IRL,27.0,5.0,10.0,5,7.0,3.0,0.0,2.0,9.0,22.2,7.0,126.0,28.0,22.2,46.0,53.0,27.0,14.0,2.0,0.0,12.0,5,15,8.0,0.0,Burnley,MF,
Aaron Lennon,eng ENG,32.0,5.5,15.0,9,7.0,4.0,4.0,9.0,14.0,64.3,5.0,143.0,27.0,18.9,37.0,67.0,39.0,8.0,2.0,0.0,6.0,7,22,6.0,0.0,Burnley,MF,
Danny Drinkwater,eng ENG,29.0,0.6,2.0,2,1.0,1.0,0.0,0.0,1.0,0.0,1.0,23.0,5.0,21.7,10.0,10.0,3.0,1.0,0.0,0.0,1.0,1,3,0.0,0.0,Burnley,MF,
Max Thompson,eng ENG,17.0,0.0,0.0,0,0.0,0.0,0.0,0.0,0.0,0.0,0.0,0.0,0.0,0.0,0.0,0.0,0.0,0.0,0.0,0.0,0.0,0,0,0.0,0.0,Burnley,FW,
César Azpilicueta,es ESP,29.0,35.9,102.0,61,50.0,38.0,14.0,37.0,74.0,50.0,37.0,568.0,186.0,32.7,250.0,221.0,97.0,81.0,20.0,0.0,61.0,66,168,146.0,0.0,Chelsea,DF,
Kepa Arrizabalaga,es ESP,24.0,33.0,0.0,0,0.0,0.0,0.0,0.0,2.0,0.0,2.0,3.0,1.0,33.3,3.0,0.0,0.0,0.0,0.0,0.0,0.0,1,1,1.0,2.0,Chelsea,GK,
Mason Mount,eng ENG,20.0,31.9,48.0,31,14.0,21.0,13.0,13.0,47.0,27.7,34.0,729.0,204.0,28.0,121.0,339.0,269.0,26.0,1.0,0.0,25.0,15,63,16.0,0.0,Chelsea,MF,FW
Willian,br BRA,30.0,28.9,43.0,27,13.0,22.0,8.0,11.0,51.0,21.6,40.0,527.0,150.0,28.5,98.0,261.0,168.0,22.0,1.0,0.0,21.0,20,63,11.0,0.0,Chelsea,FW,
Jorginho,it ITA,27.0,26.4,69.0,44,22.0,35.0,12.0,27.0,85.0,31.8,58.0,556.0,162.0,29.1,187.0,298.0,71.0,41.0,5.0,1.0,36.0,64,133,34.0,0.0,Chelsea,MF,
Kurt Zouma,fr FRA,24.0,26.0,33.0,17,25.0,8.0,0.0,3.0,8.0,37.5,5.0,177.0,55.0,31.1,102.0,72.0,3.0,34.0,16.0,0.0,18.0,55,88,181.0,3.0,Chelsea,DF,
Tammy Abraham,eng ENG,21.0,24.6,14.0,10,4.0,5.0,5.0,4.0,16.0,25.0,12.0,430.0,130.0,30.2,19.0,169.0,242.0,23.0,5.0,0.0,18.0,5,19,26.0,0.0,Chelsea,FW,
Mateo Kovačić,hr CRO,25.0,23.0,80.0,55,31.0,42.0,7.0,30.0,78.0,38.5,48.0,533.0,173.0,32.5,152.0,281.0,100.0,28.0,2.0,0.0,26.0,20,100,17.0,0.0,Chelsea,MF,
Andreas Christensen,dk DEN,23.0,19.5,41.0,20,25.0,13.0,3.0,11.0,24.0,45.8,13.0,156.0,57.0,36.5,90.0,62.0,4.0,22.0,9.0,0.0,13.0,31,72,104.0,0.0,Chelsea,DF,
N'Golo Kanté,fr FRA,28.0,19.2,58.0,43,29.0,22.0,7.0,12.0,33.0,36.4,21.0,438.0,141.0,32.2,153.0,190.0,95.0,43.0,3.0,0.0,40.0,46,104,35.0,0.0,Chelsea,MF,
Christian Pulisic,us USA,20.0,19.1,31.0,19,17.0,10.0,4.0,11.0,35.0,31.4,24.0,380.0,112.0,29.5,91.0,171.0,118.0,23.0,0.0,0.0,23.0,7,38,11.0,0.0,Chelsea,FW,
Antonio Rüdiger,de GER,26.0,19.0,43.0,24,28.0,13.0,2.0,13.0,21.0,61.9,8.0,166.0,64.0,38.6,99.0,64.0,3.0,27.0,8.0,0.0,19.0,13,56,108.0,2.0,Chelsea,DF,
Reece James,eng ENG,19.0,16.8,42.0,23,20.0,17.0,5.0,14.0,31.0,45.2,17.0,271.0,73.0,26.9,124.0,113.0,34.0,46.0,8.0,0.0,38.0,23,65,39.0,0.0,Chelsea,DF,
Marcos Alonso,es ESP,28.0,15.9,27.0,19,17.0,6.0,4.0,5.0,28.0,17.9,23.0,215.0,88.0,40.9,89.0,84.0,42.0,30.0,1.0,0.0,29.0,20,47,48.0,0.0,Chelsea,DF,
Fikayo Tomori,eng ENG,21.0,14.3,30.0,15,19.0,10.0,1.0,7.0,13.0,53.8,6.0,149.0,48.0,32.2,82.0,64.0,3.0,29.0,9.0,0.0,20.0,20,50,93.0,2.0,Chelsea,DF,
Ross Barkley,eng ENG,25.0,12.3,16.0,11,6.0,8.0,2.0,4.0,17.0,23.5,13.0,171.0,50.0,29.2,17.0,96.0,58.0,11.0,3.0,1.0,8.0,8,24,12.0,0.0,Chelsea,MF,
Emerson Palmieri,it ITA,24.0,11.4,22.0,7,9.0,10.0,3.0,6.0,13.0,46.2,7.0,126.0,44.0,34.9,37.0,60.0,29.0,31.0,2.0,0.0,29.0,17,39,22.0,0.0,Chelsea,DF,
Olivier Giroud,fr FRA,32.0,11.0,4.0,3,1.0,3.0,0.0,0.0,10.0,0.0,10.0,203.0,58.0,28.6,10.0,98.0,95.0,20.0,6.0,0.0,14.0,2,6,13.0,0.0,Chelsea,FW,
Pedro,es ESP,32.0,7.3,17.0,10,7.0,7.0,3.0,3.0,18.0,16.7,15.0,152.0,49.0,32.2,34.0,72.0,46.0,7.0,0.0,0.0,7.0,9,26,1.0,0.0,Chelsea,FW,
Callum Hudson-Odoi,eng ENG,18.0,9.6,8.0,5,5.0,2.0,1.0,1.0,10.0,10.0,9.0,121.0,29.0,24.0,22.0,59.0,40.0,18.0,0.0,0.0,18.0,2,10,6.0,0.0,Chelsea,FW,
Willy Caballero,ar ARG,37.0,5.0,0.0,0,0.0,0.0,0.0,0.0,0.0,0.0,0.0,0.0,0.0,0.0,0.0,0.0,0.0,0.0,0.0,0.0,0.0,0,0,1.0,0.0,Chelsea,GK,
Ruben Loftus-Cheek,eng ENG,23.0,2.3,0.0,0,0.0,0.0,0.0,0.0,1.0,0.0,1.0,21.0,10.0,47.6,8.0,4.0,9.0,3.0,1.0,0.0,2.0,1,1,3.0,0.0,Chelsea,MF,FW
Billy Gilmour,sco SCO,18.0,2.2,6.0,4,4.0,2.0,0.0,3.0,6.0,50.0,3.0,36.0,14.0,38.9,15.0,20.0,1.0,6.0,0.0,0.0,6.0,3,9,1.0,0.0,Chelsea,MF,
Michy Batshuayi,be BEL,25.0,2.7,2.0,1,2.0,0.0,0.0,0.0,2.0,0.0,2.0,72.0,17.0,23.6,5.0,34.0,33.0,4.0,2.0,0.0,2.0,0,2,1.0,0.0,Chelsea,FW,
Tariq Lamptey,eng ENG,18.0,0.4,2.0,0,1.0,1.0,0.0,2.0,2.0,100.0,0.0,3.0,3.0,100.0,1.0,1.0,1.0,0.0,0.0,0.0,0.0,0,2,0.0,0.0,Chelsea,DF,
Faustino Anjorin,eng ENG,17.0,0.2,1.0,0,1.0,0.0,0.0,0.0,0.0,0.0,0.0,2.0,1.0,50.0,0.0,2.0,0.0,1.0,0.0,0.0,1.0,0,1,0.0,0.0,Chelsea,FW,
Armando Broja,al ALB,17.0,0.1,0.0,0,0.0,0.0,0.0,0.0,0.0,0.0,0.0,3.0,0.0,0.0,0.0,2.0,1.0,0.0,0.0,0.0,0.0,0,0,0.0,0.0,Chelsea,FW,
Wilfried Zaha,ci CIV,26.0,36.4,45.0,31,16.0,15.0,14.0,10.0,45.0,22.2,35.0,813.0,237.0,29.2,230.0,343.0,240.0,33.0,2.0,0.0,31.0,16,61,4.0,0.0,Crystal Palace,MF,FW
Jordan Ayew,gh GHA,27.0,35.0,54.0,29,16.0,21.0,17.0,15.0,45.0,33.3,30.0,1018.0,219.0,21.5,178.0,515.0,325.0,35.0,6.0,0.0,29.0,13,67,20.0,0.0,Crystal Palace,FW,MF
James McArthur,sco SCO,31.0,34.3,110.0,70,50.0,46.0,14.0,36.0,106.0,34.0,70.0,932.0,263.0,28.2,368.0,438.0,126.0,97.0,24.0,1.0,73.0,61,171,57.0,0.0,Crystal Palace,MF,
Vicente Guaita,es ESP,32.0,35.0,0.0,0,0.0,0.0,0.0,0.0,2.0,0.0,2.0,3.0,1.0,33.3,3.0,0.0,0.0,0.0,0.0,0.0,0.0,0,0,0.0,2.0,Crystal Palace,GK,
Cheikhou Kouyaté,sn SEN,29.0,28.1,70.0,45,45.0,23.0,2.0,23.0,50.0,46.0,27.0,418.0,123.0,29.4,190.0,178.0,50.0,60.0,13.0,0.0,47.0,38,108,79.0,1.0,Crystal Palace,MF,DF
Patrick van Aanholt,nl NED,28.0,27.9,51.0,32,33.0,16.0,2.0,22.0,54.0,40.7,32.0,267.0,74.0,27.7,159.0,71.0,37.0,57.0,13.0,1.0,44.0,46,97,67.0,3.0,Crystal Palace,DF,
Luka Milivojević,rs SRB,28.0,27.9,60.0,37,34.0,24.0,2.0,28.0,76.0,36.8,48.0,519.0,135.0,26.0,249.0,229.0,41.0,47.0,8.0,0.0,39.0,39,99,66.0,1.0,Crystal Palace,MF,
Joel Ward,eng ENG,29.0,26.5,67.0,31,44.0,18.0,5.0,28.0,54.0,51.9,26.0,318.0,84.0,26.4,198.0,87.0,33.0,46.0,4.0,1.0,42.0,52,119,106.0,1.0,Crystal Palace,DF,
Gary Cahill,eng ENG,33.0,24.1,18.0,12,13.0,5.0,0.0,6.0,15.0,40.0,9.0,106.0,35.0,33.0,75.0,23.0,8.0,45.0,24.0,0.0,21.0,18,36,134.0,0.0,Crystal Palace,DF,
James Tomkins,eng ENG,30.0,17.6,30.0,14,23.0,7.0,0.0,12.0,18.0,66.7,6.0,138.0,45.0,32.6,98.0,35.0,5.0,33.0,15.0,0.0,18.0,23,53,138.0,0.0,Crystal Palace,DF,
Martin Kelly,eng ENG,29.0,17.2,24.0,18,18.0,6.0,0.0,12.0,29.0,41.4,17.0,181.0,63.0,34.8,129.0,42.0,10.0,50.0,15.0,0.0,35.0,15,39,102.0,3.0,Crystal Palace,DF,
James McCarthy,ie IRL,28.0,18.7,77.0,42,33.0,37.0,7.0,30.0,69.0,43.5,39.0,419.0,125.0,29.8,163.0,208.0,48.0,35.0,5.0,0.0,30.0,27,104,19.0,1.0,Crystal Palace,MF,
Andros Townsend,eng ENG,28.0,14.4,32.0,20,14.0,13.0,5.0,14.0,36.0,38.9,22.0,290.0,65.0,22.4,104.0,126.0,60.0,28.0,0.0,0.0,28.0,16,48,10.0,0.0,Crystal Palace,MF,
Scott Dann,eng ENG,32.0,14.1,12.0,5,10.0,2.0,0.0,7.0,14.0,50.0,7.0,41.0,16.0,39.0,29.0,12.0,0.0,17.0,6.0,0.0,11.0,14,26,80.0,0.0,Crystal Palace,DF,
Christian Benteke,be BEL,28.0,14.0,9.0,5,0.0,6.0,3.0,1.0,8.0,12.5,7.0,178.0,49.0,27.5,4.0,70.0,104.0,14.0,6.0,0.0,8.0,4,13,25.0,0.0,Crystal Palace,FW,
Jeffrey Schlupp,gh GHA,26.0,11.5,20.0,6,12.0,8.0,0.0,3.0,13.0,23.1,10.0,149.0,36.0,24.2,55.0,71.0,23.0,25.0,3.0,0.0,22.0,13,33,15.0,0.0,Crystal Palace,MF,DF
Mamadou Sakho,fr FRA,29.0,10.3,12.0,7,10.0,1.0,1.0,0.0,5.0,0.0,5.0,53.0,15.0,28.3,34.0,19.0,0.0,15.0,5.0,0.0,10.0,22,34,53.0,1.0,Crystal Palace,DF,
Jaïro Riedewald,nl NED,22.0,8.5,15.0,12,5.0,8.0,2.0,8.0,13.0,61.5,5.0,118.0,40.0,33.9,50.0,52.0,16.0,13.0,2.0,0.0,11.0,15,30,17.0,0.0,Crystal Palace,DF,MF
Max Meyer,de GER,23.0,7.3,17.0,8,9.0,8.0,0.0,4.0,17.0,23.5,13.0,144.0,39.0,27.1,64.0,63.0,17.0,13.0,1.0,0.0,12.0,9,26,3.0,0.0,Crystal Palace,MF,FW
Wayne Hennessey,wal WAL,32.0,3.0,0.0,0,0.0,0.0,0.0,0.0,0.0,0.0,0.0,0.0,0.0,0.0,0.0,0.0,0.0,0.0,0.0,0.0,0.0,1,1,0.0,0.0,Crystal Palace,GK,
Tyrick Mitchell,eng ENG,19.0,2.2,6.0,2,4.0,0.0,2.0,1.0,9.0,11.1,8.0,48.0,13.0,27.1,24.0,15.0,9.0,6.0,0.0,0.0,6.0,3,9,1.0,0.0,Crystal Palace,DF,
Cenk Tosun,tr TUR,28.0,2.0,2.0,2,2.0,0.0,0.0,0.0,0.0,0.0,0.0,70.0,11.0,15.7,16.0,41.0,13.0,3.0,0.0,0.0,3.0,0,2,1.0,0.0,Crystal Palace,FW,
Connor Wickham,eng ENG,26.0,1.1,2.0,2,1.0,1.0,0.0,0.0,0.0,0.0,0.0,28.0,10.0,35.7,3.0,13.0,12.0,3.0,1.0,0.0,2.0,0,2,1.0,0.0,Crystal Palace,FW,MF
Brandon Pierrick,eng ENG,17.0,0.2,0.0,0,0.0,0.0,0.0,0.0,0.0,0.0,0.0,0.0,0.0,0.0,0.0,0.0,0.0,0.0,0.0,0.0,0.0,1,0,0.0,0.0,Crystal Palace,MF,
Víctor Camarasa,es ESP,25.0,0.1,0.0,0,0.0,0.0,0.0,0.0,0.0,0.0,0.0,0.0,0.0,0.0,0.0,0.0,0.0,0.0,0.0,0.0,0.0,0,0,0.0,0.0,Crystal Palace,MF,
Jordan Pickford,eng ENG,25.0,38.0,0.0,0,0.0,0.0,0.0,0.0,5.0,0.0,5.0,8.0,3.0,37.5,8.0,0.0,0.0,0.0,0.0,0.0,0.0,1,1,1.0,1.0,Everton,GK,
Richarlison,br BRA,22.0,34.1,68.0,45,26.0,28.0,14.0,19.0,57.0,33.3,38.0,709.0,188.0,26.5,120.0,332.0,257.0,34.0,5.0,0.0,29.0,12,80,48.0,0.0,Everton,FW,
Lucas Digne,fr FRA,26.0,33.7,87.0,39,58.0,22.0,7.0,30.0,67.0,44.8,37.0,496.0,133.0,26.8,249.0,156.0,91.0,69.0,10.0,0.0,59.0,46,133,145.0,1.0,Everton,DF,
Dominic Calvert-Lewin,eng ENG,22.0,29.2,15.0,11,1.0,9.0,5.0,3.0,18.0,16.7,15.0,471.0,130.0,27.6,11.0,191.0,269.0,22.0,5.0,0.0,17.0,6,21,34.0,0.0,Everton,FW,
Gylfi Sigurðsson,is ISL,29.0,28.4,60.0,45,15.0,31.0,14.0,24.0,88.0,27.3,64.0,652.0,165.0,25.3,158.0,348.0,146.0,49.0,5.0,0.0,44.0,36,96,16.0,1.0,Everton,MF,
Michael Keane,eng ENG,26.0,28.4,41.0,26,26.0,14.0,1.0,15.0,27.0,55.6,12.0,189.0,65.0,34.4,124.0,60.0,5.0,52.0,27.0,0.0,25.0,46,87,208.0,1.0,Everton,DF,
Yerry Mina,co COL,24.0,25.4,43.0,20,30.0,11.0,2.0,15.0,27.0,55.6,12.0,229.0,66.0,28.8,155.0,60.0,14.0,37.0,18.0,0.0,19.0,29,72,178.0,1.0,Everton,DF,
Mason Holgate,eng ENG,22.0,22.8,50.0,28,34.0,15.0,1.0,21.0,37.0,56.8,16.0,242.0,77.0,31.8,146.0,83.0,13.0,32.0,16.0,1.0,16.0,32,82,145.0,1.0,Everton,DF,
Tom Davies,eng ENG,21.0,22.5,36.0,18,13.0,16.0,7.0,8.0,51.0,15.7,43.0,427.0,99.0,23.2,158.0,211.0,58.0,34.0,4.0,0.0,30.0,34,70,35.0,1.0,Everton,MF,
Séamus Coleman,ie IRL,30.0,20.4,50.0,31,30.0,17.0,3.0,21.0,35.0,60.0,14.0,216.0,78.0,36.1,113.0,81.0,22.0,43.0,10.0,0.0,33.0,24,74,56.0,1.0,Everton,DF,
Alex Iwobi,ng NGA,23.0,17.7,27.0,14,11.0,14.0,2.0,10.0,33.0,30.3,23.0,369.0,96.0,26.0,99.0,181.0,89.0,20.0,3.0,0.0,17.0,13,40,13.0,1.0,Everton,MF,FW
Djibril Sidibé,fr FRA,27.0,20.3,84.0,40,48.0,21.0,15.0,34.0,72.0,47.2,38.0,392.0,114.0,29.1,200.0,130.0,62.0,37.0,3.0,0.0,34.0,41,125,50.0,0.0,Everton,DF,
André Gomes,pt POR,26.0,16.2,32.0,24,13.0,14.0,5.0,7.0,63.0,11.1,56.0,367.0,93.0,25.3,126.0,195.0,46.0,28.0,3.0,0.0,25.0,7,39,10.0,0.0,Everton,MF,
Theo Walcott,eng ENG,30.0,14.3,17.0,8,10.0,5.0,2.0,5.0,14.0,35.7,9.0,190.0,46.0,24.2,53.0,85.0,52.0,18.0,1.0,0.0,17.0,8,25,5.0,0.0,Everton,MF,FW
Bernard,br BRA,26.0,14.2,25.0,14,9.0,10.0,6.0,6.0,39.0,15.4,33.0,271.0,69.0,25.5,64.0,143.0,64.0,30.0,2.0,0.0,28.0,16,41,8.0,0.0,Everton,MF,FW
Fabian Delph,eng ENG,29.0,13.2,29.0,11,11.0,11.0,7.0,11.0,32.0,34.4,21.0,189.0,55.0,29.1,76.0,87.0,26.0,22.0,6.0,0.0,16.0,16,45,19.0,1.0,Everton,MF,
Morgan Schneiderlin,fr FRA,29.0,11.1,32.0,19,14.0,16.0,2.0,9.0,34.0,26.5,25.0,230.0,58.0,25.2,89.0,122.0,19.0,22.0,3.0,0.0,19.0,21,53,24.0,0.0,Everton,MF,
Moise Kean,it ITA,19.0,9.5,7.0,6,2.0,2.0,3.0,0.0,3.0,0.0,3.0,119.0,36.0,30.3,12.0,50.0,57.0,4.0,1.0,0.0,3.0,6,13,3.0,0.0,Everton,FW,
Anthony Gordon,eng ENG,18.0,4.9,8.0,6,4.0,4.0,0.0,1.0,14.0,7.1,13.0,120.0,25.0,20.8,39.0,61.0,20.0,12.0,2.0,0.0,10.0,8,16,3.0,0.0,Everton,MF,FW
Leighton Baines,eng ENG,34.0,4.5,10.0,6,7.0,2.0,1.0,2.0,7.0,28.6,5.0,51.0,14.0,27.5,28.0,10.0,13.0,11.0,2.0,0.0,9.0,5,15,12.0,0.0,Everton,DF,
Jarrad Branthwaite,eng ENG,17.0,3.3,7.0,7,5.0,2.0,0.0,1.0,4.0,25.0,3.0,33.0,16.0,48.5,21.0,11.0,1.0,5.0,3.0,0.0,2.0,1,8,17.0,0.0,Everton,DF,
Cenk Tosun,tr TUR,28.0,3.2,2.0,0,0.0,0.0,2.0,0.0,2.0,0.0,2.0,54.0,16.0,29.6,1.0,21.0,32.0,2.0,1.0,0.0,1.0,0,2,1.0,0.0,Everton,FW,
Jean-Philippe Gbamin,ci CIV,23.0,1.5,5.0,4,2.0,1.0,2.0,1.0,4.0,25.0,3.0,29.0,13.0,44.8,13.0,11.0,5.0,2.0,0.0,0.0,2.0,1,6,6.0,0.0,Everton,MF,
Oumar Niasse,sn SEN,29.0,0.2,4.0,1,0.0,2.0,2.0,2.0,2.0,100.0,0.0,9.0,1.0,11.1,1.0,5.0,3.0,2.0,0.0,0.0,2.0,1,5,0.0,0.0,Everton,FW,
Kasper Schmeichel,dk DEN,32.0,38.0,0.0,0,0.0,0.0,0.0,0.0,1.0,0.0,1.0,5.0,2.0,40.0,5.0,0.0,0.0,0.0,0.0,0.0,0.0,0,0,0.0,1.0,Leicester City,GK,
Jonny Evans,nir NIR,31.0,37.6,48.0,31,31.0,16.0,1.0,27.0,42.0,64.3,15.0,278.0,111.0,39.9,178.0,80.0,20.0,53.0,21.0,0.0,32.0,58,106,271.0,4.0,Leicester City,DF,
Çağlar Söyüncü,tr TUR,23.0,33.7,73.0,47,49.0,23.0,1.0,29.0,55.0,52.7,26.0,298.0,119.0,39.9,188.0,102.0,8.0,49.0,19.0,2.0,30.0,43,116,222.0,1.0,Leicester City,DF,
Jamie Vardy,eng ENG,32.0,33.7,17.0,11,1.0,10.0,6.0,1.0,6.0,16.7,5.0,497.0,146.0,29.4,5.0,183.0,309.0,29.0,5.0,0.0,24.0,2,19,23.0,0.0,Leicester City,FW,
Youri Tielemans,be BEL,22.0,31.4,57.0,40,18.0,28.0,11.0,15.0,71.0,21.1,56.0,608.0,168.0,27.6,155.0,327.0,126.0,51.0,6.0,0.0,45.0,29,86,24.0,0.0,Leicester City,MF,
Wilfred Ndidi,ng NGA,22.0,29.7,125.0,76,61.0,52.0,12.0,37.0,105.0,35.2,68.0,744.0,243.0,32.7,275.0,396.0,73.0,71.0,5.0,0.0,66.0,84,209,82.0,1.0,Leicester City,MF,
James Maddison,eng ENG,22.0,29.2,56.0,39,19.0,23.0,14.0,22.0,69.0,31.9,47.0,627.0,199.0,31.7,160.0,338.0,129.0,21.0,1.0,0.0,20.0,10,66,8.0,1.0,Leicester City,MF,
Ricardo Pereira,pt POR,25.0,28.0,122.0,68,71.0,35.0,16.0,56.0,121.0,46.3,65.0,563.0,176.0,31.3,272.0,189.0,102.0,59.0,8.0,0.0,51.0,43,165,97.0,2.0,Leicester City,DF,
Ben Chilwell,eng ENG,22.0,26.4,51.0,26,33.0,14.0,4.0,19.0,59.0,32.2,40.0,414.0,116.0,28.0,193.0,159.0,62.0,58.0,9.0,0.0,49.0,28,79,88.0,0.0,Leicester City,DF,
Ayoze Pérez,es ESP,26.0,22.3,51.0,34,15.0,26.0,10.0,14.0,58.0,24.1,44.0,575.0,174.0,30.3,106.0,293.0,176.0,32.0,2.0,0.0,30.0,13,64,12.0,0.0,Leicester City,MF,FW
Harvey Barnes,eng ENG,21.0,23.1,22.0,12,10.0,9.0,3.0,7.0,26.0,26.9,19.0,328.0,86.0,26.2,69.0,153.0,106.0,23.0,4.0,0.0,19.0,5,27,7.0,1.0,Leicester City,MF,FW
Dennis Praet,be BEL,25.0,12.6,30.0,18,7.0,19.0,4.0,10.0,31.0,32.3,21.0,304.0,76.0,25.0,93.0,162.0,49.0,26.0,2.0,0.0,24.0,15,45,13.0,1.0,Leicester City,MF,
Kelechi Iheanacho,ng NGA,22.0,10.7,6.0,5,0.0,4.0,2.0,3.0,10.0,30.0,7.0,193.0,56.0,29.0,21.0,89.0,83.0,9.0,1.0,0.0,8.0,4,10,5.0,0.0,Leicester City,FW,
James Justin,eng ENG,21.0,11.2,35.0,19,21.0,13.0,1.0,13.0,23.0,56.5,10.0,158.0,57.0,36.1,75.0,59.0,24.0,25.0,7.0,0.0,18.0,9,44,30.0,0.0,Leicester City,DF,
Hamza Choudhury,eng ENG,21.0,9.9,20.0,13,8.0,10.0,2.0,5.0,28.0,17.9,23.0,192.0,62.0,32.3,80.0,88.0,24.0,20.0,7.0,0.0,13.0,27,47,18.0,0.0,Leicester City,MF,
Marc Albrighton,eng ENG,29.0,9.6,23.0,11,11.0,11.0,1.0,7.0,29.0,24.1,22.0,192.0,66.0,34.4,46.0,95.0,51.0,18.0,1.0,0.0,17.0,8,31,6.0,0.0,Leicester City,MF,DF
Christian Fuchs,at AUT,33.0,8.6,15.0,9,8.0,7.0,0.0,8.0,23.0,34.8,15.0,144.0,45.0,31.3,88.0,51.0,5.0,29.0,3.0,0.0,26.0,16,31,39.0,1.0,Leicester City,DF,
Wes Morgan,jm JAM,35.0,4.8,5.0,4,3.0,2.0,0.0,1.0,3.0,33.3,2.0,30.0,16.0,53.3,16.0,13.0,1.0,6.0,4.0,0.0,2.0,7,12,30.0,0.0,Leicester City,DF,
Nampalys Mendy,fr FRA,27.0,3.2,7.0,4,4.0,2.0,1.0,1.0,2.0,50.0,1.0,42.0,14.0,33.3,22.0,18.0,2.0,5.0,1.0,0.0,4.0,6,13,7.0,0.0,Leicester City,MF,
Demarai Gray,eng ENG,23.0,6.9,8.0,5,6.0,1.0,1.0,3.0,14.0,21.4,11.0,129.0,39.0,30.2,32.0,63.0,34.0,10.0,0.0,0.0,10.0,5,13,2.0,0.0,Leicester City,MF,FW
Ryan Bennett,eng ENG,29.0,3.7,5.0,2,2.0,3.0,0.0,4.0,6.0,66.7,2.0,35.0,7.0,20.0,14.0,19.0,2.0,3.0,1.0,0.0,2.0,7,12,15.0,0.0,Leicester City,DF,
Luke Thomas,eng ENG,,3.0,4.0,3,2.0,2.0,0.0,1.0,4.0,25.0,3.0,36.0,8.0,22.2,13.0,17.0,6.0,3.0,0.0,0.0,3.0,4,8,10.0,0.0,Leicester City,DF,
George Hirst,eng ENG,20.0,0.1,0.0,0,0.0,0.0,0.0,0.0,0.0,0.0,0.0,3.0,0.0,0.0,0.0,2.0,1.0,0.0,0.0,0.0,0.0,0,0,0.0,0.0,Leicester City,FW,
Matty James,eng ENG,28.0,0.1,0.0,0,0.0,0.0,0.0,0.0,0.0,0.0,0.0,2.0,2.0,100.0,0.0,1.0,1.0,0.0,0.0,0.0,0.0,0,0,0.0,0.0,Leicester City,MF,
Virgil van Dijk,nl NED,28.0,38.0,30.0,20,20.0,9.0,1.0,6.0,15.0,40.0,9.0,133.0,46.0,34.6,84.0,37.0,12.0,32.0,16.0,1.0,16.0,35,65,259.0,2.0,Liverpool,DF,
Trent Alexander-Arnold,eng ENG,20.0,35.3,58.0,25,37.0,15.0,6.0,34.0,85.0,40.0,51.0,409.0,131.0,32.0,193.0,123.0,93.0,53.0,9.0,0.0,44.0,46,104,98.0,2.0,Liverpool,DF,
Georginio Wijnaldum,nl NED,28.0,32.6,37.0,29,13.0,17.0,7.0,5.0,34.0,14.7,29.0,489.0,160.0,32.7,126.0,255.0,108.0,35.0,4.0,0.0,31.0,18,55,34.0,1.0,Liverpool,MF,
Andrew Robertson,sco SCO,25.0,34.6,60.0,32,19.0,25.0,16.0,31.0,69.0,44.9,38.0,390.0,134.0,34.4,136.0,144.0,110.0,59.0,7.0,0.0,52.0,38,98,82.0,0.0,Liverpool,DF,
Roberto Firmino,br BRA,27.0,33.2,37.0,26,7.0,17.0,13.0,10.0,34.0,29.4,24.0,694.0,216.0,31.1,57.0,307.0,330.0,47.0,5.0,0.0,42.0,8,45,16.0,0.0,Liverpool,FW,
Mohamed Salah,eg EGY,27.0,32.0,21.0,13,3.0,5.0,13.0,4.0,27.0,14.8,23.0,552.0,180.0,32.6,48.0,161.0,343.0,13.0,3.0,0.0,10.0,8,29,2.0,0.0,Liverpool,FW,
Sadio Mané,sn SEN,27.0,30.5,50.0,35,13.0,23.0,14.0,15.0,46.0,32.6,31.0,504.0,153.0,30.4,106.0,167.0,231.0,30.0,1.0,0.0,29.0,14,64,5.0,0.0,Liverpool,FW,
Alisson,br BRA,26.0,28.3,0.0,0,0.0,0.0,0.0,0.0,3.0,0.0,3.0,5.0,1.0,20.0,5.0,0.0,0.0,0.0,0.0,0.0,0.0,1,1,2.0,1.0,Liverpool,GK,
Jordan Henderson,eng ENG,29.0,24.9,65.0,36,22.0,31.0,12.0,23.0,63.0,36.5,40.0,532.0,169.0,31.8,134.0,287.0,111.0,37.0,5.0,0.0,32.0,29,94,27.0,0.0,Liverpool,MF,
Fabinho,br BRA,25.0,23.1,77.0,53,27.0,37.0,13.0,26.0,65.0,40.0,39.0,428.0,139.0,32.5,149.0,219.0,60.0,36.0,2.0,0.0,34.0,35,112,34.0,0.0,Liverpool,MF,
Joe Gomez,eng ENG,22.0,22.3,26.0,15,17.0,9.0,0.0,10.0,22.0,45.5,12.0,151.0,60.0,39.7,92.0,55.0,4.0,25.0,8.0,0.0,17.0,41,67,90.0,1.0,Liverpool,DF,
Alex Oxlade-Chamberlain,eng ENG,25.0,16.5,23.0,14,4.0,12.0,7.0,5.0,25.0,20.0,20.0,374.0,111.0,29.7,79.0,171.0,124.0,27.0,2.0,0.0,25.0,22,45,7.0,0.0,Liverpool,MF,FW
James Milner,eng ENG,33.0,10.4,17.0,10,3.0,12.0,2.0,4.0,22.0,18.2,18.0,169.0,41.0,24.3,50.0,93.0,26.0,15.0,3.0,1.0,12.0,8,25,25.0,0.0,Liverpool,MF,DF
Adrián,es ESP,32.0,9.7,0.0,0,0.0,0.0,0.0,0.0,1.0,0.0,1.0,2.0,0.0,0.0,2.0,0.0,0.0,0.0,0.0,0.0,0.0,0,0,0.0,2.0,Liverpool,GK,
Naby Keïta,gn GUI,24.0,9.1,27.0,20,8.0,13.0,6.0,9.0,25.0,36.0,16.0,213.0,78.0,36.6,41.0,99.0,73.0,19.0,0.0,0.0,19.0,11,38,4.0,0.0,Liverpool,MF,
Dejan Lovren,hr CRO,30.0,8.6,16.0,9,12.0,4.0,0.0,7.0,13.0,53.8,6.0,80.0,22.0,27.5,56.0,22.0,2.0,13.0,6.0,0.0,7.0,11,27,81.0,1.0,Liverpool,DF,
Joël Matip,cm CMR,27.0,7.8,13.0,9,5.0,6.0,2.0,5.0,12.0,41.7,7.0,64.0,27.0,42.2,35.0,27.0,2.0,7.0,3.0,0.0,4.0,13,26,76.0,0.0,Liverpool,DF,
Divock Origi,be BEL,24.0,8.0,15.0,10,2.0,7.0,6.0,4.0,7.0,57.1,3.0,152.0,53.0,34.9,15.0,61.0,76.0,6.0,0.0,0.0,6.0,4,19,7.0,0.0,Liverpool,FW,
Adam Lallana,eng ENG,31.0,4.2,20.0,12,9.0,9.0,2.0,9.0,27.0,33.3,18.0,132.0,41.0,31.1,45.0,54.0,33.0,13.0,0.0,0.0,13.0,4,24,3.0,0.0,Liverpool,MF,FW
Neco Williams,wal WAL,18.0,2.6,6.0,2,1.0,3.0,2.0,3.0,4.0,75.0,1.0,36.0,12.0,33.3,11.0,15.0,10.0,7.0,1.0,0.0,6.0,8,14,8.0,0.0,Liverpool,DF,
Takumi Minamino,jp JPN,24.0,2.8,4.0,3,1.0,3.0,0.0,1.0,7.0,14.3,6.0,63.0,20.0,31.7,11.0,27.0,25.0,3.0,0.0,0.0,3.0,0,4,2.0,0.0,Liverpool,FW,MF
Xherdan Shaqiri,ch SUI,27.0,2.1,1.0,0,0.0,1.0,0.0,0.0,0.0,0.0,0.0,39.0,12.0,30.8,11.0,13.0,15.0,1.0,0.0,0.0,1.0,0,1,0.0,0.0,Liverpool,FW,
Curtis Jones,eng ENG,18.0,1.4,3.0,2,0.0,1.0,2.0,2.0,3.0,66.7,1.0,27.0,7.0,25.9,5.0,8.0,14.0,3.0,0.0,0.0,3.0,2,5,1.0,0.0,Liverpool,MF,
Harvey Elliot,eng ENG,16.0,0.1,0.0,0,0.0,0.0,0.0,0.0,0.0,0.0,0.0,0.0,0.0,0.0,0.0,0.0,0.0,0.0,0.0,0.0,0.0,0,0,0.0,0.0,Liverpool,DF,
Ederson,br BRA,25.0,34.1,1.0,1,1.0,0.0,0.0,1.0,2.0,50.0,1.0,7.0,2.0,28.6,7.0,0.0,0.0,0.0,0.0,0.0,0.0,2,3,2.0,4.0,Manchester City,GK,
Kevin De Bruyne,be BEL,28.0,31.0,44.0,28,11.0,18.0,15.0,11.0,58.0,19.0,47.0,554.0,177.0,31.9,83.0,230.0,241.0,31.0,2.0,0.0,29.0,19,63,19.0,1.0,Manchester City,MF,
Raheem Sterling,eng ENG,24.0,29.5,41.0,29,8.0,19.0,14.0,10.0,33.0,30.3,23.0,412.0,132.0,32.0,67.0,177.0,168.0,25.0,3.0,0.0,22.0,14,55,8.0,0.0,Manchester City,FW,
Rodri,es ESP,23.0,27.6,64.0,44,23.0,33.0,8.0,28.0,68.0,41.2,40.0,462.0,137.0,29.7,142.0,254.0,66.0,28.0,6.0,0.0,22.0,28,92,61.0,0.0,Manchester City,MF,
Kyle Walker,eng ENG,29.0,26.6,33.0,23,14.0,17.0,2.0,19.0,33.0,57.6,14.0,256.0,101.0,39.5,93.0,119.0,44.0,31.0,6.0,1.0,25.0,29,62,64.0,0.0,Manchester City,DF,
Fernandinho,br BRA,34.0,26.6,44.0,25,29.0,15.0,0.0,18.0,47.0,38.3,29.0,217.0,89.0,41.0,106.0,90.0,21.0,40.0,17.0,1.0,23.0,25,69,106.0,1.0,Manchester City,DF,
Bernardo Silva,pt POR,24.0,22.6,39.0,26,15.0,14.0,10.0,15.0,49.0,30.6,34.0,408.0,124.0,30.4,63.0,179.0,166.0,36.0,1.0,0.0,35.0,26,65,11.0,0.0,Manchester City,FW,MF
David Silva,es ESP,33.0,20.3,26.0,16,3.0,14.0,9.0,10.0,25.0,40.0,15.0,302.0,96.0,31.8,32.0,150.0,120.0,21.0,4.0,0.0,17.0,12,38,7.0,1.0,Manchester City,MF,
Gabriel Jesus,br BRA,22.0,22.6,25.0,19,4.0,9.0,12.0,5.0,25.0,20.0,20.0,419.0,127.0,30.3,25.0,154.0,240.0,31.0,4.0,0.0,27.0,14,39,7.0,0.0,Manchester City,FW,
İlkay Gündoğan,de GER,28.0,22.4,28.0,19,6.0,15.0,7.0,10.0,47.0,21.3,37.0,255.0,73.0,28.6,65.0,135.0,55.0,25.0,5.0,0.0,20.0,30,58,21.0,0.0,Manchester City,MF,
Riyad Mahrez,dz ALG,28.0,21.6,32.0,21,9.0,13.0,10.0,13.0,48.0,27.1,35.0,394.0,111.0,28.2,72.0,154.0,168.0,38.0,1.0,0.0,37.0,19,51,7.0,0.0,Manchester City,FW,
Nicolás Otamendi,ar ARG,31.0,19.1,22.0,12,19.0,2.0,1.0,13.0,31.0,41.9,18.0,109.0,36.0,33.0,65.0,38.0,6.0,28.0,11.0,1.0,17.0,19,41,89.0,2.0,Manchester City,DF,
Benjamin Mendy,fr FRA,25.0,16.6,22.0,17,9.0,8.0,5.0,10.0,29.0,34.5,19.0,142.0,41.0,28.9,59.0,52.0,31.0,21.0,2.0,0.0,19.0,17,39,43.0,3.0,Manchester City,DF,
Sergio Agüero,ar ARG,31.0,16.1,7.0,5,0.0,4.0,3.0,1.0,6.0,16.7,5.0,222.0,56.0,25.2,13.0,74.0,135.0,15.0,2.0,0.0,13.0,3,10,3.0,0.0,Manchester City,FW,
Aymeric Laporte,fr FRA,25.0,12.2,12.0,8,8.0,4.0,0.0,7.0,13.0,53.8,6.0,62.0,26.0,41.9,32.0,27.0,3.0,6.0,5.0,0.0,1.0,19,31,39.0,2.0,Manchester City,DF,
Oleksandr Zinchenko,ua UKR,22.0,14.2,28.0,16,15.0,11.0,2.0,17.0,39.0,43.6,22.0,139.0,45.0,32.4,45.0,57.0,37.0,20.0,0.0,0.0,20.0,15,43,36.0,1.0,Manchester City,DF,
João Cancelo,pt POR,25.0,13.4,44.0,26,23.0,13.0,8.0,18.0,44.0,40.9,26.0,174.0,59.0,33.9,67.0,71.0,36.0,12.0,2.0,0.0,10.0,22,66,27.0,1.0,Manchester City,DF,
John Stones,eng ENG,25.0,12.5,19.0,12,10.0,7.0,2.0,4.0,8.0,50.0,4.0,90.0,39.0,43.3,47.0,38.0,5.0,15.0,3.0,0.0,12.0,8,27,38.0,1.0,Manchester City,DF,
Phil Foden,eng ENG,19.0,10.0,16.0,9,5.0,8.0,3.0,7.0,17.0,41.2,10.0,253.0,74.0,29.2,43.0,105.0,105.0,9.0,0.0,0.0,9.0,7,23,3.0,0.0,Manchester City,FW,MF
Eric García,es ESP,18.0,8.8,12.0,4,8.0,3.0,1.0,6.0,11.0,54.5,5.0,74.0,20.0,27.0,44.0,25.0,5.0,8.0,0.0,0.0,8.0,18,30,46.0,1.0,Manchester City,DF,
Angeliño,es ESP,22.0,4.7,8.0,5,4.0,3.0,1.0,5.0,6.0,83.3,1.0,47.0,18.0,38.3,14.0,25.0,8.0,4.0,0.0,0.0,4.0,9,17,18.0,0.0,Manchester City,DF,
Claudio Bravo,cl CHI,36.0,3.9,0.0,0,0.0,0.0,0.0,0.0,0.0,0.0,0.0,0.0,0.0,0.0,0.0,0.0,0.0,0.0,0.0,0.0,0.0,0,0,0.0,1.0,Manchester City,GK,
Thomas Doyle,eng ENG,17.0,0.2,0.0,0,0.0,0.0,0.0,0.0,0.0,0.0,0.0,5.0,1.0,20.0,1.0,3.0,1.0,0.0,0.0,0.0,0.0,0,0,0.0,0.0,Manchester City,MF,FW
Leroy Sané,de GER,23.0,0.1,0.0,0,0.0,0.0,0.0,0.0,0.0,0.0,0.0,0.0,0.0,0.0,0.0,0.0,0.0,0.0,0.0,0.0,0.0,0,0,0.0,0.0,Manchester City,FW,
David de Gea,es ESP,28.0,38.0,0.0,0,0.0,0.0,0.0,0.0,0.0,0.0,0.0,1.0,0.0,0.0,1.0,0.0,0.0,0.0,0.0,0.0,0.0,0,0,1.0,2.0,Manchester Utd,GK,
Harry Maguire,eng ENG,26.0,38.0,44.0,27,25.0,18.0,1.0,14.0,36.0,38.9,22.0,240.0,90.0,37.5,155.0,77.0,8.0,45.0,25.0,0.0,20.0,75,119,246.0,1.0,Manchester Utd,DF,
Victor Lindelöf,se SWE,25.0,34.4,30.0,16,21.0,8.0,1.0,12.0,17.0,70.6,5.0,221.0,64.0,29.0,117.0,98.0,6.0,50.0,21.0,0.0,29.0,26,56,170.0,0.0,Manchester Utd,DF,
Aaron Wan-Bissaka,eng ENG,21.0,34.1,138.0,65,82.0,48.0,8.0,45.0,73.0,61.6,28.0,611.0,176.0,28.8,304.0,228.0,79.0,101.0,14.0,0.0,87.0,65,203,108.0,0.0,Manchester Utd,DF,
Marcus Rashford,eng ENG,21.0,29.4,12.0,6,1.0,7.0,4.0,7.0,28.0,25.0,21.0,378.0,102.0,27.0,32.0,175.0,171.0,26.0,0.0,0.0,26.0,9,21,20.0,0.0,Manchester Utd,FW,
Anthony Martial,fr FRA,23.0,29.2,15.0,12,1.0,4.0,10.0,1.0,13.0,7.7,12.0,379.0,108.0,28.5,23.0,128.0,228.0,19.0,1.0,0.0,18.0,4,19,16.0,0.0,Manchester Utd,FW,
Daniel James,wal WAL,21.0,25.4,25.0,15,6.0,12.0,7.0,6.0,45.0,13.3,39.0,569.0,143.0,25.1,124.0,263.0,182.0,37.0,4.0,0.0,33.0,8,33,10.0,0.0,Manchester Utd,FW,
Fred,br BRA,26.0,24.0,79.0,51,41.0,33.0,5.0,29.0,98.0,29.6,69.0,707.0,194.0,27.4,289.0,328.0,90.0,64.0,8.0,0.0,56.0,38,117,26.0,0.0,Manchester Utd,MF,
Scott McTominay,sco SCO,22.0,19.7,50.0,31,20.0,26.0,4.0,17.0,38.0,44.7,21.0,262.0,84.0,32.1,94.0,138.0,30.0,39.0,6.0,0.0,33.0,33,83,52.0,0.0,Manchester Utd,MF,
Luke Shaw,eng ENG,24.0,19.3,34.0,24,18.0,10.0,6.0,15.0,35.0,42.9,20.0,274.0,78.0,28.5,120.0,118.0,36.0,53.0,7.0,0.0,46.0,22,56,58.0,0.0,Manchester Utd,DF,
Nemanja Matić,rs SRB,30.0,17.6,41.0,21,18.0,22.0,1.0,9.0,33.0,27.3,24.0,276.0,79.0,28.6,103.0,151.0,22.0,33.0,9.0,0.0,24.0,23,64,35.0,1.0,Manchester Utd,MF,
Andreas Pereira,br BRA,23.0,16.5,22.0,12,5.0,11.0,6.0,10.0,42.0,23.8,32.0,429.0,114.0,26.6,79.0,235.0,115.0,24.0,0.0,0.0,24.0,6,28,6.0,0.0,Manchester Utd,MF,FW
Bruno Fernandes,pt POR,24.0,13.2,19.0,14,7.0,8.0,4.0,5.0,34.0,14.7,29.0,260.0,65.0,25.0,59.0,124.0,77.0,14.0,0.0,0.0,14.0,9,28,12.0,0.0,Manchester Utd,MF,
Paul Pogba,fr FRA,26.0,13.4,25.0,16,11.0,10.0,4.0,8.0,19.0,42.1,11.0,165.0,58.0,35.2,61.0,71.0,33.0,20.0,7.0,0.0,13.0,5,30,13.0,1.0,Manchester Utd,MF,
Mason Greenwood,eng ENG,17.0,14.7,19.0,13,6.0,6.0,7.0,7.0,21.0,33.3,14.0,190.0,61.0,32.1,50.0,75.0,65.0,15.0,0.0,0.0,15.0,8,27,4.0,0.0,Manchester Utd,FW,
Brandon Williams,eng ENG,18.0,11.2,19.0,5,12.0,5.0,2.0,8.0,28.0,28.6,20.0,166.0,40.0,24.1,74.0,63.0,29.0,36.0,6.0,0.0,30.0,11,30,23.0,0.0,Manchester Utd,DF,
Ashley Young,eng ENG,34.0,10.6,10.0,4,4.0,3.0,3.0,2.0,21.0,9.5,19.0,119.0,35.0,29.4,47.0,57.0,15.0,24.0,2.0,0.0,22.0,10,20,30.0,0.0,Manchester Utd,DF,
Jesse Lingard,eng ENG,26.0,10.4,13.0,9,5.0,2.0,6.0,4.0,15.0,26.7,11.0,336.0,80.0,23.8,62.0,173.0,101.0,9.0,1.0,0.0,8.0,2,15,1.0,0.0,Manchester Utd,MF,FW
Juan Mata,es ESP,31.0,8.4,8.0,7,2.0,4.0,2.0,2.0,13.0,15.4,11.0,118.0,35.0,29.7,18.0,54.0,46.0,7.0,1.0,0.0,6.0,0,8,1.0,0.0,Manchester Utd,MF,FW
Axel Tuanzebe,eng ENG,21.0,2.1,3.0,3,0.0,3.0,0.0,0.0,1.0,0.0,1.0,30.0,8.0,26.7,12.0,14.0,4.0,7.0,0.0,0.0,7.0,5,8,6.0,1.0,Manchester Utd,DF,
Timothy Fosu-Mensah,nl NED,21.0,1.5,1.0,1,1.0,0.0,0.0,1.0,4.0,25.0,3.0,19.0,5.0,26.3,9.0,9.0,1.0,0.0,0.0,0.0,0.0,5,6,2.0,0.0,Manchester Utd,DF,
Phil Jones,eng ENG,27.0,1.5,4.0,2,2.0,2.0,0.0,2.0,2.0,100.0,0.0,18.0,9.0,50.0,12.0,5.0,1.0,1.0,0.0,0.0,1.0,4,8,19.0,1.0,Manchester Utd,DF,
Eric Bailly,ci CIV,25.0,1.7,0.0,0,0.0,0.0,0.0,0.0,1.0,0.0,1.0,17.0,4.0,23.5,10.0,7.0,0.0,3.0,3.0,0.0,0.0,3,3,7.0,0.0,Manchester Utd,DF,
Marcos Rojo,ar ARG,29.0,1.4,2.0,1,1.0,1.0,0.0,0.0,3.0,0.0,3.0,16.0,4.0,25.0,6.0,9.0,1.0,1.0,1.0,0.0,0.0,0,2,9.0,0.0,Manchester Utd,DF,
Diogo Dalot,pt POR,20.0,0.7,3.0,2,3.0,0.0,0.0,2.0,4.0,50.0,2.0,8.0,4.0,50.0,3.0,2.0,3.0,1.0,0.0,0.0,1.0,2,5,4.0,0.0,Manchester Utd,DF,
Odion Ighalo,ng NGA,30.0,1.1,2.0,2,0.0,2.0,0.0,1.0,2.0,50.0,1.0,23.0,5.0,21.7,4.0,6.0,13.0,2.0,1.0,0.0,1.0,0,2,0.0,0.0,Manchester Utd,FW,
Tahith Chong,nl NED,19.0,0.4,0.0,0,0.0,0.0,0.0,0.0,0.0,0.0,0.0,15.0,4.0,26.7,4.0,3.0,8.0,0.0,0.0,0.0,0.0,0,0,0.0,0.0,Manchester Utd,FW,MF
Angel Gomes,eng ENG,18.0,0.2,0.0,0,0.0,0.0,0.0,0.0,0.0,0.0,0.0,11.0,1.0,9.1,6.0,4.0,1.0,1.0,0.0,0.0,1.0,0,0,0.0,0.0,Manchester Utd,MF,
James Garner,eng ENG,18.0,0.1,0.0,0,0.0,0.0,0.0,0.0,1.0,0.0,1.0,2.0,0.0,0.0,0.0,2.0,0.0,0.0,0.0,0.0,0.0,0,0,1.0,0.0,Manchester Utd,MF,
Martin Dúbravka,sk SVK,30.0,38.0,0.0,0,0.0,0.0,0.0,0.0,1.0,0.0,1.0,9.0,0.0,0.0,9.0,0.0,0.0,2.0,0.0,0.0,2.0,1,1,1.0,3.0,Newcastle Utd,GK,
Miguel Almirón,py PAR,25.0,33.6,62.0,36,34.0,17.0,11.0,13.0,46.0,28.3,33.0,732.0,175.0,23.9,236.0,278.0,218.0,44.0,1.0,0.0,43.0,30,92,16.0,0.0,Newcastle Utd,MF,FW
Joelinton,br BRA,22.0,29.8,30.0,19,5.0,17.0,8.0,11.0,35.0,31.4,24.0,595.0,135.0,22.7,73.0,311.0,211.0,33.0,7.0,1.0,26.0,11,41,28.0,0.0,Newcastle Utd,FW,
Federico Fernández,ar ARG,30.0,29.1,50.0,32,41.0,8.0,1.0,27.0,51.0,52.9,24.0,231.0,73.0,31.6,170.0,48.0,13.0,61.0,31.0,0.0,30.0,22,72,214.0,1.0,Newcastle Utd,DF,
Isaac Hayden,eng ENG,24.0,24.7,63.0,37,35.0,20.0,8.0,12.0,45.0,26.7,33.0,476.0,126.0,26.5,213.0,203.0,60.0,38.0,8.0,0.0,30.0,36,99,34.0,1.0,Newcastle Utd,MF,
Jonjo Shelvey,eng ENG,27.0,23.5,30.0,16,15.0,14.0,1.0,8.0,41.0,19.5,33.0,392.0,88.0,22.4,173.0,189.0,30.0,26.0,5.0,0.0,21.0,22,52,54.0,0.0,Newcastle Utd,MF,
Jamaal Lascelles,eng ENG,25.0,23.1,18.0,10,14.0,4.0,0.0,5.0,14.0,35.7,9.0,163.0,60.0,36.8,110.0,47.0,6.0,37.0,23.0,0.0,14.0,29,47,165.0,1.0,Newcastle Utd,DF,
Allan Saint-Maximin,fr FRA,22.0,20.7,17.0,11,11.0,2.0,4.0,5.0,25.0,20.0,20.0,251.0,62.0,24.7,75.0,113.0,63.0,21.0,3.0,0.0,18.0,9,26,6.0,0.0,Newcastle Utd,MF,FW
Fabian Schär,ch SUI,27.0,18.6,49.0,27,35.0,12.0,2.0,22.0,48.0,45.8,26.0,225.0,60.0,26.7,149.0,68.0,8.0,44.0,21.0,1.0,23.0,51,100,104.0,2.0,Newcastle Utd,DF,MF
Javier Manquillo,es ESP,25.0,17.8,47.0,32,32.0,11.0,4.0,24.0,39.0,61.5,15.0,220.0,71.0,32.3,120.0,77.0,23.0,35.0,5.0,0.0,30.0,20,67,60.0,0.0,Newcastle Utd,DF,
Jetro Willems,nl NED,25.0,16.6,32.0,19,27.0,4.0,1.0,10.0,32.0,31.3,22.0,230.0,65.0,28.3,140.0,66.0,24.0,32.0,7.0,0.0,25.0,16,48,49.0,0.0,Newcastle Utd,DF,
Sean Longstaff,eng ENG,21.0,15.3,43.0,21,19.0,20.0,4.0,20.0,54.0,37.0,34.0,513.0,112.0,21.8,208.0,247.0,58.0,31.0,3.0,0.0,28.0,21,64,30.0,2.0,Newcastle Utd,MF,
Matt Ritchie,sco SCO,29.0,14.6,24.0,17,11.0,10.0,3.0,4.0,17.0,23.5,13.0,208.0,49.0,23.6,89.0,70.0,49.0,27.0,4.0,0.0,23.0,12,36,36.0,0.0,Newcastle Utd,DF,MF
Paul Dummett,wal WAL,27.0,13.6,28.0,6,18.0,6.0,4.0,12.0,20.0,60.0,8.0,163.0,40.0,24.5,97.0,58.0,8.0,42.0,10.0,0.0,32.0,19,47,72.0,0.0,Newcastle Utd,DF,
Ciaran Clark,ie IRL,29.0,13.2,22.0,12,20.0,2.0,0.0,3.0,7.0,42.9,4.0,122.0,44.0,36.1,88.0,28.0,6.0,25.0,13.0,0.0,12.0,13,35,98.0,0.0,Newcastle Utd,DF,
Emil Krafth,se SWE,24.0,11.3,20.0,12,16.0,2.0,2.0,6.0,21.0,28.6,15.0,134.0,40.0,29.9,85.0,36.0,13.0,20.0,9.0,0.0,11.0,9,29,40.0,0.0,Newcastle Utd,DF,
DeAndre Yedlin,us USA,26.0,10.4,19.0,14,13.0,5.0,1.0,4.0,12.0,33.3,8.0,181.0,38.0,21.0,97.0,49.0,35.0,26.0,8.0,2.0,18.0,9,28,21.0,0.0,Newcastle Utd,DF,
Danny Rose,eng ENG,29.0,9.6,26.0,15,15.0,10.0,1.0,9.0,20.0,45.0,11.0,92.0,29.0,31.5,57.0,30.0,5.0,11.0,1.0,0.0,10.0,9,35,21.0,0.0,Newcastle Utd,DF,
Dwight Gayle,eng ENG,28.0,9.4,13.0,10,5.0,7.0,1.0,2.0,5.0,40.0,3.0,118.0,33.0,28.0,19.0,54.0,45.0,10.0,5.0,0.0,5.0,2,15,8.0,0.0,Newcastle Utd,FW,
Nabil Bentaleb,dz ALG,24.0,8.3,30.0,23,20.0,10.0,0.0,9.0,25.0,36.0,16.0,177.0,60.0,33.9,72.0,95.0,10.0,14.0,2.0,0.0,12.0,19,49,12.0,0.0,Newcastle Utd,MF,
Christian Atsu,gh GHA,27.0,8.3,12.0,9,4.0,6.0,2.0,4.0,15.0,26.7,11.0,243.0,47.0,19.3,98.0,105.0,40.0,28.0,1.0,0.0,27.0,2,14,6.0,0.0,Newcastle Utd,FW,MF
Matthew Longstaff,eng ENG,19.0,6.4,6.0,3,3.0,3.0,0.0,1.0,11.0,9.1,10.0,189.0,34.0,18.0,74.0,102.0,13.0,3.0,1.0,1.0,2.0,6,12,2.0,0.0,Newcastle Utd,MF,
Andy Carroll,eng ENG,30.0,7.0,7.0,1,3.0,1.0,3.0,2.0,8.0,25.0,6.0,82.0,26.0,31.7,14.0,38.0,30.0,7.0,3.0,0.0,4.0,1,8,21.0,0.0,Newcastle Utd,FW,
Valentino Lazaro,at AUT,23.0,5.3,11.0,2,9.0,2.0,0.0,6.0,14.0,42.9,8.0,98.0,22.0,22.4,46.0,40.0,12.0,6.0,0.0,0.0,6.0,3,14,4.0,0.0,Newcastle Utd,DF,MF
Florian Lejeune,fr FRA,28.0,4.9,8.0,6,6.0,2.0,0.0,5.0,9.0,55.6,4.0,58.0,19.0,32.8,39.0,18.0,1.0,13.0,2.0,0.0,11.0,11,19,27.0,1.0,Newcastle Utd,DF,
Yoshinori Mutō,jp JPN,27.0,2.4,3.0,2,0.0,3.0,0.0,0.0,3.0,0.0,3.0,52.0,13.0,25.0,7.0,24.0,21.0,1.0,0.0,0.0,1.0,0,3,0.0,0.0,Newcastle Utd,FW,MF
Ki Sung-yueng,kr KOR,30.0,1.5,1.0,1,1.0,0.0,0.0,0.0,2.0,0.0,2.0,39.0,4.0,10.3,21.0,15.0,3.0,1.0,0.0,0.0,1.0,2,3,3.0,0.0,Newcastle Utd,MF,
Kelland Watts,eng ENG,19.0,0.2,1.0,0,1.0,0.0,0.0,1.0,1.0,100.0,0.0,0.0,0.0,0.0,0.0,0.0,0.0,0.0,0.0,0.0,0.0,0,1,0.0,0.0,Newcastle Utd,DF,
Max Aarons,eng ENG,19.0,36.0,64.0,36,40.0,17.0,7.0,21.0,45.0,46.7,24.0,485.0,132.0,27.2,281.0,142.0,62.0,100.0,30.0,2.0,70.0,35,99,86.0,0.0,Norwich City,DF,
Tim Krul,nl NED,31.0,36.0,0.0,0,0.0,0.0,0.0,0.0,1.0,0.0,1.0,7.0,1.0,14.3,7.0,0.0,0.0,0.0,0.0,0.0,0.0,1,1,1.0,1.0,Norwich City,GK,
Teemu Pukki,fi FIN,29.0,32.1,17.0,12,4.0,5.0,8.0,2.0,37.0,5.4,35.0,602.0,160.0,26.6,48.0,245.0,309.0,22.0,3.0,0.0,19.0,6,23,9.0,0.0,Norwich City,FW,
Kenny McLean,sco SCO,27.0,33.0,48.0,31,26.0,18.0,4.0,16.0,53.0,30.2,37.0,589.0,160.0,27.2,226.0,278.0,85.0,47.0,8.0,1.0,39.0,38,86,69.0,1.0,Norwich City,MF,
Ben Godfrey,eng ENG,21.0,29.4,34.0,22,26.0,7.0,1.0,12.0,24.0,50.0,12.0,234.0,77.0,32.9,162.0,65.0,7.0,47.0,32.0,0.0,15.0,26,60,173.0,4.0,Norwich City,DF,
Todd Cantwell,eng ENG,21.0,27.7,49.0,29,22.0,21.0,6.0,19.0,82.0,23.2,63.0,575.0,149.0,25.9,184.0,261.0,130.0,58.0,5.0,0.0,53.0,16,65,35.0,0.0,Norwich City,FW,MF
Emi Buendía,ar ARG,22.0,27.4,88.0,58,62.0,18.0,8.0,26.0,112.0,23.2,86.0,790.0,207.0,26.2,308.0,334.0,148.0,69.0,5.0,1.0,64.0,22,110,29.0,1.0,Norwich City,FW,MF
Alexander Tettey,no NOR,33.0,26.0,31.0,20,11.0,18.0,2.0,12.0,43.0,27.9,31.0,383.0,98.0,25.6,182.0,179.0,22.0,40.0,15.0,0.0,25.0,43,74,85.0,0.0,Norwich City,MF,DF
Jamal Lewis,nir NIR,21.0,25.6,56.0,31,45.0,6.0,5.0,18.0,44.0,40.9,26.0,370.0,112.0,30.3,231.0,98.0,41.0,55.0,12.0,0.0,43.0,28,84,68.0,1.0,Norwich City,DF,
Christoph Zimmermann,de GER,26.0,15.9,31.0,21,23.0,7.0,1.0,16.0,25.0,64.0,9.0,123.0,38.0,30.9,92.0,30.0,1.0,33.0,23.0,1.0,10.0,18,49,123.0,1.0,Norwich City,DF,
Sam Byram,eng ENG,25.0,14.4,46.0,23,28.0,11.0,7.0,24.0,49.0,49.0,25.0,236.0,74.0,31.4,126.0,83.0,27.0,50.0,10.0,0.0,40.0,24,70,75.0,0.0,Norwich City,DF,
Onel Hernández,cu CUB,26.0,15.4,37.0,27,17.0,10.0,10.0,13.0,32.0,40.6,19.0,244.0,84.0,34.4,96.0,86.0,62.0,21.0,2.0,1.0,19.0,19,56,10.0,0.0,Norwich City,FW,MF
Grant Hanley,sco SCO,27.0,14.0,27.0,17,16.0,11.0,0.0,11.0,19.0,57.9,8.0,143.0,50.0,35.0,97.0,43.0,3.0,34.0,20.0,0.0,14.0,30,57,103.0,1.0,Norwich City,DF,
Marco Stiepermann,de GER,28.0,13.1,18.0,7,9.0,7.0,2.0,6.0,22.0,27.3,16.0,257.0,53.0,20.6,47.0,132.0,78.0,15.0,4.0,0.0,11.0,5,23,16.0,0.0,Norwich City,MF,
Tom Trybull,de GER,26.0,12.6,49.0,30,26.0,18.0,5.0,18.0,66.0,27.3,48.0,394.0,113.0,28.7,175.0,202.0,17.0,21.0,7.0,0.0,14.0,16,65,38.0,0.0,Norwich City,MF,
Ondrej Duda,sk SVK,24.0,8.0,19.0,15,10.0,6.0,3.0,7.0,20.0,35.0,13.0,197.0,54.0,27.4,52.0,105.0,40.0,18.0,2.0,0.0,16.0,6,25,7.0,0.0,Norwich City,MF,
Ibrahim Amadou,fr FRA,26.0,8.4,21.0,7,12.0,8.0,1.0,3.0,11.0,27.3,8.0,107.0,26.0,24.3,64.0,40.0,3.0,8.0,6.0,0.0,2.0,17,38,58.0,1.0,Norwich City,DF,MF
Lukas Rupp,de GER,28.0,7.7,13.0,9,7.0,3.0,3.0,2.0,15.0,13.3,13.0,192.0,48.0,25.0,80.0,83.0,29.0,17.0,1.0,0.0,16.0,14,27,4.0,1.0,Norwich City,FW,MF
Moritz Leitner,de GER,26.0,7.6,18.0,9,10.0,6.0,2.0,5.0,20.0,25.0,15.0,160.0,33.0,20.6,85.0,49.0,26.0,18.0,5.0,0.0,13.0,8,26,6.0,0.0,Norwich City,MF,
Timm Klose,ch SUI,31.0,6.5,9.0,4,4.0,5.0,0.0,5.0,11.0,45.5,6.0,54.0,24.0,44.4,37.0,17.0,0.0,11.0,6.0,0.0,5.0,8,17,29.0,2.0,Norwich City,DF,
Mario Vrančić,ba BIH,30.0,7.1,27.0,14,13.0,13.0,1.0,13.0,27.0,48.1,14.0,132.0,31.0,23.5,60.0,51.0,21.0,14.0,1.0,0.0,13.0,8,35,7.0,1.0,Norwich City,MF,
Josip Drmić,ch SUI,26.0,7.2,4.0,3,2.0,1.0,1.0,1.0,11.0,9.1,10.0,133.0,35.0,26.3,24.0,54.0,55.0,8.0,0.0,0.0,8.0,1,5,5.0,1.0,Norwich City,FW,MF
Adam Idah,ie IRL,18.0,2.5,4.0,4,2.0,1.0,1.0,1.0,3.0,33.3,2.0,36.0,9.0,25.0,9.0,14.0,13.0,6.0,0.0,0.0,6.0,0,4,1.0,0.0,Norwich City,FW,MF
Michael McGovern,nir NIR,35.0,1.8,0.0,0,0.0,0.0,0.0,0.0,0.0,0.0,0.0,0.0,0.0,0.0,0.0,0.0,0.0,0.0,0.0,0.0,0.0,0,0,0.0,0.0,Norwich City,GK,
Ralf Fährmann,de GER,30.0,0.2,0.0,0,0.0,0.0,0.0,0.0,0.0,0.0,0.0,0.0,0.0,0.0,0.0,0.0,0.0,0.0,0.0,0.0,0.0,0,0,0.0,0.0,Norwich City,GK,
Dennis Srbeny,de GER,25.0,0.5,5.0,4,3.0,2.0,0.0,1.0,3.0,33.3,2.0,20.0,9.0,45.0,4.0,9.0,7.0,0.0,0.0,0.0,0.0,0,5,1.0,0.0,Norwich City,MF,FW
Josh Martin,eng ENG,17.0,0.4,0.0,0,0.0,0.0,0.0,0.0,0.0,0.0,0.0,13.0,2.0,15.4,6.0,3.0,4.0,1.0,0.0,0.0,1.0,1,1,0.0,0.0,Norwich City,FW,
Patrick Roberts,eng ENG,22.0,0.3,0.0,0,0.0,0.0,0.0,0.0,0.0,0.0,0.0,4.0,1.0,25.0,2.0,2.0,0.0,0.0,0.0,0.0,0.0,0,0,0.0,0.0,Norwich City,MF,FW
Akin Famewo,eng ENG,20.0,0.0,0.0,0,0.0,0.0,0.0,0.0,0.0,0.0,0.0,0.0,0.0,0.0,0.0,0.0,0.0,0.0,0.0,0.0,0.0,0,0,0.0,0.0,Norwich City,MF,
Jordan Thomas,eng ENG,,0.0,0.0,0,0.0,0.0,0.0,0.0,0.0,0.0,0.0,0.0,0.0,0.0,0.0,0.0,0.0,0.0,0.0,0.0,0.0,0,0,0.0,0.0,Norwich City,FW,
George Baldock,eng ENG,26.0,38.0,74.0,45,44.0,17.0,13.0,25.0,48.0,52.1,23.0,564.0,158.0,28.0,243.0,209.0,112.0,63.0,5.0,0.0,58.0,37,111,87.0,3.0,Sheffield Utd,DF,
Enda Stevens,ie IRL,29.0,37.2,76.0,43,43.0,25.0,8.0,24.0,74.0,32.4,50.0,609.0,162.0,26.6,277.0,225.0,107.0,76.0,6.0,0.0,70.0,36,112,89.0,2.0,Sheffield Utd,DF,
Chris Basham,eng ENG,31.0,36.0,84.0,50,57.0,23.0,4.0,32.0,79.0,40.5,47.0,416.0,135.0,32.5,264.0,119.0,33.0,57.0,19.0,1.0,38.0,73,157,264.0,2.0,Sheffield Utd,DF,
Oliver Norwood,nir NIR,28.0,34.3,75.0,44,42.0,27.0,6.0,23.0,91.0,25.3,68.0,586.0,162.0,27.6,266.0,258.0,62.0,46.0,13.0,0.0,33.0,51,126,64.0,0.0,Sheffield Utd,MF,
Dean Henderson,eng ENG,22.0,36.0,0.0,0,0.0,0.0,0.0,0.0,0.0,0.0,0.0,1.0,0.0,0.0,1.0,0.0,0.0,1.0,0.0,0.0,1.0,0,0,3.0,0.0,Sheffield Utd,GK,
John Egan,ie IRL,26.0,35.4,45.0,27,32.0,13.0,0.0,21.0,45.0,46.7,24.0,296.0,101.0,34.1,209.0,80.0,7.0,73.0,33.0,0.0,40.0,56,101,270.0,4.0,Sheffield Utd,DF,
Jack O'Connell,eng ENG,25.0,32.4,35.0,20,22.0,10.0,3.0,14.0,29.0,48.3,15.0,266.0,91.0,34.2,152.0,89.0,25.0,75.0,21.0,0.0,54.0,41,76,214.0,1.0,Sheffield Utd,DF,
John Fleck,sco SCO,27.0,28.0,38.0,24,17.0,15.0,6.0,18.0,74.0,24.3,56.0,551.0,146.0,26.5,150.0,289.0,112.0,44.0,3.0,0.0,41.0,24,62,24.0,0.0,Sheffield Utd,MF,
John Lundstram,eng ENG,25.0,27.3,50.0,33,22.0,18.0,10.0,19.0,68.0,27.9,49.0,605.0,172.0,28.4,173.0,302.0,130.0,29.0,4.0,0.0,25.0,33,83,51.0,0.0,Sheffield Utd,MF,
Oliver McBurnie,sco SCO,23.0,23.5,35.0,21,9.0,20.0,6.0,7.0,39.0,17.9,32.0,619.0,150.0,24.2,57.0,291.0,271.0,33.0,3.0,0.0,30.0,18,53,43.0,0.0,Sheffield Utd,FW,
David McGoldrick,ie IRL,31.0,20.2,42.0,26,10.0,23.0,9.0,5.0,17.0,29.4,12.0,460.0,118.0,25.7,46.0,241.0,173.0,20.0,3.0,1.0,17.0,3,45,24.0,0.0,Sheffield Utd,FW,
Sander Berge,no NOR,21.0,10.5,26.0,17,5.0,15.0,6.0,6.0,15.0,40.0,9.0,248.0,63.0,25.4,52.0,132.0,64.0,28.0,1.0,0.0,27.0,10,36,16.0,0.0,Sheffield Utd,MF,
Lys Mousset,fr FRA,23.0,13.8,11.0,4,2.0,5.0,4.0,2.0,7.0,28.6,5.0,296.0,83.0,28.0,12.0,120.0,164.0,10.0,3.0,0.0,7.0,4,15,2.0,0.0,Sheffield Utd,FW,
Billy Sharp,eng ENG,33.0,11.7,9.0,5,3.0,2.0,4.0,1.0,4.0,25.0,3.0,217.0,55.0,25.3,16.0,91.0,110.0,4.0,0.0,0.0,4.0,1,10,1.0,0.0,Sheffield Utd,FW,
Callum Robinson,ie IRL,24.0,7.5,4.0,4,1.0,1.0,2.0,1.0,4.0,25.0,3.0,178.0,50.0,28.1,29.0,80.0,69.0,4.0,0.0,0.0,4.0,5,9,2.0,0.0,Sheffield Utd,FW,
Ben Osborn,eng ENG,24.0,6.6,18.0,10,14.0,3.0,1.0,4.0,15.0,26.7,11.0,163.0,40.0,24.5,58.0,70.0,35.0,17.0,1.0,0.0,16.0,6,24,10.0,0.0,Sheffield Utd,MF,DF
Jack Robinson,eng ENG,25.0,5.6,9.0,3,5.0,4.0,0.0,5.0,10.0,50.0,5.0,53.0,16.0,30.2,32.0,19.0,2.0,15.0,5.0,0.0,10.0,7,16,39.0,0.0,Sheffield Utd,DF,
Luke Freeman,eng ENG,27.0,4.1,5.0,4,1.0,2.0,2.0,2.0,9.0,22.2,7.0,96.0,24.0,25.0,31.0,42.0,23.0,9.0,0.0,0.0,9.0,9,14,6.0,0.0,Sheffield Utd,MF,
Muhamed Bešić,ba BIH,26.0,2.8,9.0,6,6.0,3.0,0.0,2.0,6.0,33.3,4.0,71.0,17.0,23.9,29.0,33.0,9.0,4.0,0.0,0.0,4.0,2,11,5.0,0.0,Sheffield Utd,MF,
Phil Jagielka,eng ENG,36.0,2.7,6.0,4,4.0,2.0,0.0,1.0,6.0,16.7,5.0,26.0,9.0,34.6,18.0,8.0,0.0,9.0,5.0,0.0,4.0,4,10,26.0,0.0,Sheffield Utd,DF,
Simon Moore,eng ENG,29.0,2.0,0.0,0,0.0,0.0,0.0,0.0,1.0,0.0,1.0,3.0,0.0,0.0,3.0,0.0,0.0,0.0,0.0,0.0,0.0,0,0,0.0,0.0,Sheffield Utd,GK,
Richairo Živković,nl NED,22.0,1.2,2.0,2,0.0,2.0,0.0,0.0,1.0,0.0,1.0,39.0,13.0,33.3,2.0,17.0,20.0,1.0,0.0,0.0,1.0,0,2,0.0,0.0,Sheffield Utd,FW,
Leon Clarke,eng ENG,34.0,0.4,0.0,0,0.0,0.0,0.0,0.0,0.0,0.0,0.0,17.0,5.0,29.4,2.0,7.0,8.0,0.0,0.0,0.0,0.0,0,0,2.0,0.0,Sheffield Utd,FW,MF
Jack Rodwell,eng ENG,28.0,0.2,0.0,0,0.0,0.0,0.0,0.0,0.0,0.0,0.0,1.0,0.0,0.0,1.0,0.0,0.0,0.0,0.0,0.0,0.0,0,0,1.0,0.0,Sheffield Utd,MF,
Ravel Morrison,eng ENG,26.0,0.1,0.0,0,0.0,0.0,0.0,0.0,0.0,0.0,0.0,3.0,1.0,33.3,0.0,1.0,2.0,0.0,0.0,0.0,0.0,0,0,0.0,0.0,Sheffield Utd,MF,
Kieron Freeman,wal WAL,27.0,0.1,0.0,0,0.0,0.0,0.0,0.0,0.0,0.0,0.0,2.0,0.0,0.0,0.0,1.0,1.0,0.0,0.0,0.0,0.0,0,0,0.0,0.0,Sheffield Utd,FW,
James Ward-Prowse,eng ENG,24.0,38.0,95.0,56,31.0,52.0,12.0,37.0,105.0,35.2,68.0,826.0,244.0,29.5,286.0,409.0,131.0,67.0,14.0,0.0,53.0,54,149,109.0,2.0,Southampton,MF,DF
Jan Bednarek,pl POL,23.0,34.0,70.0,38,47.0,16.0,7.0,32.0,73.0,43.8,41.0,321.0,102.0,31.8,205.0,103.0,13.0,61.0,26.0,0.0,35.0,74,144,329.0,4.0,Southampton,DF,
Danny Ings,eng ENG,27.0,31.2,51.0,32,17.0,24.0,10.0,15.0,69.0,21.7,54.0,859.0,227.0,26.4,148.0,363.0,348.0,64.0,5.0,0.0,59.0,12,63,24.0,0.0,Southampton,FW,
Nathan Redmond,eng ENG,25.0,30.7,57.0,46,16.0,25.0,16.0,19.0,64.0,29.7,45.0,643.0,193.0,30.0,164.0,254.0,225.0,39.0,2.0,0.0,37.0,15,72,13.0,0.0,Southampton,MF,FW
Ryan Bertrand,eng ENG,29.0,30.5,48.0,28,20.0,19.0,9.0,19.0,55.0,34.5,36.0,385.0,142.0,36.9,139.0,162.0,84.0,52.0,13.0,0.0,39.0,31,79,76.0,1.0,Southampton,DF,
Pierre Højbjerg,dk DEN,23.0,30.6,90.0,57,43.0,40.0,7.0,36.0,103.0,35.0,67.0,632.0,212.0,33.5,206.0,338.0,88.0,63.0,6.0,0.0,57.0,45,135,78.0,2.0,Southampton,MF,
Alex McCarthy,eng ENG,29.0,28.0,0.0,0,0.0,0.0,0.0,0.0,0.0,0.0,0.0,1.0,1.0,100.0,1.0,0.0,0.0,0.0,0.0,0.0,0.0,0,0,0.0,2.0,Southampton,GK,
Jack Stephens,eng ENG,25.0,27.2,56.0,35,41.0,14.0,1.0,21.0,49.0,42.9,28.0,223.0,78.0,35.0,145.0,70.0,8.0,60.0,26.0,0.0,34.0,30,86,183.0,2.0,Southampton,DF,
Oriol Romeu,es ESP,27.0,20.7,56.0,39,22.0,28.0,6.0,29.0,83.0,34.9,54.0,441.0,141.0,32.0,169.0,222.0,50.0,58.0,15.0,0.0,43.0,32,88,56.0,0.0,Southampton,MF,
Stuart Armstrong,sco SCO,27.0,19.1,49.0,25,27.0,14.0,8.0,13.0,46.0,28.3,33.0,407.0,129.0,31.7,115.0,187.0,105.0,24.0,5.0,0.0,19.0,10,59,22.0,1.0,Southampton,MF,
Jannik Vestergaard,dk DEN,26.0,16.6,25.0,12,19.0,5.0,1.0,8.0,28.0,28.6,20.0,134.0,49.0,36.6,86.0,45.0,3.0,22.0,9.0,0.0,13.0,24,49,163.0,1.0,Southampton,DF,
Cédric Soares,pt POR,27.0,14.5,46.0,24,22.0,21.0,3.0,18.0,38.0,47.4,20.0,298.0,92.0,30.9,144.0,114.0,40.0,37.0,4.0,0.0,33.0,18,64,59.0,0.0,Southampton,DF,
Shane Long,ie IRL,32.0,15.5,19.0,15,5.0,10.0,4.0,5.0,22.0,22.7,17.0,315.0,98.0,31.1,31.0,120.0,164.0,18.0,4.0,0.0,14.0,3,22,12.0,1.0,Southampton,FW,
Che Adams,eng ENG,23.0,12.3,8.0,6,2.0,4.0,2.0,0.0,5.0,0.0,5.0,231.0,58.0,25.1,9.0,97.0,125.0,10.0,1.0,0.0,9.0,2,10,10.0,0.0,Southampton,FW,
Moussa Djenepo,ml MLI,21.0,10.3,29.0,18,18.0,6.0,5.0,8.0,23.0,34.8,15.0,265.0,79.0,29.8,67.0,120.0,78.0,24.0,2.0,0.0,22.0,10,39,12.0,0.0,Southampton,MF,DF
Angus Gunn,eng ENG,23.0,10.0,0.0,0,0.0,0.0,0.0,0.0,1.0,0.0,1.0,3.0,1.0,33.3,3.0,0.0,0.0,0.0,0.0,0.0,0.0,0,0,0.0,0.0,Southampton,GK,
Yan Valery,fr FRA,20.0,8.7,21.0,13,12.0,6.0,3.0,5.0,20.0,25.0,15.0,171.0,49.0,28.7,84.0,52.0,35.0,19.0,2.0,0.0,17.0,12,33,40.0,2.0,Southampton,DF,
Sofiane Boufal,ma MAR,25.0,8.5,21.0,12,10.0,8.0,3.0,3.0,13.0,23.1,10.0,218.0,71.0,32.6,54.0,94.0,70.0,17.0,0.0,0.0,17.0,3,24,2.0,0.0,Southampton,MF,FW
Michael Obafemi,ie IRL,19.0,7.4,6.0,2,1.0,1.0,4.0,3.0,12.0,25.0,9.0,179.0,56.0,31.3,20.0,61.0,98.0,4.0,1.0,0.0,3.0,4,10,0.0,0.0,Southampton,FW,
Kyle Walker-Peters,eng ENG,22.0,7.8,14.0,8,8.0,4.0,2.0,7.0,21.0,33.3,14.0,98.0,29.0,29.6,41.0,46.0,11.0,24.0,3.0,0.0,21.0,13,27,28.0,1.0,Southampton,DF,
Maya Yoshida,jp JPN,30.0,6.2,7.0,5,4.0,0.0,3.0,2.0,6.0,33.3,4.0,43.0,12.0,27.9,27.0,16.0,0.0,11.0,4.0,0.0,7.0,3,10,41.0,1.0,Southampton,DF,
William Smallbone,ie IRL,19.0,4.4,12.0,8,3.0,8.0,1.0,4.0,12.0,33.3,8.0,72.0,27.0,37.5,13.0,30.0,29.0,10.0,1.0,0.0,9.0,2,14,3.0,0.0,Southampton,MF,
Kevin Danso,at AUT,20.0,3.1,8.0,4,4.0,4.0,0.0,5.0,8.0,62.5,3.0,41.0,10.0,24.4,26.0,13.0,2.0,9.0,4.0,0.0,5.0,3,11,15.0,0.0,Southampton,DF,
Jake Vokins,eng ENG,19.0,1.0,2.0,0,1.0,1.0,0.0,1.0,1.0,100.0,0.0,13.0,6.0,46.2,4.0,5.0,4.0,1.0,0.0,0.0,1.0,0,2,1.0,0.0,Southampton,DF,
Nathan Tella,eng ENG,20.0,0.0,0.0,0,0.0,0.0,0.0,0.0,0.0,0.0,0.0,2.0,0.0,0.0,0.0,1.0,1.0,0.0,0.0,0.0,0.0,0,0,0.0,0.0,Southampton,FW,
Toby Alderweireld,be BEL,30.0,32.9,44.0,24,24.0,17.0,3.0,14.0,36.0,38.9,22.0,258.0,83.0,32.2,169.0,79.0,10.0,69.0,34.0,1.0,35.0,26,70,229.0,3.0,Tottenham,DF,
Serge Aurier,ci CIV,26.0,30.0,98.0,55,66.0,26.0,6.0,32.0,61.0,52.5,29.0,521.0,153.0,29.4,262.0,187.0,72.0,58.0,7.0,0.0,51.0,43,141,105.0,1.0,Tottenham,DF,
Harry Kane,eng ENG,26.0,28.7,20.0,14,5.0,13.0,2.0,6.0,19.0,31.6,13.0,448.0,100.0,22.3,22.0,219.0,207.0,31.0,12.0,0.0,19.0,5,25,30.0,0.0,Tottenham,FW,
Son Heung-min,kr KOR,27.0,27.5,33.0,21,15.0,15.0,3.0,11.0,66.0,16.7,55.0,544.0,133.0,24.4,130.0,247.0,167.0,28.0,0.0,0.0,28.0,19,52,19.0,0.0,Tottenham,FW,MF
Moussa Sissoko,fr FRA,29.0,27.2,56.0,35,36.0,19.0,1.0,20.0,50.0,40.0,30.0,437.0,126.0,28.8,219.0,167.0,51.0,38.0,5.0,0.0,33.0,31,87,48.0,0.0,Tottenham,MF,
Davinson Sánchez,co COL,23.0,27.0,49.0,36,37.0,12.0,0.0,17.0,52.0,32.7,35.0,278.0,105.0,37.8,189.0,83.0,6.0,56.0,29.0,0.0,27.0,34,83,160.0,2.0,Tottenham,DF,
Harry Winks,eng ENG,23.0,24.7,42.0,23,19.0,21.0,2.0,19.0,59.0,32.2,40.0,435.0,130.0,29.9,196.0,202.0,37.0,31.0,9.0,0.0,22.0,37,79,33.0,0.0,Tottenham,MF,
Lucas Moura,br BRA,26.0,24.9,53.0,33,19.0,21.0,13.0,12.0,60.0,20.0,48.0,532.0,144.0,27.1,111.0,284.0,137.0,40.0,2.0,0.0,38.0,15,68,21.0,0.0,Tottenham,FW,MF
Dele Alli,eng ENG,23.0,20.5,41.0,29,10.0,24.0,7.0,8.0,32.0,25.0,24.0,479.0,135.0,28.2,108.0,234.0,137.0,53.0,7.0,0.0,46.0,14,55,17.0,0.0,Tottenham,MF,FW
Hugo Lloris,fr FRA,32.0,20.1,0.0,0,0.0,0.0,0.0,0.0,0.0,0.0,0.0,1.0,0.0,0.0,1.0,0.0,0.0,0.0,0.0,0.0,0.0,1,1,1.0,2.0,Tottenham,GK,
Jan Vertonghen,be BEL,32.0,18.3,31.0,21,17.0,13.0,1.0,10.0,20.0,50.0,10.0,154.0,51.0,33.1,98.0,49.0,7.0,30.0,10.0,0.0,20.0,31,62,116.0,0.0,Tottenham,DF,
Paulo Gazzaniga,ar ARG,27.0,17.9,0.0,0,0.0,0.0,0.0,0.0,0.0,0.0,0.0,1.0,0.0,0.0,1.0,0.0,0.0,0.0,0.0,0.0,0.0,0,0,0.0,0.0,Tottenham,GK,
Ben Davies,wal WAL,26.0,15.9,29.0,13,13.0,13.0,3.0,5.0,24.0,20.8,19.0,214.0,63.0,29.4,98.0,91.0,25.0,43.0,13.0,0.0,30.0,24,53,67.0,1.0,Tottenham,DF,
Giovani Lo Celso,ar ARG,23.0,16.6,51.0,33,13.0,31.0,7.0,9.0,53.0,17.0,44.0,420.0,134.0,31.9,141.0,211.0,68.0,29.0,6.0,0.0,23.0,12,63,20.0,1.0,Tottenham,MF,FW
Eric Dier,eng ENG,25.0,14.9,25.0,14,13.0,10.0,2.0,6.0,22.0,27.3,16.0,204.0,54.0,26.5,92.0,93.0,19.0,26.0,11.0,0.0,15.0,19,44,78.0,0.0,Tottenham,DF,MF
Érik Lamela,ar ARG,27.0,13.5,27.0,21,8.0,15.0,4.0,5.0,22.0,22.7,17.0,315.0,88.0,27.9,81.0,150.0,84.0,19.0,3.0,0.0,16.0,7,34,8.0,0.0,Tottenham,MF,FW
Tanguy Ndombele,fr FRA,22.0,11.2,27.0,19,12.0,14.0,1.0,10.0,27.0,37.0,17.0,226.0,56.0,24.8,79.0,107.0,40.0,27.0,4.0,0.0,23.0,13,40,8.0,0.0,Tottenham,MF,
Christian Eriksen,dk DEN,27.0,12.2,19.0,12,12.0,6.0,1.0,5.0,23.0,21.7,18.0,260.0,55.0,21.2,83.0,126.0,51.0,19.0,1.0,0.0,18.0,11,30,11.0,0.0,Tottenham,MF,FW
Danny Rose,eng ENG,29.0,9.9,16.0,13,5.0,7.0,4.0,7.0,17.0,41.2,10.0,103.0,34.0,33.0,47.0,35.0,21.0,23.0,7.0,0.0,16.0,7,23,34.0,0.0,Tottenham,DF,
Steven Bergwijn,nl NED,21.0,7.8,5.0,4,1.0,3.0,1.0,2.0,10.0,20.0,8.0,117.0,34.0,29.1,26.0,68.0,23.0,11.0,0.0,0.0,11.0,3,8,7.0,0.0,Tottenham,FW,MF
Japhet Tanganga,eng ENG,20.0,5.8,20.0,15,14.0,5.0,1.0,9.0,19.0,47.4,10.0,95.0,30.0,31.6,52.0,38.0,5.0,12.0,5.0,1.0,7.0,11,31,33.0,1.0,Tottenham,DF,
Ryan Sessegnon,eng ENG,19.0,3.8,5.0,0,2.0,3.0,0.0,2.0,5.0,40.0,3.0,51.0,11.0,21.6,21.0,19.0,11.0,4.0,0.0,0.0,4.0,1,6,15.0,0.0,Tottenham,DF,
Kyle Walker-Peters,eng ENG,22.0,2.7,5.0,3,5.0,0.0,0.0,1.0,5.0,20.0,4.0,36.0,12.0,33.3,19.0,11.0,6.0,6.0,2.0,0.0,4.0,2,7,9.0,0.0,Tottenham,DF,
Oliver Skipp,eng ENG,18.0,0.9,3.0,2,1.0,2.0,0.0,1.0,2.0,50.0,1.0,31.0,6.0,19.4,14.0,14.0,3.0,3.0,1.0,0.0,2.0,0,3,0.0,0.0,Tottenham,MF,DF
Juan Foyth,ar ARG,21.0,0.8,7.0,4,5.0,1.0,1.0,2.0,3.0,66.7,1.0,14.0,5.0,35.7,10.0,4.0,0.0,2.0,0.0,0.0,2.0,2,9,4.0,0.0,Tottenham,DF,
Gedson Fernandes,pt POR,20.0,0.8,1.0,1,1.0,0.0,0.0,0.0,1.0,0.0,1.0,18.0,5.0,27.8,7.0,7.0,4.0,1.0,0.0,0.0,1.0,1,2,0.0,0.0,Tottenham,MF,DF
Victor Wanyama,ke KEN,28.0,0.3,1.0,0,0.0,1.0,0.0,0.0,0.0,0.0,0.0,6.0,0.0,0.0,2.0,3.0,1.0,0.0,0.0,0.0,0.0,0,1,1.0,0.0,Tottenham,MF,
Troy Parrott,ie IRL,17.0,0.1,0.0,0,0.0,0.0,0.0,0.0,0.0,0.0,0.0,4.0,2.0,50.0,2.0,0.0,2.0,0.0,0.0,0.0,0.0,0,0,0.0,0.0,Tottenham,MF,
Georges-Kévin N'Koudou,fr FRA,24.0,0.0,0.0,0,0.0,0.0,0.0,0.0,1.0,0.0,1.0,7.0,3.0,42.9,0.0,2.0,5.0,0.0,0.0,0.0,0.0,0,0,0.0,0.0,Tottenham,FW,
Ben Foster,eng ENG,36.0,38.0,0.0,0,0.0,0.0,0.0,0.0,3.0,0.0,3.0,9.0,0.0,0.0,9.0,0.0,0.0,1.0,0.0,0.0,1.0,1,1,1.0,2.0,Watford,GK,
Abdoulaye Doucouré,fr FRA,26.0,35.1,70.0,49,29.0,30.0,11.0,16.0,60.0,26.7,44.0,947.0,238.0,25.1,268.0,463.0,216.0,59.0,9.0,0.0,50.0,32,102,45.0,0.0,Watford,MF,
Étienne Capoue,fr FRA,31.0,29.2,80.0,54,43.0,31.0,6.0,34.0,89.0,38.2,55.0,662.0,172.0,26.0,288.0,293.0,81.0,53.0,10.0,0.0,43.0,62,142,70.0,0.0,Watford,MF,
Craig Cathcart,nir NIR,30.0,27.6,37.0,26,21.0,15.0,1.0,10.0,30.0,33.3,20.0,195.0,68.0,34.9,112.0,75.0,8.0,35.0,16.0,1.0,19.0,22,59,195.0,2.0,Watford,DF,
Will Hughes,eng ENG,24.0,25.0,80.0,49,30.0,37.0,13.0,27.0,86.0,31.4,59.0,676.0,181.0,26.8,198.0,334.0,144.0,66.0,9.0,0.0,57.0,35,115,30.0,0.0,Watford,MF,FW
Craig Dawson,eng ENG,29.0,26.2,30.0,19,15.0,13.0,2.0,14.0,31.0,45.2,17.0,185.0,73.0,39.5,107.0,66.0,12.0,56.0,35.0,1.0,21.0,34,64,165.0,1.0,Watford,DF,
Christian Kabasele,be BEL,28.0,25.0,40.0,24,32.0,8.0,0.0,16.0,36.0,44.4,20.0,247.0,85.0,34.4,141.0,88.0,18.0,55.0,28.0,0.0,27.0,37,77,171.0,2.0,Watford,DF,
Kiko Femenía,es ESP,28.0,24.9,62.0,32,44.0,15.0,3.0,26.0,71.0,36.6,45.0,385.0,97.0,25.2,210.0,139.0,36.0,35.0,2.0,0.0,33.0,37,99,62.0,1.0,Watford,DF,
Troy Deeney,eng ENG,31.0,24.7,24.0,17,2.0,14.0,8.0,9.0,30.0,30.0,21.0,458.0,107.0,23.4,53.0,226.0,179.0,20.0,2.0,0.0,18.0,11,35,22.0,0.0,Watford,FW,
Gerard Deulofeu,es ESP,25.0,23.3,29.0,21,15.0,8.0,6.0,13.0,66.0,19.7,53.0,511.0,133.0,26.0,113.0,208.0,190.0,16.0,0.0,0.0,16.0,24,53,6.0,0.0,Watford,FW,
Ismaila Sarr,sn SEN,21.0,22.5,25.0,19,13.0,5.0,7.0,5.0,22.0,22.7,17.0,421.0,103.0,24.5,107.0,180.0,134.0,20.0,3.0,0.0,17.0,15,40,6.0,0.0,Watford,FW,MF
Adam Masina,it ITA,25.0,20.2,40.0,25,26.0,11.0,3.0,14.0,45.0,31.1,31.0,263.0,77.0,29.3,120.0,105.0,38.0,41.0,13.0,2.0,28.0,28,68,99.0,2.0,Watford,DF,
Roberto Pereyra,ar ARG,28.0,18.3,17.0,10,9.0,4.0,4.0,5.0,29.0,17.2,24.0,340.0,90.0,26.5,74.0,155.0,111.0,38.0,1.0,0.0,37.0,12,29,5.0,1.0,Watford,FW,MF
Adrian Mariappa,jm JAM,32.0,16.8,25.0,12,18.0,5.0,2.0,11.0,38.0,28.9,27.0,197.0,57.0,28.9,114.0,64.0,19.0,35.0,9.0,0.0,26.0,10,35,93.0,1.0,Watford,DF,
José Holebas,gr GRE,35.0,11.4,25.0,12,20.0,5.0,0.0,6.0,25.0,24.0,19.0,179.0,59.0,33.0,94.0,63.0,22.0,23.0,3.0,0.0,20.0,2,27,40.0,0.0,Watford,DF,
Tom Cleverley,eng ENG,29.0,10.8,27.0,17,11.0,14.0,2.0,11.0,44.0,25.0,33.0,293.0,85.0,29.0,99.0,145.0,49.0,20.0,4.0,0.0,16.0,9,36,16.0,0.0,Watford,MF,
Nathaniel Chalobah,eng ENG,24.0,10.3,33.0,19,10.0,16.0,7.0,9.0,27.0,33.3,18.0,227.0,65.0,28.6,76.0,112.0,39.0,13.0,5.0,0.0,8.0,16,49,32.0,0.0,Watford,MF,
Danny Welbeck,eng ENG,28.0,9.1,10.0,9,4.0,5.0,1.0,1.0,11.0,9.1,10.0,168.0,52.0,31.0,33.0,77.0,58.0,12.0,2.0,0.0,10.0,5,15,6.0,0.0,Watford,FW,MF
Andre Gray,eng ENG,28.0,8.4,5.0,5,0.0,1.0,4.0,1.0,1.0,100.0,0.0,161.0,43.0,26.7,13.0,61.0,87.0,3.0,1.0,0.0,2.0,1,6,2.0,0.0,Watford,FW,
Daryl Janmaat,nl NED,30.0,6.7,16.0,6,7.0,5.0,4.0,6.0,17.0,35.3,11.0,137.0,31.0,22.6,55.0,53.0,29.0,14.0,2.0,0.0,12.0,6,22,25.0,0.0,Watford,DF,
Dimitri Foulquier,fr FRA,26.0,0.7,1.0,1,1.0,0.0,0.0,0.0,1.0,0.0,1.0,18.0,6.0,33.3,6.0,9.0,3.0,2.0,0.0,0.0,2.0,2,3,1.0,0.0,Watford,MF,DF
Sebastian Prödl,at AUT,32.0,0.6,0.0,0,0.0,0.0,0.0,0.0,0.0,0.0,0.0,3.0,0.0,0.0,2.0,1.0,0.0,0.0,0.0,0.0,0.0,0,0,4.0,0.0,Watford,DF,
Ignacio Pussetto,ar ARG,23.0,0.8,6.0,3,3.0,2.0,1.0,3.0,9.0,33.3,6.0,38.0,8.0,21.1,19.0,17.0,2.0,3.0,1.0,1.0,2.0,3,9,4.0,0.0,Watford,FW,DF
Isaac Success,ng NGA,23.0,0.8,0.0,0,0.0,0.0,0.0,0.0,0.0,0.0,0.0,14.0,2.0,14.3,0.0,3.0,11.0,0.0,0.0,0.0,0.0,1,1,0.0,0.0,Watford,FW,MF
João Pedro,br BRA,17.0,0.3,0.0,0,0.0,0.0,0.0,0.0,0.0,0.0,0.0,6.0,1.0,16.7,1.0,4.0,1.0,0.0,0.0,0.0,0.0,0,0,1.0,0.0,Watford,FW,MF
Domingos Quina,pt POR,19.0,0.2,1.0,0,1.0,0.0,0.0,1.0,3.0,33.3,2.0,16.0,3.0,18.8,5.0,7.0,4.0,2.0,0.0,0.0,2.0,0,1,0.0,0.0,Watford,MF,
Declan Rice,eng ENG,20.0,38.0,122.0,89,66.0,52.0,4.0,32.0,95.0,33.7,63.0,819.0,237.0,28.9,386.0,385.0,48.0,68.0,9.0,0.0,59.0,78,200,62.0,0.0,West Ham,MF,
Mark Noble,eng ENG,32.0,29.7,50.0,36,19.0,25.0,6.0,16.0,69.0,23.2,53.0,502.0,136.0,27.1,159.0,255.0,88.0,29.0,6.0,0.0,23.0,21,71,14.0,0.0,West Ham,MF,
Angelo Ogbonna,it ITA,31.0,31.0,45.0,34,29.0,12.0,4.0,14.0,36.0,38.9,22.0,313.0,117.0,37.4,224.0,73.0,16.0,78.0,34.0,0.0,44.0,32,77,171.0,0.0,West Ham,DF,
Issa Diop,fr FRA,22.0,30.7,32.0,16,22.0,10.0,0.0,15.0,32.0,46.9,17.0,243.0,84.0,34.6,156.0,79.0,8.0,47.0,21.0,0.0,26.0,46,78,190.0,3.0,West Ham,DF,
Aaron Cresswell,eng ENG,29.0,30.3,48.0,29,25.0,18.0,5.0,24.0,59.0,40.7,35.0,355.0,118.0,33.2,185.0,130.0,40.0,64.0,10.0,0.0,54.0,35,83,92.0,2.0,West Ham,DF,
Ryan Fredericks,eng ENG,26.0,24.9,86.0,48,63.0,15.0,8.0,33.0,65.0,50.8,32.0,325.0,97.0,29.8,196.0,85.0,44.0,42.0,9.0,1.0,33.0,26,112,91.0,0.0,West Ham,DF,
Łukasz Fabiański,pl POL,34.0,23.5,0.0,0,0.0,0.0,0.0,0.0,3.0,0.0,3.0,10.0,2.0,20.0,10.0,0.0,0.0,0.0,0.0,0.0,0.0,1,1,2.0,2.0,West Ham,GK,
Sébastien Haller,fr FRA,25.0,25.2,21.0,17,10.0,9.0,2.0,3.0,28.0,10.7,25.0,571.0,126.0,22.1,43.0,304.0,224.0,34.0,7.0,0.0,27.0,8,29,24.0,1.0,West Ham,FW,
Pablo Fornals,es ESP,23.0,24.1,42.0,29,17.0,18.0,7.0,16.0,70.0,22.9,54.0,597.0,156.0,26.1,153.0,275.0,169.0,51.0,1.0,0.0,50.0,24,66,10.0,0.0,West Ham,MF,FW
Felipe Anderson,br BRA,26.0,16.6,45.0,30,20.0,18.0,7.0,11.0,48.0,22.9,37.0,370.0,104.0,28.1,92.0,189.0,89.0,21.0,1.0,0.0,20.0,21,66,14.0,0.0,West Ham,MF,FW
Michail Antonio,eng ENG,29.0,19.6,14.0,10,5.0,4.0,5.0,2.0,14.0,14.3,12.0,337.0,78.0,23.1,31.0,151.0,155.0,26.0,5.0,0.0,21.0,9,23,9.0,0.0,West Ham,FW,
Robert Snodgrass,sco SCO,31.0,16.8,27.0,10,17.0,9.0,1.0,10.0,40.0,25.0,30.0,367.0,90.0,24.5,118.0,185.0,64.0,21.0,2.0,0.0,19.0,5,32,16.0,0.0,West Ham,MF,FW
Manuel Lanzini,ar ARG,26.0,15.3,11.0,9,6.0,3.0,2.0,5.0,37.0,13.5,32.0,344.0,76.0,22.1,77.0,198.0,69.0,12.0,1.0,0.0,11.0,9,20,4.0,0.0,West Ham,MF,FW
Fabián Balbuena,py PAR,27.0,13.1,18.0,11,14.0,3.0,1.0,6.0,26.0,23.1,20.0,116.0,40.0,34.5,91.0,22.0,3.0,27.0,7.0,0.0,20.0,26,44,93.0,1.0,West Ham,DF,
Tomáš Souček,cz CZE,24.0,11.6,35.0,25,15.0,17.0,3.0,5.0,19.0,26.3,14.0,240.0,77.0,32.1,96.0,102.0,42.0,16.0,3.0,0.0,13.0,22,57,38.0,0.0,West Ham,MF,
Jarrod Bowen,eng ENG,22.0,10.2,19.0,13,6.0,8.0,5.0,5.0,19.0,26.3,14.0,174.0,40.0,23.0,67.0,64.0,43.0,15.0,0.0,0.0,15.0,13,32,5.0,0.0,West Ham,FW,
Andriy Yarmolenko,ua UKR,29.0,11.0,15.0,10,7.0,7.0,1.0,5.0,21.0,23.8,16.0,167.0,46.0,27.5,41.0,76.0,50.0,8.0,1.0,0.0,7.0,6,21,6.0,0.0,West Ham,MF,FW
Arthur Masuaku,cd COD,25.0,10.4,43.0,27,28.0,12.0,3.0,11.0,30.0,36.7,19.0,223.0,65.0,29.1,128.0,81.0,14.0,29.0,3.0,0.0,26.0,13,56,29.0,1.0,West Ham,DF,
Roberto,es ESP,33.0,7.6,0.0,0,0.0,0.0,0.0,0.0,0.0,0.0,0.0,0.0,0.0,0.0,0.0,0.0,0.0,0.0,0.0,0.0,0.0,0,0,0.0,0.0,West Ham,GK,
Pablo Zabaleta,ar ARG,34.0,6.6,15.0,10,9.0,5.0,1.0,4.0,15.0,26.7,11.0,93.0,27.0,29.0,53.0,25.0,15.0,16.0,3.0,0.0,13.0,13,28,20.0,0.0,West Ham,DF,
Jeremy Ngakia,eng ENG,18.0,4.9,19.0,12,16.0,3.0,0.0,7.0,23.0,30.4,16.0,112.0,34.0,30.4,79.0,29.0,4.0,11.0,1.0,0.0,10.0,7,26,17.0,0.0,West Ham,DF,
David Martin,eng ENG,33.0,4.8,0.0,0,0.0,0.0,0.0,0.0,0.0,0.0,0.0,1.0,1.0,100.0,1.0,0.0,0.0,1.0,0.0,0.0,1.0,0,0,0.0,1.0,West Ham,GK,
Ben Johnson,eng ENG,19.0,3.0,8.0,4,5.0,2.0,1.0,4.0,6.0,66.7,2.0,36.0,6.0,16.7,19.0,10.0,7.0,8.0,3.0,0.0,5.0,3,11,16.0,0.0,West Ham,DF,
Jack Wilshere,eng ENG,27.0,2.4,1.0,0,0.0,1.0,0.0,1.0,6.0,16.7,5.0,63.0,21.0,33.3,15.0,34.0,14.0,6.0,0.0,0.0,6.0,1,2,1.0,0.0,West Ham,MF,
Darren Randolph,ie IRL,32.0,2.0,0.0,0,0.0,0.0,0.0,0.0,0.0,0.0,0.0,0.0,0.0,0.0,0.0,0.0,0.0,0.0,0.0,0.0,0.0,0,0,0.0,0.0,West Ham,GK,
Carlos Sánchez,co COL,33.0,1.3,2.0,1,0.0,2.0,0.0,1.0,1.0,100.0,0.0,26.0,6.0,23.1,6.0,18.0,2.0,2.0,0.0,0.0,2.0,2,4,5.0,0.0,West Ham,MF,DF
Javier Hernández,mx MEX,31.0,1.2,0.0,0,0.0,0.0,0.0,0.0,1.0,0.0,1.0,26.0,6.0,23.1,0.0,7.0,19.0,0.0,0.0,0.0,0.0,0,0,0.0,0.0,West Ham,FW,
Albian Ajeti,ch SUI,22.0,1.5,1.0,0,0.0,0.0,1.0,0.0,0.0,0.0,0.0,21.0,1.0,4.8,3.0,6.0,12.0,0.0,0.0,0.0,0.0,1,2,0.0,0.0,West Ham,MF,FW
Nathan Holland,eng ENG,21.0,0.4,1.0,0,1.0,0.0,0.0,0.0,0.0,0.0,0.0,13.0,4.0,30.8,5.0,4.0,4.0,1.0,0.0,0.0,1.0,0,1,0.0,0.0,West Ham,MF,
Conor Coady,eng ENG,26.0,38.0,41.0,22,34.0,7.0,0.0,19.0,38.0,50.0,19.0,205.0,69.0,33.7,151.0,54.0,0.0,37.0,18.0,0.0,19.0,27,68,164.0,0.0,Wolves,DF,
Rui Patrício,pt POR,31.0,38.0,0.0,0,0.0,0.0,0.0,0.0,2.0,0.0,2.0,5.0,0.0,0.0,5.0,0.0,0.0,1.0,0.0,0.0,1.0,2,2,1.0,1.0,Wolves,GK,
Raúl Jiménez,mx MEX,28.0,36.0,29.0,23,7.0,15.0,7.0,2.0,26.0,7.7,24.0,589.0,141.0,23.9,33.0,292.0,264.0,32.0,4.0,0.0,28.0,14,43,31.0,0.0,Wolves,FW,
Rúben Neves,pt POR,22.0,34.0,64.0,42,26.0,33.0,5.0,32.0,104.0,30.8,72.0,688.0,170.0,24.7,301.0,344.0,43.0,70.0,11.0,1.0,59.0,55,119,53.0,0.0,Wolves,MF,
João Moutinho,pt POR,32.0,34.5,92.0,54,42.0,40.0,10.0,43.0,141.0,30.5,98.0,882.0,213.0,24.1,305.0,479.0,98.0,64.0,14.0,0.0,50.0,48,140,30.0,2.0,Wolves,MF,
Jonny Castro,es ESP,25.0,32.1,98.0,61,60.0,29.0,9.0,34.0,90.0,37.8,56.0,722.0,215.0,29.8,326.0,283.0,113.0,79.0,9.0,0.0,70.0,52,150,45.0,2.0,Wolves,DF,
Matt Doherty,ie IRL,27.0,31.5,65.0,33,36.0,25.0,4.0,26.0,50.0,52.0,24.0,379.0,107.0,28.2,181.0,141.0,57.0,64.0,5.0,0.0,59.0,38,103,78.0,1.0,Wolves,DF,
Leander Dendoncker,be BEL,24.0,31.1,68.0,40,41.0,19.0,8.0,23.0,62.0,37.1,39.0,573.0,164.0,28.6,251.0,257.0,65.0,53.0,13.0,0.0,40.0,38,106,95.0,3.0,Wolves,MF,DF
Romain Saïss,ma MAR,29.0,30.1,66.0,30,46.0,20.0,0.0,23.0,45.0,51.1,22.0,343.0,116.0,33.8,228.0,106.0,9.0,58.0,19.0,0.0,39.0,51,117,201.0,1.0,Wolves,DF,
Adama Traoré,es ESP,23.0,28.9,41.0,23,15.0,14.0,12.0,10.0,27.0,37.0,17.0,404.0,108.0,26.7,98.0,198.0,108.0,28.0,4.0,0.0,24.0,18,59,24.0,0.0,Wolves,FW,MF
Diogo Jota,pt POR,22.0,25.4,34.0,21,13.0,18.0,3.0,12.0,44.0,27.3,32.0,573.0,127.0,22.2,124.0,294.0,155.0,17.0,0.0,0.0,17.0,8,42,9.0,0.0,Wolves,FW,MF
Willy Boly,fr FRA,28.0,22.0,61.0,40,42.0,18.0,1.0,23.0,48.0,47.9,25.0,271.0,101.0,37.3,181.0,86.0,4.0,50.0,16.0,0.0,34.0,39,100,136.0,2.0,Wolves,DF,
Pedro Neto,pt POR,19.0,10.4,11.0,5,3.0,8.0,0.0,2.0,15.0,13.3,13.0,239.0,66.0,27.6,52.0,123.0,64.0,5.0,0.0,0.0,5.0,7,18,6.0,0.0,Wolves,FW,MF
Ryan Bennett,eng ENG,29.0,6.7,4.0,3,4.0,0.0,0.0,2.0,7.0,28.6,5.0,61.0,15.0,24.6,41.0,19.0,1.0,15.0,7.0,0.0,8.0,9,13,45.0,1.0,Wolves,DF,
Rúben Vinagre,pt POR,20.0,7.2,25.0,13,18.0,5.0,2.0,11.0,16.0,68.8,5.0,117.0,38.0,32.5,59.0,47.0,11.0,20.0,2.0,0.0,18.0,8,33,20.0,0.0,Wolves,DF,
Patrick Cutrone,it ITA,21.0,3.3,6.0,4,3.0,1.0,2.0,1.0,5.0,20.0,4.0,95.0,26.0,27.4,9.0,43.0,43.0,1.0,1.0,0.0,0.0,2,8,1.0,0.0,Wolves,FW,
Daniel Podence,pt POR,23.0,3.2,2.0,2,1.0,0.0,1.0,0.0,3.0,0.0,3.0,43.0,13.0,30.2,8.0,20.0,15.0,5.0,1.0,0.0,4.0,3,5,3.0,0.0,Wolves,FW,MF
Max Kilman,eng ENG,22.0,2.1,4.0,3,3.0,1.0,0.0,2.0,4.0,50.0,2.0,17.0,5.0,29.4,11.0,5.0,1.0,2.0,1.0,0.0,1.0,4,8,17.0,0.0,Wolves,DF,
Jesús Vallejo,es ESP,22.0,1.8,4.0,3,4.0,0.0,0.0,1.0,3.0,33.3,2.0,20.0,6.0,30.0,8.0,10.0,2.0,4.0,3.0,0.0,1.0,1,5,13.0,0.0,Wolves,DF,
Morgan Gibbs-White,eng ENG,19.0,1.4,1.0,1,0.0,1.0,0.0,0.0,0.0,0.0,0.0,27.0,10.0,37.0,5.0,15.0,7.0,2.0,0.0,0.0,2.0,1,2,0.0,0.0,Wolves,MF,FW
Bruno Jordão,pt POR,20.0,0.1,0.0,0,0.0,0.0,0.0,0.0,0.0,0.0,0.0,0.0,0.0,0.0,0.0,0.0,0.0,1.0,0.0,0.0,1.0,0,0,0.0,0.0,Wolves,FW,
