player,nationality,age,minutes_90s,sca,sca_per90,sca_passes_live,sca_passes_dead,sca_dribbles,sca_shots,sca_fouled,gca,gca_per90,gca_passes_live,gca_passes_dead,gca_dribbles,gca_shots,gca_fouled,gca_og_for,team,Pos1,Pos2
Pierre-Emerick Aubameyang,ga GAB,30.0,34.8,54.0,1.55,38.0,0.0,7.0,4.0,5.0,9.0,0.26,6.0,0.0,0.0,2.0,1.0,0.0,Arsenal,FW,
David Luiz,br BRA,32.0,31.2,9.0,0.29,8.0,0.0,0.0,1.0,0.0,4.0,0.13,4.0,0.0,0.0,0.0,0.0,0.0,Arsenal,DF,
Bernd Leno,de GER,27.0,29.4,1.0,0.03,1.0,0.0,0.0,0.0,0.0,0.0,0.0,0.0,0.0,0.0,0.0,0.0,0.0,Arsenal,GK,
Granit Xhaka,ch SUI,26.0,28.7,39.0,1.36,33.0,1.0,2.0,1.0,2.0,4.0,0.14,3.0,0.0,0.0,0.0,1.0,0.0,Arsenal,MF,
Nicolas Pépé,ci CIV,24.0,22.3,66.0,2.96,38.0,13.0,9.0,3.0,3.0,9.0,0.4,8.0,1.0,0.0,0.0,0.0,0.0,Arsenal,FW,
Alexandre Lacazette,fr FRA,28.0,20.8,58.0,2.79,36.0,0.0,5.0,9.0,8.0,13.0,0.62,5.0,0.0,3.0,4.0,1.0,0.0,Arsenal,FW,
Bukayo Saka,eng ENG,17.0,19.5,45.0,2.31,32.0,2.0,7.0,2.0,2.0,7.0,0.36,6.0,0.0,1.0,0.0,0.0,0.0,Arsenal,DF,FW
Mattéo Guendouzi,fr FRA,20.0,19.4,34.0,1.75,26.0,0.0,3.0,2.0,3.0,2.0,0.1,1.0,0.0,0.0,0.0,1.0,0.0,Arsenal,MF,
Sead Kolašinac,ba BIH,26.0,18.9,18.0,0.95,18.0,0.0,0.0,0.0,0.0,2.0,0.11,2.0,0.0,0.0,0.0,0.0,0.0,Arsenal,DF,
Sokratis Papastathopoulos,gr GRE,31.0,18.8,4.0,0.21,3.0,0.0,0.0,1.0,0.0,0.0,0.0,0.0,0.0,0.0,0.0,0.0,0.0,Arsenal,DF,
Dani Ceballos,es ESP,22.0,18.8,47.0,2.5,32.0,12.0,0.0,1.0,2.0,6.0,0.32,5.0,1.0,0.0,0.0,0.0,0.0,Arsenal,MF,
Mesut Özil,de GER,30.0,16.0,63.0,3.94,42.0,17.0,2.0,0.0,2.0,7.0,0.44,6.0,1.0,0.0,0.0,0.0,0.0,Arsenal,MF,
Lucas Torreira,uy URU,23.0,16.8,28.0,1.67,19.0,3.0,2.0,2.0,2.0,2.0,0.12,2.0,0.0,0.0,0.0,0.0,0.0,Arsenal,MF,
Ainsley Maitland-Niles,eng ENG,21.0,15.4,20.0,1.3,17.0,1.0,1.0,0.0,1.0,2.0,0.13,2.0,0.0,0.0,0.0,0.0,0.0,Arsenal,DF,
Shkodran Mustafi,de GER,27.0,13.4,3.0,0.22,2.0,0.0,0.0,1.0,0.0,1.0,0.07,0.0,0.0,0.0,1.0,0.0,0.0,Arsenal,DF,
Héctor Bellerín,es ESP,24.0,12.9,14.0,1.09,11.0,0.0,2.0,1.0,0.0,0.0,0.0,0.0,0.0,0.0,0.0,0.0,0.0,Arsenal,DF,
Calum Chambers,eng ENG,24.0,12.2,15.0,1.23,9.0,2.0,0.0,4.0,0.0,2.0,0.16,1.0,0.0,0.0,1.0,0.0,0.0,Arsenal,DF,
Kieran Tierney,sco SCO,22.0,11.0,11.0,1.0,8.0,1.0,2.0,0.0,0.0,3.0,0.27,2.0,1.0,0.0,0.0,0.0,0.0,Arsenal,DF,
Joe Willock,eng ENG,19.0,9.5,31.0,3.26,26.0,0.0,3.0,1.0,1.0,3.0,0.32,3.0,0.0,0.0,0.0,0.0,0.0,Arsenal,MF,FW
Emiliano Martínez,ar ARG,26.0,8.6,0.0,0.0,0.0,0.0,0.0,0.0,0.0,0.0,0.0,0.0,0.0,0.0,0.0,0.0,0.0,Arsenal,GK,
Eddie Nketiah,eng ENG,20.0,7.0,11.0,1.56,7.0,0.0,2.0,0.0,2.0,0.0,0.0,0.0,0.0,0.0,0.0,0.0,0.0,Arsenal,FW,
Reiss Nelson,eng ENG,19.0,7.0,21.0,3.0,12.0,4.0,2.0,2.0,1.0,1.0,0.14,0.0,0.0,0.0,1.0,0.0,0.0,Arsenal,FW,
Martinelli,br BRA,18.0,7.4,8.0,1.09,5.0,0.0,2.0,0.0,1.0,0.0,0.0,0.0,0.0,0.0,0.0,0.0,0.0,Arsenal,FW,
Rob Holding,eng ENG,23.0,6.5,2.0,0.31,2.0,0.0,0.0,0.0,0.0,0.0,0.0,0.0,0.0,0.0,0.0,0.0,0.0,Arsenal,DF,
Nacho Monreal,es ESP,33.0,3.0,4.0,1.33,3.0,0.0,0.0,0.0,1.0,0.0,0.0,0.0,0.0,0.0,0.0,0.0,0.0,Arsenal,DF,
Cédric Soares,pt POR,27.0,2.8,3.0,1.08,2.0,1.0,0.0,0.0,0.0,1.0,0.36,1.0,0.0,0.0,0.0,0.0,0.0,Arsenal,DF,
Pablo Marí,es ESP,25.0,1.3,0.0,0.0,0.0,0.0,0.0,0.0,0.0,0.0,0.0,0.0,0.0,0.0,0.0,0.0,0.0,Arsenal,DF,
Henrikh Mkhitaryan,am ARM,30.0,1.2,6.0,4.82,5.0,0.0,0.0,1.0,0.0,0.0,0.0,0.0,0.0,0.0,0.0,0.0,0.0,Arsenal,FW,
Emile Smith-Rowe,eng ENG,19.0,1.1,0.0,0.0,0.0,0.0,0.0,0.0,0.0,0.0,0.0,0.0,0.0,0.0,0.0,0.0,0.0,Arsenal,MF,
Jack Grealish,eng ENG,23.0,35.9,184.0,5.12,130.0,22.0,11.0,2.0,19.0,15.0,0.42,11.0,1.0,2.0,0.0,1.0,0.0,Aston Villa,FW,MF
Tyrone Mings,eng ENG,26.0,32.2,13.0,0.4,12.0,1.0,0.0,0.0,0.0,2.0,0.06,2.0,0.0,0.0,0.0,0.0,0.0,Aston Villa,DF,
Douglas Luiz,br BRA,21.0,29.0,41.0,1.41,34.0,1.0,3.0,0.0,3.0,2.0,0.07,2.0,0.0,0.0,0.0,0.0,0.0,Aston Villa,MF,
John McGinn,sco SCO,24.0,25.7,93.0,3.62,69.0,10.0,7.0,2.0,5.0,9.0,0.35,6.0,1.0,1.0,0.0,1.0,0.0,Aston Villa,MF,
Matt Targett,eng ENG,23.0,25.5,54.0,2.12,46.0,6.0,0.0,1.0,1.0,4.0,0.16,3.0,0.0,0.0,1.0,0.0,0.0,Aston Villa,DF,
Anwar El Ghazi,nl NED,24.0,22.8,57.0,2.5,38.0,6.0,6.0,3.0,4.0,6.0,0.26,4.0,0.0,2.0,0.0,0.0,0.0,Aston Villa,FW,MF
Ezri Konsa,eng ENG,21.0,22.7,14.0,0.62,9.0,0.0,1.0,2.0,2.0,2.0,0.09,1.0,0.0,0.0,1.0,0.0,0.0,Aston Villa,DF,
Frederic Guilbert,fr FRA,24.0,22.7,32.0,1.41,25.0,4.0,0.0,1.0,2.0,4.0,0.18,4.0,0.0,0.0,0.0,0.0,0.0,Aston Villa,DF,
Wesley Moraes,br BRA,22.0,19.8,26.0,1.31,22.0,0.0,0.0,3.0,1.0,3.0,0.15,3.0,0.0,0.0,0.0,0.0,0.0,Aston Villa,FW,
Trézéguet,eg EGY,24.0,21.7,44.0,2.03,29.0,2.0,5.0,4.0,4.0,2.0,0.09,1.0,0.0,0.0,0.0,1.0,0.0,Aston Villa,FW,MF
Tom Heaton,eng ENG,33.0,19.9,0.0,0.0,0.0,0.0,0.0,0.0,0.0,0.0,0.0,0.0,0.0,0.0,0.0,0.0,0.0,Aston Villa,GK,
Marvelous Nakamba,zw ZIM,25.0,20.4,18.0,0.88,18.0,0.0,0.0,0.0,0.0,1.0,0.05,1.0,0.0,0.0,0.0,0.0,0.0,Aston Villa,MF,
Conor Hourihane,ie IRL,28.0,17.0,57.0,3.34,25.0,27.0,0.0,2.0,3.0,7.0,0.41,2.0,5.0,0.0,0.0,0.0,0.0,Aston Villa,MF,
Kortney Hause,eng ENG,24.0,17.2,8.0,0.47,7.0,0.0,0.0,1.0,0.0,1.0,0.06,0.0,0.0,0.0,1.0,0.0,0.0,Aston Villa,DF,
Björn Engels,be BEL,24.0,16.1,6.0,0.37,5.0,0.0,0.0,1.0,0.0,0.0,0.0,0.0,0.0,0.0,0.0,0.0,0.0,Aston Villa,DF,
Pepe Reina,es ESP,36.0,12.0,2.0,0.17,2.0,0.0,0.0,0.0,0.0,1.0,0.08,1.0,0.0,0.0,0.0,0.0,0.0,Aston Villa,GK,
Neil Taylor,wal WAL,30.0,12.1,10.0,0.82,10.0,0.0,0.0,0.0,0.0,2.0,0.16,2.0,0.0,0.0,0.0,0.0,0.0,Aston Villa,DF,
Ahmed Elmohamady,eg EGY,31.0,11.5,28.0,2.44,27.0,1.0,0.0,0.0,0.0,1.0,0.09,1.0,0.0,0.0,0.0,0.0,0.0,Aston Villa,DF,
Mbwana Samatta,tz TAN,26.0,10.5,21.0,2.0,14.0,0.0,1.0,1.0,4.0,1.0,0.1,0.0,0.0,0.0,0.0,0.0,1.0,Aston Villa,FW,
Ørjan Nyland,no NOR,28.0,6.0,1.0,0.17,1.0,0.0,0.0,0.0,0.0,0.0,0.0,0.0,0.0,0.0,0.0,0.0,0.0,Aston Villa,GK,
Keinan Davis,eng ENG,21.0,6.1,20.0,3.28,11.0,0.0,1.0,4.0,4.0,3.0,0.49,1.0,0.0,0.0,1.0,1.0,0.0,Aston Villa,FW,
Jota,es ESP,28.0,3.7,8.0,2.15,7.0,0.0,0.0,0.0,1.0,1.0,0.27,1.0,0.0,0.0,0.0,0.0,0.0,Aston Villa,FW,MF
Danny Drinkwater,eng ENG,29.0,2.9,4.0,1.39,3.0,0.0,0.0,0.0,1.0,0.0,0.0,0.0,0.0,0.0,0.0,0.0,0.0,Aston Villa,MF,
Henri Lansbury,eng ENG,28.0,2.2,2.0,0.92,2.0,0.0,0.0,0.0,0.0,0.0,0.0,0.0,0.0,0.0,0.0,0.0,0.0,Aston Villa,MF,
Jed Steer,eng ENG,26.0,0.1,0.0,0.0,0.0,0.0,0.0,0.0,0.0,0.0,0.0,0.0,0.0,0.0,0.0,0.0,0.0,Aston Villa,GK,
Jonathan Kodjia,ci CIV,29.0,1.3,3.0,2.31,2.0,0.0,1.0,0.0,0.0,0.0,0.0,0.0,0.0,0.0,0.0,0.0,0.0,Aston Villa,FW,MF
Indiana Vassilev,us USA,18.0,0.6,1.0,1.76,1.0,0.0,0.0,0.0,0.0,0.0,0.0,0.0,0.0,0.0,0.0,0.0,0.0,Aston Villa,FW,MF
Borja Bastón,es ESP,26.0,0.2,0.0,0.0,0.0,0.0,0.0,0.0,0.0,0.0,0.0,0.0,0.0,0.0,0.0,0.0,0.0,Aston Villa,MF,FW
Aaron Ramsdale,eng ENG,21.0,37.0,3.0,0.08,1.0,2.0,0.0,0.0,0.0,0.0,0.0,0.0,0.0,0.0,0.0,0.0,0.0,Bournemouth,GK,
Callum Wilson,eng ENG,27.0,32.3,58.0,1.8,43.0,0.0,3.0,5.0,7.0,7.0,0.22,2.0,0.0,1.0,1.0,3.0,0.0,Bournemouth,FW,
Jefferson Lerma,co COL,24.0,30.0,34.0,1.13,28.0,0.0,2.0,0.0,4.0,2.0,0.07,2.0,0.0,0.0,0.0,0.0,0.0,Bournemouth,MF,
Philip Billing,dk DEN,23.0,28.1,43.0,1.53,35.0,2.0,2.0,3.0,1.0,4.0,0.14,4.0,0.0,0.0,0.0,0.0,0.0,Bournemouth,MF,
Nathan Aké,nl NED,24.0,27.8,13.0,0.47,7.0,0.0,1.0,4.0,1.0,2.0,0.07,1.0,0.0,0.0,1.0,0.0,0.0,Bournemouth,DF,
Steve Cook,eng ENG,28.0,27.0,6.0,0.22,5.0,1.0,0.0,0.0,0.0,0.0,0.0,0.0,0.0,0.0,0.0,0.0,0.0,Bournemouth,DF,
Diego Rico,es ESP,26.0,25.9,52.0,2.01,23.0,28.0,0.0,0.0,0.0,7.0,0.27,4.0,2.0,0.0,0.0,0.0,1.0,Bournemouth,DF,
Adam Smith,eng ENG,28.0,22.8,19.0,0.83,16.0,0.0,1.0,0.0,2.0,1.0,0.04,1.0,0.0,0.0,0.0,0.0,0.0,Bournemouth,DF,
Joshua King,no NOR,27.0,22.3,56.0,2.51,37.0,0.0,11.0,3.0,5.0,8.0,0.36,4.0,0.0,2.0,1.0,1.0,0.0,Bournemouth,FW,MF
Ryan Fraser,sco SCO,25.0,23.0,66.0,2.87,44.0,17.0,2.0,1.0,2.0,6.0,0.26,3.0,2.0,0.0,1.0,0.0,0.0,Bournemouth,MF,FW
Harry Wilson,wal WAL,22.0,18.3,43.0,2.35,30.0,3.0,1.0,2.0,7.0,3.0,0.16,1.0,0.0,0.0,1.0,1.0,0.0,Bournemouth,MF,FW
Dominic Solanke,eng ENG,21.0,18.3,43.0,2.34,30.0,0.0,3.0,5.0,5.0,5.0,0.27,2.0,0.0,1.0,1.0,1.0,0.0,Bournemouth,FW,MF
Jack Stacey,eng ENG,23.0,17.2,16.0,0.93,14.0,0.0,2.0,0.0,0.0,2.0,0.12,2.0,0.0,0.0,0.0,0.0,0.0,Bournemouth,DF,
Lewis Cook,eng ENG,22.0,15.0,32.0,2.13,24.0,2.0,1.0,3.0,2.0,4.0,0.27,2.0,0.0,0.0,1.0,1.0,0.0,Bournemouth,MF,
Dan Gosling,eng ENG,29.0,14.0,18.0,1.28,15.0,0.0,0.0,1.0,2.0,1.0,0.07,1.0,0.0,0.0,0.0,0.0,0.0,Bournemouth,MF,
Simon Francis,eng ENG,34.0,10.8,7.0,0.65,6.0,0.0,1.0,0.0,0.0,1.0,0.09,1.0,0.0,0.0,0.0,0.0,0.0,Bournemouth,DF,
Chris Mepham,wal WAL,21.0,10.1,3.0,0.3,3.0,0.0,0.0,0.0,0.0,0.0,0.0,0.0,0.0,0.0,0.0,0.0,0.0,Bournemouth,DF,
David Brooks,wal WAL,22.0,5.6,8.0,1.42,6.0,1.0,0.0,1.0,0.0,1.0,0.18,0.0,0.0,0.0,1.0,0.0,0.0,Bournemouth,MF,
Junior Stanislas,eng ENG,29.0,7.9,24.0,3.03,13.0,7.0,2.0,2.0,0.0,4.0,0.51,1.0,0.0,1.0,2.0,0.0,0.0,Bournemouth,MF,DF
Lloyd Kelly,eng ENG,20.0,7.1,5.0,0.7,4.0,1.0,0.0,0.0,0.0,1.0,0.14,1.0,0.0,0.0,0.0,0.0,0.0,Bournemouth,DF,
Arnaut Groeneveld,nl NED,22.0,7.0,8.0,1.14,5.0,1.0,0.0,0.0,2.0,0.0,0.0,0.0,0.0,0.0,0.0,0.0,0.0,Bournemouth,MF,
Andrew Surman,eng ENG,32.0,2.6,1.0,0.38,1.0,0.0,0.0,0.0,0.0,0.0,0.0,0.0,0.0,0.0,0.0,0.0,0.0,Bournemouth,MF,
Charlie Daniels,eng ENG,32.0,1.4,4.0,2.86,3.0,1.0,0.0,0.0,0.0,0.0,0.0,0.0,0.0,0.0,0.0,0.0,0.0,Bournemouth,DF,
Jack Simpson,eng ENG,22.0,2.7,0.0,0.0,0.0,0.0,0.0,0.0,0.0,0.0,0.0,0.0,0.0,0.0,0.0,0.0,0.0,Bournemouth,DF,
Mark Travers,ie IRL,20.0,1.0,0.0,0.0,0.0,0.0,0.0,0.0,0.0,0.0,0.0,0.0,0.0,0.0,0.0,0.0,0.0,Bournemouth,GK,
Jordon Ibe,eng ENG,23.0,0.6,0.0,0.0,0.0,0.0,0.0,0.0,0.0,0.0,0.0,0.0,0.0,0.0,0.0,0.0,0.0,Bournemouth,DF,
Sam Surridge,eng ENG,21.0,0.3,0.0,0.0,0.0,0.0,0.0,0.0,0.0,0.0,0.0,0.0,0.0,0.0,0.0,0.0,0.0,Bournemouth,FW,
Mathew Ryan,au AUS,27.0,38.0,4.0,0.11,3.0,1.0,0.0,0.0,0.0,3.0,0.08,2.0,1.0,0.0,0.0,0.0,0.0,Brighton,GK,
Lewis Dunk,eng ENG,27.0,35.9,25.0,0.7,23.0,2.0,0.0,0.0,0.0,3.0,0.08,3.0,0.0,0.0,0.0,0.0,0.0,Brighton,DF,
Dan Burn,eng ENG,27.0,32.0,34.0,1.06,29.0,3.0,1.0,1.0,0.0,2.0,0.06,2.0,0.0,0.0,0.0,0.0,0.0,Brighton,DF,
Davy Pröpper,nl NED,27.0,31.4,62.0,1.97,56.0,0.0,1.0,3.0,2.0,4.0,0.13,4.0,0.0,0.0,0.0,0.0,0.0,Brighton,MF,
Adam Webster,eng ENG,24.0,29.6,21.0,0.71,19.0,1.0,1.0,0.0,0.0,1.0,0.03,1.0,0.0,0.0,0.0,0.0,0.0,Brighton,DF,
Neal Maupay,fr FRA,22.0,30.7,71.0,2.31,51.0,0.0,7.0,9.0,4.0,7.0,0.23,6.0,0.0,1.0,0.0,0.0,0.0,Brighton,FW,
Dale Stephens,eng ENG,30.0,28.1,40.0,1.42,38.0,0.0,0.0,2.0,0.0,3.0,0.11,3.0,0.0,0.0,0.0,0.0,0.0,Brighton,MF,
Aaron Mooy,au AUS,28.0,23.2,70.0,3.02,51.0,12.0,3.0,2.0,2.0,7.0,0.3,4.0,1.0,2.0,0.0,0.0,0.0,Brighton,MF,FW
Martín Montoya,es ESP,28.0,21.1,37.0,1.76,32.0,0.0,1.0,1.0,3.0,3.0,0.14,2.0,0.0,0.0,0.0,1.0,0.0,Brighton,DF,
Leandro Trossard,be BEL,24.0,22.3,78.0,3.49,55.0,9.0,7.0,3.0,3.0,9.0,0.4,4.0,2.0,1.0,1.0,0.0,1.0,Brighton,FW,MF
Pascal Groß,de GER,28.0,20.0,93.0,4.66,51.0,33.0,4.0,1.0,2.0,8.0,0.4,3.0,3.0,0.0,0.0,0.0,2.0,Brighton,FW,MF
Yves Bissouma,ml MLI,22.0,14.0,11.0,0.79,10.0,0.0,0.0,1.0,0.0,0.0,0.0,0.0,0.0,0.0,0.0,0.0,0.0,Brighton,MF,
Aaron Connolly,ie IRL,19.0,14.0,22.0,1.57,7.0,0.0,3.0,3.0,9.0,5.0,0.36,1.0,0.0,1.0,1.0,2.0,0.0,Brighton,FW,
Shane Duffy,ie IRL,27.0,13.8,5.0,0.36,4.0,0.0,1.0,0.0,0.0,0.0,0.0,0.0,0.0,0.0,0.0,0.0,0.0,Brighton,DF,
Steven Alzate,co COL,20.0,13.2,30.0,2.27,22.0,0.0,5.0,2.0,1.0,1.0,0.08,0.0,0.0,0.0,0.0,1.0,0.0,Brighton,MF,DF
Solly March,eng ENG,25.0,12.7,32.0,2.52,24.0,3.0,3.0,0.0,2.0,2.0,0.16,2.0,0.0,0.0,0.0,0.0,0.0,Brighton,DF,FW
Glenn Murray,eng ENG,35.0,8.9,12.0,1.36,7.0,0.0,1.0,3.0,1.0,1.0,0.11,1.0,0.0,0.0,0.0,0.0,0.0,Brighton,FW,
Bernardo,br BRA,24.0,7.5,10.0,1.33,9.0,1.0,0.0,0.0,0.0,0.0,0.0,0.0,0.0,0.0,0.0,0.0,0.0,Brighton,DF,
Tariq Lamptey,eng ENG,18.0,6.5,10.0,1.53,6.0,1.0,1.0,1.0,1.0,2.0,0.31,1.0,1.0,0.0,0.0,0.0,0.0,Brighton,DF,
Ezequiel Schelotto,it ITA,30.0,4.0,3.0,0.75,1.0,0.0,0.0,1.0,1.0,1.0,0.25,0.0,0.0,0.0,0.0,1.0,0.0,Brighton,DF,
Alexis Mac Allister,ar ARG,20.0,3.9,11.0,2.81,4.0,3.0,2.0,2.0,0.0,0.0,0.0,0.0,0.0,0.0,0.0,0.0,0.0,Brighton,MF,FW
Alireza Jahanbakhsh,ir IRN,25.0,3.5,8.0,2.32,5.0,0.0,1.0,0.0,1.0,1.0,0.29,0.0,0.0,0.0,0.0,0.0,1.0,Brighton,FW,MF
Jürgen Locadia,nl NED,25.0,1.0,1.0,1.05,1.0,0.0,0.0,0.0,0.0,0.0,0.0,0.0,0.0,0.0,0.0,0.0,0.0,Brighton,MF,FW
Florin Andone,ro ROU,26.0,0.8,1.0,1.23,1.0,0.0,0.0,0.0,0.0,0.0,0.0,0.0,0.0,0.0,0.0,0.0,0.0,Brighton,MF,FW
Gaëtan Bong,cm CMR,31.0,0.7,3.0,4.58,3.0,0.0,0.0,0.0,0.0,0.0,0.0,0.0,0.0,0.0,0.0,0.0,0.0,Brighton,MF,DF
Nick Pope,eng ENG,27.0,38.0,8.0,0.21,5.0,3.0,0.0,0.0,0.0,0.0,0.0,0.0,0.0,0.0,0.0,0.0,0.0,Burnley,GK,
James Tarkowski,eng ENG,26.0,38.0,26.0,0.68,22.0,0.0,0.0,4.0,0.0,7.0,0.18,5.0,0.0,0.0,2.0,0.0,0.0,Burnley,DF,
Dwight McNeil,eng ENG,19.0,37.1,102.0,2.75,61.0,22.0,6.0,6.0,7.0,14.0,0.38,9.0,2.0,1.0,1.0,1.0,0.0,Burnley,MF,
Ashley Westwood,eng ENG,29.0,35.0,93.0,2.66,60.0,29.0,0.0,2.0,1.0,9.0,0.26,3.0,5.0,0.0,0.0,0.0,1.0,Burnley,MF,
Ben Mee,eng ENG,29.0,32.0,21.0,0.66,13.0,1.0,1.0,6.0,0.0,2.0,0.06,1.0,0.0,0.0,1.0,0.0,0.0,Burnley,DF,
Jack Cork,eng ENG,30.0,29.0,24.0,0.83,20.0,0.0,2.0,0.0,2.0,3.0,0.1,3.0,0.0,0.0,0.0,0.0,0.0,Burnley,MF,
Chris Wood,nz NZL,27.0,27.1,49.0,1.81,32.0,0.0,5.0,4.0,8.0,3.0,0.11,3.0,0.0,0.0,0.0,0.0,0.0,Burnley,FW,
Charlie Taylor,eng ENG,25.0,21.6,21.0,0.97,19.0,0.0,0.0,0.0,2.0,1.0,0.05,1.0,0.0,0.0,0.0,0.0,0.0,Burnley,DF,
Jeff Hendrick,ie IRL,27.0,21.5,27.0,1.26,21.0,3.0,1.0,2.0,0.0,1.0,0.05,1.0,0.0,0.0,0.0,0.0,0.0,Burnley,MF,
Phil Bardsley,sco SCO,34.0,21.0,16.0,0.76,11.0,3.0,0.0,2.0,0.0,0.0,0.0,0.0,0.0,0.0,0.0,0.0,0.0,Burnley,DF,
Erik Pieters,nl NED,30.0,20.9,23.0,1.1,22.0,0.0,0.0,1.0,0.0,4.0,0.19,4.0,0.0,0.0,0.0,0.0,0.0,Burnley,DF,MF
Jay Rodriguez,eng ENG,30.0,22.4,31.0,1.38,21.0,0.0,3.0,4.0,3.0,5.0,0.22,4.0,0.0,0.0,1.0,0.0,0.0,Burnley,FW,
Matthew Lowton,eng ENG,30.0,17.0,17.0,1.0,16.0,0.0,0.0,0.0,1.0,1.0,0.06,1.0,0.0,0.0,0.0,0.0,0.0,Burnley,DF,
Ashley Barnes,at AUT,29.0,15.0,19.0,1.26,12.0,0.0,1.0,1.0,5.0,1.0,0.07,0.0,0.0,0.0,0.0,1.0,0.0,Burnley,FW,
Josh Brownhill,eng ENG,23.0,8.9,13.0,1.45,12.0,0.0,1.0,0.0,0.0,1.0,0.11,1.0,0.0,0.0,0.0,0.0,0.0,Burnley,MF,
Matěj Vydra,cz CZE,27.0,9.1,21.0,2.31,13.0,0.0,4.0,1.0,3.0,3.0,0.33,1.0,0.0,2.0,0.0,0.0,0.0,Burnley,FW,
Jóhann Berg Guðmundsson,is ISL,28.0,6.9,22.0,3.19,17.0,2.0,1.0,1.0,1.0,2.0,0.29,2.0,0.0,0.0,0.0,0.0,0.0,Burnley,MF,
Kevin Long,ie IRL,28.0,6.3,3.0,0.48,1.0,1.0,0.0,1.0,0.0,1.0,0.16,0.0,1.0,0.0,0.0,0.0,0.0,Burnley,DF,
Robbie Brady,ie IRL,27.0,5.0,13.0,2.58,9.0,2.0,0.0,1.0,1.0,3.0,0.59,3.0,0.0,0.0,0.0,0.0,0.0,Burnley,MF,
Aaron Lennon,eng ENG,32.0,5.5,7.0,1.27,6.0,0.0,0.0,0.0,1.0,1.0,0.18,1.0,0.0,0.0,0.0,0.0,0.0,Burnley,MF,
Danny Drinkwater,eng ENG,29.0,0.6,0.0,0.0,0.0,0.0,0.0,0.0,0.0,0.0,0.0,0.0,0.0,0.0,0.0,0.0,0.0,Burnley,MF,
Max Thompson,eng ENG,17.0,0.0,0.0,0.0,0.0,0.0,0.0,0.0,0.0,0.0,0.0,0.0,0.0,0.0,0.0,0.0,0.0,Burnley,FW,
César Azpilicueta,es ESP,29.0,35.9,79.0,2.2,71.0,2.0,1.0,2.0,3.0,7.0,0.2,6.0,1.0,0.0,0.0,0.0,0.0,Chelsea,DF,
Kepa Arrizabalaga,es ESP,24.0,33.0,1.0,0.03,0.0,1.0,0.0,0.0,0.0,0.0,0.0,0.0,0.0,0.0,0.0,0.0,0.0,Chelsea,GK,
Mason Mount,eng ENG,20.0,31.9,115.0,3.61,69.0,29.0,3.0,5.0,9.0,16.0,0.5,9.0,4.0,1.0,0.0,2.0,0.0,Chelsea,MF,FW
Willian,br BRA,30.0,28.9,145.0,5.02,98.0,31.0,6.0,4.0,6.0,13.0,0.45,10.0,1.0,0.0,1.0,1.0,0.0,Chelsea,FW,
Jorginho,it ITA,27.0,26.4,65.0,2.46,61.0,0.0,0.0,1.0,3.0,6.0,0.23,5.0,0.0,0.0,0.0,1.0,0.0,Chelsea,MF,
Kurt Zouma,fr FRA,24.0,26.0,14.0,0.54,12.0,0.0,0.0,1.0,1.0,0.0,0.0,0.0,0.0,0.0,0.0,0.0,0.0,Chelsea,DF,
Tammy Abraham,eng ENG,21.0,24.6,47.0,1.91,33.0,0.0,6.0,6.0,2.0,10.0,0.41,4.0,0.0,3.0,2.0,1.0,0.0,Chelsea,FW,
Mateo Kovačić,hr CRO,25.0,23.0,64.0,2.78,60.0,0.0,2.0,1.0,1.0,7.0,0.3,7.0,0.0,0.0,0.0,0.0,0.0,Chelsea,MF,
Andreas Christensen,dk DEN,23.0,19.5,11.0,0.57,10.0,0.0,0.0,1.0,0.0,1.0,0.05,1.0,0.0,0.0,0.0,0.0,0.0,Chelsea,DF,
N'Golo Kanté,fr FRA,28.0,19.2,51.0,2.65,47.0,0.0,0.0,1.0,3.0,1.0,0.05,1.0,0.0,0.0,0.0,0.0,0.0,Chelsea,MF,
Christian Pulisic,us USA,20.0,19.1,79.0,4.13,51.0,0.0,16.0,4.0,8.0,13.0,0.68,7.0,0.0,2.0,1.0,3.0,0.0,Chelsea,FW,
Antonio Rüdiger,de GER,26.0,19.0,9.0,0.47,8.0,0.0,0.0,1.0,0.0,0.0,0.0,0.0,0.0,0.0,0.0,0.0,0.0,Chelsea,DF,
Reece James,eng ENG,19.0,16.8,48.0,2.85,33.0,8.0,1.0,1.0,5.0,4.0,0.24,4.0,0.0,0.0,0.0,0.0,0.0,Chelsea,DF,
Marcos Alonso,es ESP,28.0,15.9,47.0,2.96,36.0,5.0,1.0,2.0,3.0,6.0,0.38,4.0,0.0,0.0,0.0,2.0,0.0,Chelsea,DF,
Fikayo Tomori,eng ENG,21.0,14.3,14.0,0.98,14.0,0.0,0.0,0.0,0.0,0.0,0.0,0.0,0.0,0.0,0.0,0.0,0.0,Chelsea,DF,
Ross Barkley,eng ENG,25.0,12.3,46.0,3.75,31.0,1.0,6.0,5.0,3.0,5.0,0.41,4.0,0.0,0.0,1.0,0.0,0.0,Chelsea,MF,
Emerson Palmieri,it ITA,24.0,11.4,28.0,2.46,20.0,7.0,1.0,0.0,0.0,0.0,0.0,0.0,0.0,0.0,0.0,0.0,0.0,Chelsea,DF,
Olivier Giroud,fr FRA,32.0,11.0,20.0,1.81,14.0,0.0,1.0,3.0,2.0,4.0,0.36,2.0,0.0,1.0,1.0,0.0,0.0,Chelsea,FW,
Pedro,es ESP,32.0,7.3,34.0,4.63,23.0,1.0,4.0,4.0,2.0,4.0,0.54,2.0,0.0,1.0,1.0,0.0,0.0,Chelsea,FW,
Callum Hudson-Odoi,eng ENG,18.0,9.6,45.0,4.69,35.0,1.0,4.0,3.0,2.0,6.0,0.63,6.0,0.0,0.0,0.0,0.0,0.0,Chelsea,FW,
Willy Caballero,ar ARG,37.0,5.0,0.0,0.0,0.0,0.0,0.0,0.0,0.0,0.0,0.0,0.0,0.0,0.0,0.0,0.0,0.0,Chelsea,GK,
Ruben Loftus-Cheek,eng ENG,23.0,2.3,2.0,0.87,2.0,0.0,0.0,0.0,0.0,1.0,0.43,1.0,0.0,0.0,0.0,0.0,0.0,Chelsea,MF,FW
Billy Gilmour,sco SCO,18.0,2.2,6.0,2.78,5.0,0.0,0.0,0.0,1.0,1.0,0.46,1.0,0.0,0.0,0.0,0.0,0.0,Chelsea,MF,
Michy Batshuayi,be BEL,25.0,2.7,7.0,2.64,5.0,0.0,1.0,1.0,0.0,3.0,1.13,2.0,0.0,0.0,1.0,0.0,0.0,Chelsea,FW,
Tariq Lamptey,eng ENG,18.0,0.4,1.0,2.81,1.0,0.0,0.0,0.0,0.0,0.0,0.0,0.0,0.0,0.0,0.0,0.0,0.0,Chelsea,DF,
Faustino Anjorin,eng ENG,17.0,0.2,0.0,0.0,0.0,0.0,0.0,0.0,0.0,0.0,0.0,0.0,0.0,0.0,0.0,0.0,0.0,Chelsea,FW,
Armando Broja,al ALB,17.0,0.1,0.0,0.0,0.0,0.0,0.0,0.0,0.0,0.0,0.0,0.0,0.0,0.0,0.0,0.0,0.0,Chelsea,FW,
Wilfried Zaha,ci CIV,26.0,36.4,105.0,2.88,62.0,0.0,22.0,5.0,15.0,8.0,0.22,4.0,0.0,0.0,1.0,2.0,1.0,Crystal Palace,MF,FW
Jordan Ayew,gh GHA,27.0,35.0,66.0,1.89,43.0,0.0,11.0,1.0,11.0,7.0,0.2,3.0,0.0,3.0,0.0,1.0,0.0,Crystal Palace,FW,MF
James McArthur,sco SCO,31.0,34.3,60.0,1.75,51.0,0.0,3.0,2.0,4.0,9.0,0.26,5.0,0.0,0.0,1.0,3.0,0.0,Crystal Palace,MF,
Vicente Guaita,es ESP,32.0,35.0,3.0,0.09,3.0,0.0,0.0,0.0,0.0,1.0,0.03,1.0,0.0,0.0,0.0,0.0,0.0,Crystal Palace,GK,
Cheikhou Kouyaté,sn SEN,29.0,28.1,16.0,0.57,14.0,0.0,1.0,1.0,0.0,1.0,0.04,1.0,0.0,0.0,0.0,0.0,0.0,Crystal Palace,MF,DF
Patrick van Aanholt,nl NED,28.0,27.9,62.0,2.23,32.0,23.0,3.0,2.0,2.0,5.0,0.18,3.0,1.0,1.0,0.0,0.0,0.0,Crystal Palace,DF,
Luka Milivojević,rs SRB,28.0,27.9,43.0,1.54,17.0,25.0,1.0,0.0,0.0,3.0,0.11,2.0,1.0,0.0,0.0,0.0,0.0,Crystal Palace,MF,
Joel Ward,eng ENG,29.0,26.5,9.0,0.34,8.0,0.0,0.0,0.0,0.0,2.0,0.08,1.0,0.0,0.0,0.0,0.0,1.0,Crystal Palace,DF,
Gary Cahill,eng ENG,33.0,24.1,8.0,0.33,5.0,1.0,0.0,2.0,0.0,1.0,0.04,1.0,0.0,0.0,0.0,0.0,0.0,Crystal Palace,DF,
James Tomkins,eng ENG,30.0,17.6,5.0,0.28,4.0,0.0,0.0,0.0,1.0,1.0,0.06,1.0,0.0,0.0,0.0,0.0,0.0,Crystal Palace,DF,
Martin Kelly,eng ENG,29.0,17.2,9.0,0.52,9.0,0.0,0.0,0.0,0.0,1.0,0.06,1.0,0.0,0.0,0.0,0.0,0.0,Crystal Palace,DF,
James McCarthy,ie IRL,28.0,18.7,28.0,1.5,14.0,13.0,0.0,1.0,0.0,3.0,0.16,1.0,2.0,0.0,0.0,0.0,0.0,Crystal Palace,MF,
Andros Townsend,eng ENG,28.0,14.4,22.0,1.53,17.0,1.0,0.0,2.0,2.0,2.0,0.14,2.0,0.0,0.0,0.0,0.0,0.0,Crystal Palace,MF,
Scott Dann,eng ENG,32.0,14.1,7.0,0.5,6.0,0.0,1.0,0.0,0.0,1.0,0.07,1.0,0.0,0.0,0.0,0.0,0.0,Crystal Palace,DF,
Christian Benteke,be BEL,28.0,14.0,36.0,2.57,24.0,0.0,5.0,4.0,3.0,6.0,0.43,5.0,0.0,1.0,0.0,0.0,0.0,Crystal Palace,FW,
Jeffrey Schlupp,gh GHA,26.0,11.5,13.0,1.13,9.0,0.0,1.0,1.0,2.0,2.0,0.17,2.0,0.0,0.0,0.0,0.0,0.0,Crystal Palace,MF,DF
Mamadou Sakho,fr FRA,29.0,10.3,1.0,0.1,1.0,0.0,0.0,0.0,0.0,0.0,0.0,0.0,0.0,0.0,0.0,0.0,0.0,Crystal Palace,DF,
Jaïro Riedewald,nl NED,22.0,8.5,5.0,0.59,5.0,0.0,0.0,0.0,0.0,0.0,0.0,0.0,0.0,0.0,0.0,0.0,0.0,Crystal Palace,DF,MF
Max Meyer,de GER,23.0,7.3,11.0,1.51,10.0,0.0,0.0,0.0,1.0,1.0,0.14,1.0,0.0,0.0,0.0,0.0,0.0,Crystal Palace,MF,FW
Wayne Hennessey,wal WAL,32.0,3.0,1.0,0.33,0.0,1.0,0.0,0.0,0.0,0.0,0.0,0.0,0.0,0.0,0.0,0.0,0.0,Crystal Palace,GK,
Tyrick Mitchell,eng ENG,19.0,2.2,5.0,2.31,4.0,0.0,1.0,0.0,0.0,0.0,0.0,0.0,0.0,0.0,0.0,0.0,0.0,Crystal Palace,DF,
Cenk Tosun,tr TUR,28.0,2.0,2.0,1.02,0.0,0.0,1.0,1.0,0.0,0.0,0.0,0.0,0.0,0.0,0.0,0.0,0.0,Crystal Palace,FW,
Connor Wickham,eng ENG,26.0,1.1,2.0,1.87,2.0,0.0,0.0,0.0,0.0,0.0,0.0,0.0,0.0,0.0,0.0,0.0,0.0,Crystal Palace,FW,MF
Brandon Pierrick,eng ENG,17.0,0.2,0.0,0.0,0.0,0.0,0.0,0.0,0.0,0.0,0.0,0.0,0.0,0.0,0.0,0.0,0.0,Crystal Palace,MF,
Víctor Camarasa,es ESP,25.0,0.1,1.0,15.0,1.0,0.0,0.0,0.0,0.0,0.0,0.0,0.0,0.0,0.0,0.0,0.0,0.0,Crystal Palace,MF,
Jordan Pickford,eng ENG,25.0,38.0,6.0,0.16,3.0,3.0,0.0,0.0,0.0,0.0,0.0,0.0,0.0,0.0,0.0,0.0,0.0,Everton,GK,
Richarlison,br BRA,22.0,34.1,78.0,2.29,45.0,0.0,10.0,8.0,14.0,10.0,0.29,5.0,0.0,2.0,1.0,1.0,1.0,Everton,FW,
Lucas Digne,fr FRA,26.0,33.7,104.0,3.09,58.0,38.0,2.0,3.0,3.0,11.0,0.33,8.0,3.0,0.0,0.0,0.0,0.0,Everton,DF,
Dominic Calvert-Lewin,eng ENG,22.0,29.2,54.0,1.85,34.0,0.0,2.0,5.0,12.0,3.0,0.1,2.0,0.0,0.0,0.0,0.0,1.0,Everton,FW,
Gylfi Sigurðsson,is ISL,29.0,28.4,80.0,2.81,32.0,31.0,4.0,11.0,2.0,8.0,0.28,4.0,2.0,1.0,1.0,0.0,0.0,Everton,MF,
Michael Keane,eng ENG,26.0,28.4,10.0,0.35,10.0,0.0,0.0,0.0,0.0,1.0,0.04,1.0,0.0,0.0,0.0,0.0,0.0,Everton,DF,
Yerry Mina,co COL,24.0,25.4,13.0,0.51,8.0,0.0,0.0,5.0,0.0,2.0,0.08,1.0,0.0,0.0,1.0,0.0,0.0,Everton,DF,
Mason Holgate,eng ENG,22.0,22.8,17.0,0.74,9.0,0.0,1.0,6.0,1.0,5.0,0.22,3.0,0.0,0.0,2.0,0.0,0.0,Everton,DF,
Tom Davies,eng ENG,21.0,22.5,24.0,1.07,17.0,0.0,2.0,3.0,2.0,0.0,0.0,0.0,0.0,0.0,0.0,0.0,0.0,Everton,MF,
Séamus Coleman,ie IRL,30.0,20.4,23.0,1.13,16.0,2.0,3.0,2.0,0.0,3.0,0.15,2.0,0.0,0.0,1.0,0.0,0.0,Everton,DF,
Alex Iwobi,ng NGA,23.0,17.7,44.0,2.48,41.0,0.0,2.0,1.0,0.0,2.0,0.11,2.0,0.0,0.0,0.0,0.0,0.0,Everton,MF,FW
Djibril Sidibé,fr FRA,27.0,20.3,35.0,1.73,30.0,3.0,0.0,0.0,2.0,4.0,0.2,4.0,0.0,0.0,0.0,0.0,0.0,Everton,DF,
André Gomes,pt POR,26.0,16.2,29.0,1.79,25.0,1.0,2.0,0.0,1.0,2.0,0.12,1.0,0.0,0.0,0.0,1.0,0.0,Everton,MF,
Theo Walcott,eng ENG,30.0,14.3,32.0,2.24,24.0,0.0,3.0,3.0,2.0,4.0,0.28,3.0,0.0,0.0,1.0,0.0,0.0,Everton,MF,FW
Bernard,br BRA,26.0,14.2,47.0,3.3,39.0,0.0,5.0,2.0,1.0,5.0,0.35,3.0,0.0,2.0,0.0,0.0,0.0,Everton,MF,FW
Fabian Delph,eng ENG,29.0,13.2,17.0,1.29,16.0,0.0,0.0,1.0,0.0,2.0,0.15,2.0,0.0,0.0,0.0,0.0,0.0,Everton,MF,
Morgan Schneiderlin,fr FRA,29.0,11.1,17.0,1.53,15.0,0.0,1.0,1.0,0.0,1.0,0.09,1.0,0.0,0.0,0.0,0.0,0.0,Everton,MF,
Moise Kean,it ITA,19.0,9.5,27.0,2.85,14.0,0.0,8.0,3.0,2.0,1.0,0.11,0.0,0.0,0.0,1.0,0.0,0.0,Everton,FW,
Anthony Gordon,eng ENG,18.0,4.9,9.0,1.84,7.0,2.0,0.0,0.0,0.0,1.0,0.2,1.0,0.0,0.0,0.0,0.0,0.0,Everton,MF,FW
Leighton Baines,eng ENG,34.0,4.5,12.0,2.67,8.0,3.0,0.0,0.0,1.0,0.0,0.0,0.0,0.0,0.0,0.0,0.0,0.0,Everton,DF,
Jarrad Branthwaite,eng ENG,17.0,3.3,0.0,0.0,0.0,0.0,0.0,0.0,0.0,0.0,0.0,0.0,0.0,0.0,0.0,0.0,0.0,Everton,DF,
Cenk Tosun,tr TUR,28.0,3.2,7.0,2.16,6.0,0.0,1.0,0.0,0.0,0.0,0.0,0.0,0.0,0.0,0.0,0.0,0.0,Everton,FW,
Jean-Philippe Gbamin,ci CIV,23.0,1.5,0.0,0.0,0.0,0.0,0.0,0.0,0.0,0.0,0.0,0.0,0.0,0.0,0.0,0.0,0.0,Everton,MF,
Oumar Niasse,sn SEN,29.0,0.2,0.0,0.0,0.0,0.0,0.0,0.0,0.0,0.0,0.0,0.0,0.0,0.0,0.0,0.0,0.0,Everton,FW,
Kasper Schmeichel,dk DEN,32.0,38.0,5.0,0.13,1.0,4.0,0.0,0.0,0.0,0.0,0.0,0.0,0.0,0.0,0.0,0.0,0.0,Leicester City,GK,
Jonny Evans,nir NIR,31.0,37.6,22.0,0.59,17.0,0.0,1.0,3.0,1.0,4.0,0.11,3.0,0.0,0.0,0.0,1.0,0.0,Leicester City,DF,
Çağlar Söyüncü,tr TUR,23.0,33.7,13.0,0.39,10.0,1.0,0.0,2.0,0.0,0.0,0.0,0.0,0.0,0.0,0.0,0.0,0.0,Leicester City,DF,
Jamie Vardy,eng ENG,32.0,33.7,63.0,1.87,40.0,0.0,11.0,6.0,5.0,12.0,0.36,6.0,0.0,2.0,1.0,2.0,1.0,Leicester City,FW,
Youri Tielemans,be BEL,22.0,31.4,93.0,2.96,80.0,5.0,1.0,2.0,5.0,9.0,0.29,9.0,0.0,0.0,0.0,0.0,0.0,Leicester City,MF,
Wilfred Ndidi,ng NGA,22.0,29.7,36.0,1.21,33.0,0.0,1.0,1.0,1.0,4.0,0.13,4.0,0.0,0.0,0.0,0.0,0.0,Leicester City,MF,
James Maddison,eng ENG,22.0,29.2,168.0,5.76,76.0,53.0,16.0,7.0,16.0,12.0,0.41,7.0,4.0,1.0,0.0,0.0,0.0,Leicester City,MF,
Ricardo Pereira,pt POR,25.0,28.0,60.0,2.14,50.0,2.0,5.0,0.0,3.0,9.0,0.32,8.0,0.0,0.0,0.0,1.0,0.0,Leicester City,DF,
Ben Chilwell,eng ENG,22.0,26.4,62.0,2.35,53.0,7.0,1.0,1.0,0.0,7.0,0.27,7.0,0.0,0.0,0.0,0.0,0.0,Leicester City,DF,
Ayoze Pérez,es ESP,26.0,22.3,69.0,3.1,53.0,1.0,7.0,2.0,6.0,11.0,0.49,8.0,1.0,1.0,0.0,1.0,0.0,Leicester City,MF,FW
Harvey Barnes,eng ENG,21.0,23.1,77.0,3.33,59.0,0.0,8.0,5.0,5.0,15.0,0.65,12.0,0.0,2.0,1.0,0.0,0.0,Leicester City,MF,FW
Dennis Praet,be BEL,25.0,12.6,23.0,1.83,15.0,1.0,2.0,3.0,1.0,4.0,0.32,3.0,0.0,0.0,0.0,0.0,1.0,Leicester City,MF,
Kelechi Iheanacho,ng NGA,22.0,10.7,39.0,3.66,24.0,0.0,8.0,4.0,3.0,5.0,0.47,3.0,0.0,1.0,0.0,1.0,0.0,Leicester City,FW,
James Justin,eng ENG,21.0,11.2,23.0,2.05,20.0,0.0,0.0,0.0,3.0,2.0,0.18,2.0,0.0,0.0,0.0,0.0,0.0,Leicester City,DF,
Hamza Choudhury,eng ENG,21.0,9.9,12.0,1.21,11.0,0.0,0.0,1.0,0.0,1.0,0.1,1.0,0.0,0.0,0.0,0.0,0.0,Leicester City,MF,
Marc Albrighton,eng ENG,29.0,9.6,26.0,2.7,22.0,2.0,1.0,1.0,0.0,5.0,0.52,5.0,0.0,0.0,0.0,0.0,0.0,Leicester City,MF,DF
Christian Fuchs,at AUT,33.0,8.6,7.0,0.82,7.0,0.0,0.0,0.0,0.0,3.0,0.35,3.0,0.0,0.0,0.0,0.0,0.0,Leicester City,DF,
Wes Morgan,jm JAM,35.0,4.8,6.0,1.24,4.0,0.0,1.0,1.0,0.0,0.0,0.0,0.0,0.0,0.0,0.0,0.0,0.0,Leicester City,DF,
Nampalys Mendy,fr FRA,27.0,3.2,8.0,2.47,8.0,0.0,0.0,0.0,0.0,0.0,0.0,0.0,0.0,0.0,0.0,0.0,0.0,Leicester City,MF,
Demarai Gray,eng ENG,23.0,6.9,29.0,4.2,25.0,1.0,1.0,1.0,1.0,6.0,0.87,5.0,0.0,0.0,0.0,1.0,0.0,Leicester City,MF,FW
Ryan Bennett,eng ENG,29.0,3.7,2.0,0.54,2.0,0.0,0.0,0.0,0.0,0.0,0.0,0.0,0.0,0.0,0.0,0.0,0.0,Leicester City,DF,
Luke Thomas,eng ENG,,3.0,15.0,5.06,15.0,0.0,0.0,0.0,0.0,1.0,0.34,1.0,0.0,0.0,0.0,0.0,0.0,Leicester City,DF,
George Hirst,eng ENG,20.0,0.1,2.0,16.36,0.0,0.0,0.0,0.0,2.0,0.0,0.0,0.0,0.0,0.0,0.0,0.0,0.0,Leicester City,FW,
Matty James,eng ENG,28.0,0.1,0.0,0.0,0.0,0.0,0.0,0.0,0.0,0.0,0.0,0.0,0.0,0.0,0.0,0.0,0.0,Leicester City,MF,
Virgil van Dijk,nl NED,28.0,38.0,22.0,0.58,19.0,0.0,0.0,1.0,2.0,5.0,0.13,4.0,0.0,0.0,0.0,1.0,0.0,Liverpool,DF,
Trent Alexander-Arnold,eng ENG,20.0,35.3,151.0,4.28,91.0,50.0,3.0,5.0,1.0,24.0,0.68,14.0,7.0,0.0,2.0,0.0,1.0,Liverpool,DF,
Georginio Wijnaldum,nl NED,28.0,32.6,45.0,1.38,36.0,0.0,5.0,1.0,3.0,3.0,0.09,3.0,0.0,0.0,0.0,0.0,0.0,Liverpool,MF,
Andrew Robertson,sco SCO,25.0,34.6,108.0,3.12,89.0,13.0,5.0,1.0,0.0,20.0,0.58,16.0,1.0,3.0,0.0,0.0,0.0,Liverpool,DF,
Roberto Firmino,br BRA,27.0,33.2,94.0,2.83,72.0,0.0,15.0,4.0,3.0,19.0,0.57,14.0,0.0,4.0,1.0,0.0,0.0,Liverpool,FW,
Mohamed Salah,eg EGY,27.0,32.0,118.0,3.69,76.0,4.0,23.0,10.0,5.0,16.0,0.5,8.0,2.0,4.0,1.0,1.0,0.0,Liverpool,FW,
Sadio Mané,sn SEN,27.0,30.5,107.0,3.51,85.0,0.0,6.0,3.0,13.0,15.0,0.49,9.0,0.0,0.0,1.0,5.0,0.0,Liverpool,FW,
Alisson,br BRA,26.0,28.3,4.0,0.14,4.0,0.0,0.0,0.0,0.0,1.0,0.04,1.0,0.0,0.0,0.0,0.0,0.0,Liverpool,GK,
Jordan Henderson,eng ENG,29.0,24.9,46.0,1.85,41.0,1.0,1.0,3.0,0.0,7.0,0.28,6.0,0.0,0.0,1.0,0.0,0.0,Liverpool,MF,
Fabinho,br BRA,25.0,23.1,32.0,1.39,30.0,0.0,1.0,0.0,1.0,3.0,0.13,3.0,0.0,0.0,0.0,0.0,0.0,Liverpool,MF,
Joe Gomez,eng ENG,22.0,22.3,16.0,0.72,15.0,0.0,0.0,1.0,0.0,4.0,0.18,3.0,0.0,0.0,1.0,0.0,0.0,Liverpool,DF,
Alex Oxlade-Chamberlain,eng ENG,25.0,16.5,41.0,2.48,31.0,0.0,3.0,3.0,4.0,4.0,0.24,1.0,0.0,2.0,0.0,1.0,0.0,Liverpool,MF,FW
James Milner,eng ENG,33.0,10.4,23.0,2.21,19.0,1.0,0.0,1.0,2.0,4.0,0.38,4.0,0.0,0.0,0.0,0.0,0.0,Liverpool,MF,DF
Adrián,es ESP,32.0,9.7,2.0,0.21,2.0,0.0,0.0,0.0,0.0,0.0,0.0,0.0,0.0,0.0,0.0,0.0,0.0,Liverpool,GK,
Naby Keïta,gn GUI,24.0,9.1,32.0,3.53,28.0,1.0,2.0,1.0,0.0,5.0,0.55,5.0,0.0,0.0,0.0,0.0,0.0,Liverpool,MF,
Dejan Lovren,hr CRO,30.0,8.6,5.0,0.58,5.0,0.0,0.0,0.0,0.0,2.0,0.23,2.0,0.0,0.0,0.0,0.0,0.0,Liverpool,DF,
Joël Matip,cm CMR,27.0,7.8,5.0,0.64,4.0,0.0,0.0,0.0,1.0,0.0,0.0,0.0,0.0,0.0,0.0,0.0,0.0,Liverpool,DF,
Divock Origi,be BEL,24.0,8.0,23.0,2.89,11.0,0.0,6.0,2.0,3.0,4.0,0.5,0.0,0.0,1.0,1.0,1.0,1.0,Liverpool,FW,
Adam Lallana,eng ENG,31.0,4.2,9.0,2.12,7.0,0.0,1.0,0.0,1.0,1.0,0.24,1.0,0.0,0.0,0.0,0.0,0.0,Liverpool,MF,FW
Neco Williams,wal WAL,18.0,2.6,4.0,1.57,3.0,0.0,1.0,0.0,0.0,0.0,0.0,0.0,0.0,0.0,0.0,0.0,0.0,Liverpool,DF,
Takumi Minamino,jp JPN,24.0,2.8,3.0,1.08,2.0,0.0,0.0,1.0,0.0,0.0,0.0,0.0,0.0,0.0,0.0,0.0,0.0,Liverpool,FW,MF
Xherdan Shaqiri,ch SUI,27.0,2.1,4.0,1.95,2.0,2.0,0.0,0.0,0.0,0.0,0.0,0.0,0.0,0.0,0.0,0.0,0.0,Liverpool,FW,
Curtis Jones,eng ENG,18.0,1.4,3.0,2.14,2.0,0.0,1.0,0.0,0.0,1.0,0.71,1.0,0.0,0.0,0.0,0.0,0.0,Liverpool,MF,
Harvey Elliot,eng ENG,16.0,0.1,0.0,0.0,0.0,0.0,0.0,0.0,0.0,0.0,0.0,0.0,0.0,0.0,0.0,0.0,0.0,Liverpool,DF,
Ederson,br BRA,25.0,34.1,4.0,0.12,4.0,0.0,0.0,0.0,0.0,1.0,0.03,1.0,0.0,0.0,0.0,0.0,0.0,Manchester City,GK,
Kevin De Bruyne,be BEL,28.0,31.0,220.0,7.09,157.0,39.0,11.0,4.0,9.0,33.0,1.06,25.0,2.0,2.0,1.0,3.0,0.0,Manchester City,MF,
Raheem Sterling,eng ENG,24.0,29.5,116.0,3.94,82.0,1.0,10.0,12.0,11.0,11.0,0.37,5.0,0.0,0.0,3.0,3.0,0.0,Manchester City,FW,
Rodri,es ESP,23.0,27.6,64.0,2.32,57.0,0.0,2.0,2.0,3.0,3.0,0.11,2.0,0.0,0.0,1.0,0.0,0.0,Manchester City,MF,
Kyle Walker,eng ENG,29.0,26.6,49.0,1.84,45.0,0.0,3.0,0.0,1.0,6.0,0.23,6.0,0.0,0.0,0.0,0.0,0.0,Manchester City,DF,
Fernandinho,br BRA,34.0,26.6,27.0,1.01,24.0,0.0,0.0,3.0,0.0,5.0,0.19,5.0,0.0,0.0,0.0,0.0,0.0,Manchester City,DF,
Bernardo Silva,pt POR,24.0,22.6,94.0,4.17,81.0,2.0,6.0,4.0,1.0,12.0,0.53,9.0,0.0,2.0,1.0,0.0,0.0,Manchester City,FW,MF
David Silva,es ESP,33.0,20.3,108.0,5.32,88.0,1.0,8.0,6.0,5.0,17.0,0.84,13.0,1.0,1.0,1.0,1.0,0.0,Manchester City,MF,
Gabriel Jesus,br BRA,22.0,22.6,70.0,3.1,48.0,0.0,13.0,8.0,1.0,13.0,0.58,9.0,0.0,3.0,1.0,0.0,0.0,Manchester City,FW,
İlkay Gündoğan,de GER,28.0,22.4,73.0,3.25,64.0,2.0,1.0,3.0,3.0,3.0,0.13,3.0,0.0,0.0,0.0,0.0,0.0,Manchester City,MF,
Riyad Mahrez,dz ALG,28.0,21.6,137.0,6.34,90.0,13.0,20.0,4.0,10.0,30.0,1.39,17.0,2.0,5.0,1.0,5.0,0.0,Manchester City,FW,
Nicolás Otamendi,ar ARG,31.0,19.1,8.0,0.42,6.0,0.0,0.0,2.0,0.0,1.0,0.05,0.0,0.0,0.0,1.0,0.0,0.0,Manchester City,DF,
Benjamin Mendy,fr FRA,25.0,16.6,36.0,2.17,33.0,1.0,1.0,1.0,0.0,6.0,0.36,5.0,1.0,0.0,0.0,0.0,0.0,Manchester City,DF,
Sergio Agüero,ar ARG,31.0,16.1,51.0,3.16,28.0,0.0,9.0,9.0,5.0,8.0,0.5,4.0,0.0,1.0,2.0,1.0,0.0,Manchester City,FW,
Aymeric Laporte,fr FRA,25.0,12.2,8.0,0.66,7.0,0.0,0.0,1.0,0.0,0.0,0.0,0.0,0.0,0.0,0.0,0.0,0.0,Manchester City,DF,
Oleksandr Zinchenko,ua UKR,22.0,14.2,31.0,2.19,30.0,1.0,0.0,0.0,0.0,3.0,0.21,3.0,0.0,0.0,0.0,0.0,0.0,Manchester City,DF,
João Cancelo,pt POR,25.0,13.4,43.0,3.2,32.0,1.0,6.0,2.0,2.0,2.0,0.15,1.0,0.0,0.0,0.0,1.0,0.0,Manchester City,DF,
John Stones,eng ENG,25.0,12.5,11.0,0.88,11.0,0.0,0.0,0.0,0.0,0.0,0.0,0.0,0.0,0.0,0.0,0.0,0.0,Manchester City,DF,
Phil Foden,eng ENG,19.0,10.0,44.0,4.4,35.0,2.0,3.0,1.0,3.0,8.0,0.8,8.0,0.0,0.0,0.0,0.0,0.0,Manchester City,FW,MF
Eric García,es ESP,18.0,8.8,3.0,0.34,3.0,0.0,0.0,0.0,0.0,0.0,0.0,0.0,0.0,0.0,0.0,0.0,0.0,Manchester City,DF,
Angeliño,es ESP,22.0,4.7,14.0,2.98,13.0,0.0,1.0,0.0,0.0,0.0,0.0,0.0,0.0,0.0,0.0,0.0,0.0,Manchester City,DF,
Claudio Bravo,cl CHI,36.0,3.9,0.0,0.0,0.0,0.0,0.0,0.0,0.0,0.0,0.0,0.0,0.0,0.0,0.0,0.0,0.0,Manchester City,GK,
Thomas Doyle,eng ENG,17.0,0.2,0.0,0.0,0.0,0.0,0.0,0.0,0.0,0.0,0.0,0.0,0.0,0.0,0.0,0.0,0.0,Manchester City,MF,FW
Leroy Sané,de GER,23.0,0.1,1.0,7.5,1.0,0.0,0.0,0.0,0.0,0.0,0.0,0.0,0.0,0.0,0.0,0.0,0.0,Manchester City,FW,
David de Gea,es ESP,28.0,38.0,2.0,0.05,2.0,0.0,0.0,0.0,0.0,0.0,0.0,0.0,0.0,0.0,0.0,0.0,0.0,Manchester Utd,GK,
Harry Maguire,eng ENG,26.0,38.0,30.0,0.79,28.0,1.0,0.0,1.0,0.0,0.0,0.0,0.0,0.0,0.0,0.0,0.0,0.0,Manchester Utd,DF,
Victor Lindelöf,se SWE,25.0,34.4,17.0,0.49,15.0,1.0,0.0,1.0,0.0,2.0,0.06,2.0,0.0,0.0,0.0,0.0,0.0,Manchester Utd,DF,
Aaron Wan-Bissaka,eng ENG,21.0,34.1,47.0,1.38,40.0,2.0,5.0,0.0,0.0,6.0,0.18,5.0,0.0,1.0,0.0,0.0,0.0,Manchester Utd,DF,
Marcus Rashford,eng ENG,21.0,29.4,93.0,3.17,65.0,2.0,11.0,4.0,10.0,20.0,0.68,11.0,0.0,4.0,0.0,4.0,1.0,Manchester Utd,FW,
Anthony Martial,fr FRA,23.0,29.2,92.0,3.16,72.0,0.0,12.0,3.0,5.0,18.0,0.62,13.0,0.0,2.0,1.0,2.0,0.0,Manchester Utd,FW,
Daniel James,wal WAL,21.0,25.4,64.0,2.52,44.0,0.0,4.0,5.0,11.0,8.0,0.31,8.0,0.0,0.0,0.0,0.0,0.0,Manchester Utd,FW,
Fred,br BRA,26.0,24.0,83.0,3.45,64.0,8.0,4.0,2.0,5.0,1.0,0.04,1.0,0.0,0.0,0.0,0.0,0.0,Manchester Utd,MF,
Scott McTominay,sco SCO,22.0,19.7,35.0,1.78,25.0,0.0,1.0,3.0,5.0,3.0,0.15,2.0,0.0,0.0,0.0,0.0,1.0,Manchester Utd,MF,
Luke Shaw,eng ENG,24.0,19.3,42.0,2.18,34.0,4.0,1.0,1.0,2.0,1.0,0.05,1.0,0.0,0.0,0.0,0.0,0.0,Manchester Utd,DF,
Nemanja Matić,rs SRB,30.0,17.6,43.0,2.45,40.0,0.0,2.0,0.0,1.0,4.0,0.23,4.0,0.0,0.0,0.0,0.0,0.0,Manchester Utd,MF,
Andreas Pereira,br BRA,23.0,16.5,57.0,3.46,44.0,6.0,3.0,2.0,2.0,7.0,0.42,6.0,1.0,0.0,0.0,0.0,0.0,Manchester Utd,MF,FW
Bruno Fernandes,pt POR,24.0,13.2,57.0,4.33,39.0,12.0,1.0,2.0,3.0,12.0,0.91,6.0,3.0,0.0,0.0,3.0,0.0,Manchester Utd,MF,
Paul Pogba,fr FRA,26.0,13.4,57.0,4.26,49.0,0.0,4.0,0.0,4.0,7.0,0.52,5.0,0.0,1.0,0.0,1.0,0.0,Manchester Utd,MF,
Mason Greenwood,eng ENG,17.0,14.7,36.0,2.45,32.0,0.0,2.0,0.0,2.0,7.0,0.48,7.0,0.0,0.0,0.0,0.0,0.0,Manchester Utd,FW,
Brandon Williams,eng ENG,18.0,11.2,24.0,2.15,21.0,1.0,1.0,0.0,1.0,1.0,0.09,0.0,0.0,0.0,0.0,1.0,0.0,Manchester Utd,DF,
Ashley Young,eng ENG,34.0,10.6,25.0,2.36,11.0,13.0,0.0,0.0,1.0,0.0,0.0,0.0,0.0,0.0,0.0,0.0,0.0,Manchester Utd,DF,
Jesse Lingard,eng ENG,26.0,10.4,38.0,3.66,33.0,0.0,2.0,1.0,2.0,3.0,0.29,3.0,0.0,0.0,0.0,0.0,0.0,Manchester Utd,MF,FW
Juan Mata,es ESP,31.0,8.4,38.0,4.51,31.0,3.0,1.0,2.0,1.0,2.0,0.24,2.0,0.0,0.0,0.0,0.0,0.0,Manchester Utd,MF,FW
Axel Tuanzebe,eng ENG,21.0,2.1,2.0,0.95,1.0,0.0,0.0,0.0,1.0,0.0,0.0,0.0,0.0,0.0,0.0,0.0,0.0,Manchester Utd,DF,
Timothy Fosu-Mensah,nl NED,21.0,1.5,3.0,1.99,3.0,0.0,0.0,0.0,0.0,0.0,0.0,0.0,0.0,0.0,0.0,0.0,0.0,Manchester Utd,DF,
Phil Jones,eng ENG,27.0,1.5,0.0,0.0,0.0,0.0,0.0,0.0,0.0,0.0,0.0,0.0,0.0,0.0,0.0,0.0,0.0,Manchester Utd,DF,
Eric Bailly,ci CIV,25.0,1.7,1.0,0.6,1.0,0.0,0.0,0.0,0.0,0.0,0.0,0.0,0.0,0.0,0.0,0.0,0.0,Manchester Utd,DF,
Marcos Rojo,ar ARG,29.0,1.4,0.0,0.0,0.0,0.0,0.0,0.0,0.0,0.0,0.0,0.0,0.0,0.0,0.0,0.0,0.0,Manchester Utd,DF,
Diogo Dalot,pt POR,20.0,0.7,0.0,0.0,0.0,0.0,0.0,0.0,0.0,0.0,0.0,0.0,0.0,0.0,0.0,0.0,0.0,Manchester Utd,DF,
Odion Ighalo,ng NGA,30.0,1.1,5.0,4.46,3.0,0.0,2.0,0.0,0.0,0.0,0.0,0.0,0.0,0.0,0.0,0.0,0.0,Manchester Utd,FW,
Tahith Chong,nl NED,19.0,0.4,2.0,4.86,2.0,0.0,0.0,0.0,0.0,0.0,0.0,0.0,0.0,0.0,0.0,0.0,0.0,Manchester Utd,FW,MF
Angel Gomes,eng ENG,18.0,0.2,2.0,8.57,2.0,0.0,0.0,0.0,0.0,0.0,0.0,0.0,0.0,0.0,0.0,0.0,0.0,Manchester Utd,MF,
James Garner,eng ENG,18.0,0.1,1.0,10.0,0.0,0.0,0.0,0.0,1.0,0.0,0.0,0.0,0.0,0.0,0.0,0.0,0.0,Manchester Utd,MF,
Martin Dúbravka,sk SVK,30.0,38.0,2.0,0.05,1.0,1.0,0.0,0.0,0.0,0.0,0.0,0.0,0.0,0.0,0.0,0.0,0.0,Newcastle Utd,GK,
Miguel Almirón,py PAR,25.0,33.6,77.0,2.29,58.0,0.0,7.0,5.0,7.0,2.0,0.06,2.0,0.0,0.0,0.0,0.0,0.0,Newcastle Utd,MF,FW
Joelinton,br BRA,22.0,29.8,58.0,1.95,48.0,1.0,2.0,4.0,3.0,3.0,0.1,3.0,0.0,0.0,0.0,0.0,0.0,Newcastle Utd,FW,
Federico Fernández,ar ARG,30.0,29.1,10.0,0.34,6.0,0.0,1.0,3.0,0.0,3.0,0.1,1.0,0.0,0.0,2.0,0.0,0.0,Newcastle Utd,DF,
Isaac Hayden,eng ENG,24.0,24.7,26.0,1.05,21.0,0.0,0.0,2.0,3.0,3.0,0.12,1.0,0.0,0.0,1.0,1.0,0.0,Newcastle Utd,MF,
Jonjo Shelvey,eng ENG,27.0,23.5,60.0,2.55,42.0,14.0,3.0,1.0,0.0,6.0,0.25,3.0,2.0,1.0,0.0,0.0,0.0,Newcastle Utd,MF,
Jamaal Lascelles,eng ENG,25.0,23.1,7.0,0.3,5.0,0.0,0.0,1.0,1.0,0.0,0.0,0.0,0.0,0.0,0.0,0.0,0.0,Newcastle Utd,DF,
Allan Saint-Maximin,fr FRA,22.0,20.7,87.0,4.2,52.0,0.0,22.0,6.0,7.0,9.0,0.43,6.0,0.0,1.0,1.0,1.0,0.0,Newcastle Utd,MF,FW
Fabian Schär,ch SUI,27.0,18.6,16.0,0.86,13.0,0.0,1.0,2.0,0.0,3.0,0.16,2.0,0.0,0.0,1.0,0.0,0.0,Newcastle Utd,DF,MF
Javier Manquillo,es ESP,25.0,17.8,14.0,0.79,12.0,1.0,0.0,0.0,1.0,3.0,0.17,1.0,1.0,0.0,0.0,1.0,0.0,Newcastle Utd,DF,
Jetro Willems,nl NED,25.0,16.6,34.0,2.05,27.0,3.0,4.0,0.0,0.0,6.0,0.36,4.0,1.0,1.0,0.0,0.0,0.0,Newcastle Utd,DF,
Sean Longstaff,eng ENG,21.0,15.3,31.0,2.02,19.0,7.0,1.0,2.0,2.0,2.0,0.13,1.0,0.0,0.0,1.0,0.0,0.0,Newcastle Utd,MF,
Matt Ritchie,sco SCO,29.0,14.6,44.0,3.01,17.0,25.0,0.0,1.0,1.0,2.0,0.14,2.0,0.0,0.0,0.0,0.0,0.0,Newcastle Utd,DF,MF
Paul Dummett,wal WAL,27.0,13.6,6.0,0.44,5.0,0.0,0.0,0.0,1.0,1.0,0.07,1.0,0.0,0.0,0.0,0.0,0.0,Newcastle Utd,DF,
Ciaran Clark,ie IRL,29.0,13.2,1.0,0.08,1.0,0.0,0.0,0.0,0.0,0.0,0.0,0.0,0.0,0.0,0.0,0.0,0.0,Newcastle Utd,DF,
Emil Krafth,se SWE,24.0,11.3,4.0,0.35,4.0,0.0,0.0,0.0,0.0,1.0,0.09,1.0,0.0,0.0,0.0,0.0,0.0,Newcastle Utd,DF,
DeAndre Yedlin,us USA,26.0,10.4,15.0,1.44,13.0,0.0,1.0,0.0,1.0,0.0,0.0,0.0,0.0,0.0,0.0,0.0,0.0,Newcastle Utd,DF,
Danny Rose,eng ENG,29.0,9.6,7.0,0.73,6.0,1.0,0.0,0.0,0.0,1.0,0.1,0.0,1.0,0.0,0.0,0.0,0.0,Newcastle Utd,DF,
Dwight Gayle,eng ENG,28.0,9.4,12.0,1.27,7.0,1.0,0.0,2.0,2.0,2.0,0.21,2.0,0.0,0.0,0.0,0.0,0.0,Newcastle Utd,FW,
Nabil Bentaleb,dz ALG,24.0,8.3,10.0,1.2,9.0,1.0,0.0,0.0,0.0,0.0,0.0,0.0,0.0,0.0,0.0,0.0,0.0,Newcastle Utd,MF,
Christian Atsu,gh GHA,27.0,8.3,22.0,2.64,17.0,2.0,2.0,0.0,1.0,3.0,0.36,2.0,1.0,0.0,0.0,0.0,0.0,Newcastle Utd,FW,MF
Matthew Longstaff,eng ENG,19.0,6.4,6.0,0.94,6.0,0.0,0.0,0.0,0.0,1.0,0.16,1.0,0.0,0.0,0.0,0.0,0.0,Newcastle Utd,MF,
Andy Carroll,eng ENG,30.0,7.0,20.0,2.85,19.0,0.0,0.0,0.0,1.0,7.0,1.0,7.0,0.0,0.0,0.0,0.0,0.0,Newcastle Utd,FW,
Valentino Lazaro,at AUT,23.0,5.3,8.0,1.5,4.0,2.0,1.0,1.0,0.0,0.0,0.0,0.0,0.0,0.0,0.0,0.0,0.0,Newcastle Utd,DF,MF
Florian Lejeune,fr FRA,28.0,4.9,1.0,0.2,1.0,0.0,0.0,0.0,0.0,0.0,0.0,0.0,0.0,0.0,0.0,0.0,0.0,Newcastle Utd,DF,
Yoshinori Mutō,jp JPN,27.0,2.4,3.0,1.27,3.0,0.0,0.0,0.0,0.0,0.0,0.0,0.0,0.0,0.0,0.0,0.0,0.0,Newcastle Utd,FW,MF
Ki Sung-yueng,kr KOR,30.0,1.5,2.0,1.31,1.0,1.0,0.0,0.0,0.0,0.0,0.0,0.0,0.0,0.0,0.0,0.0,0.0,Newcastle Utd,MF,
Kelland Watts,eng ENG,19.0,0.2,0.0,0.0,0.0,0.0,0.0,0.0,0.0,0.0,0.0,0.0,0.0,0.0,0.0,0.0,0.0,Newcastle Utd,DF,
Max Aarons,eng ENG,19.0,36.0,54.0,1.5,42.0,2.0,3.0,3.0,4.0,3.0,0.08,1.0,1.0,0.0,0.0,1.0,0.0,Norwich City,DF,
Tim Krul,nl NED,31.0,36.0,2.0,0.06,1.0,1.0,0.0,0.0,0.0,1.0,0.03,1.0,0.0,0.0,0.0,0.0,0.0,Norwich City,GK,
Teemu Pukki,fi FIN,29.0,32.1,53.0,1.65,41.0,0.0,5.0,4.0,2.0,5.0,0.16,3.0,0.0,1.0,0.0,0.0,1.0,Norwich City,FW,
Kenny McLean,sco SCO,27.0,33.0,58.0,1.76,46.0,6.0,2.0,2.0,2.0,2.0,0.06,2.0,0.0,0.0,0.0,0.0,0.0,Norwich City,MF,
Ben Godfrey,eng ENG,21.0,29.4,11.0,0.37,8.0,0.0,0.0,3.0,0.0,1.0,0.03,1.0,0.0,0.0,0.0,0.0,0.0,Norwich City,DF,
Todd Cantwell,eng ENG,21.0,27.7,73.0,2.64,58.0,0.0,6.0,3.0,6.0,5.0,0.18,5.0,0.0,0.0,0.0,0.0,0.0,Norwich City,FW,MF
Emi Buendía,ar ARG,22.0,27.4,135.0,4.93,83.0,30.0,10.0,3.0,9.0,7.0,0.26,5.0,1.0,0.0,1.0,0.0,0.0,Norwich City,FW,MF
Alexander Tettey,no NOR,33.0,26.0,18.0,0.69,16.0,0.0,0.0,2.0,0.0,1.0,0.04,1.0,0.0,0.0,0.0,0.0,0.0,Norwich City,MF,DF
Jamal Lewis,nir NIR,21.0,25.6,32.0,1.25,26.0,2.0,3.0,0.0,1.0,1.0,0.04,1.0,0.0,0.0,0.0,0.0,0.0,Norwich City,DF,
Christoph Zimmermann,de GER,26.0,15.9,1.0,0.06,1.0,0.0,0.0,0.0,0.0,0.0,0.0,0.0,0.0,0.0,0.0,0.0,0.0,Norwich City,DF,
Sam Byram,eng ENG,25.0,14.4,19.0,1.32,14.0,0.0,1.0,3.0,1.0,0.0,0.0,0.0,0.0,0.0,0.0,0.0,0.0,Norwich City,DF,
Onel Hernández,cu CUB,26.0,15.4,43.0,2.8,27.0,1.0,10.0,3.0,2.0,4.0,0.26,3.0,0.0,1.0,0.0,0.0,0.0,Norwich City,FW,MF
Grant Hanley,sco SCO,27.0,14.0,2.0,0.14,2.0,0.0,0.0,0.0,0.0,0.0,0.0,0.0,0.0,0.0,0.0,0.0,0.0,Norwich City,DF,
Marco Stiepermann,de GER,28.0,13.1,33.0,2.52,27.0,0.0,5.0,1.0,0.0,2.0,0.15,2.0,0.0,0.0,0.0,0.0,0.0,Norwich City,MF,
Tom Trybull,de GER,26.0,12.6,9.0,0.72,7.0,0.0,1.0,1.0,0.0,1.0,0.08,1.0,0.0,0.0,0.0,0.0,0.0,Norwich City,MF,
Ondrej Duda,sk SVK,24.0,8.0,25.0,3.11,15.0,6.0,1.0,2.0,1.0,2.0,0.25,1.0,0.0,0.0,1.0,0.0,0.0,Norwich City,MF,
Ibrahim Amadou,fr FRA,26.0,8.4,1.0,0.12,1.0,0.0,0.0,0.0,0.0,0.0,0.0,0.0,0.0,0.0,0.0,0.0,0.0,Norwich City,DF,MF
Lukas Rupp,de GER,28.0,7.7,14.0,1.81,12.0,1.0,0.0,1.0,0.0,0.0,0.0,0.0,0.0,0.0,0.0,0.0,0.0,Norwich City,FW,MF
Moritz Leitner,de GER,26.0,7.6,16.0,2.1,14.0,1.0,0.0,0.0,1.0,0.0,0.0,0.0,0.0,0.0,0.0,0.0,0.0,Norwich City,MF,
Timm Klose,ch SUI,31.0,6.5,2.0,0.31,2.0,0.0,0.0,0.0,0.0,0.0,0.0,0.0,0.0,0.0,0.0,0.0,0.0,Norwich City,DF,
Mario Vrančić,ba BIH,30.0,7.1,22.0,3.11,16.0,0.0,0.0,4.0,2.0,0.0,0.0,0.0,0.0,0.0,0.0,0.0,0.0,Norwich City,MF,
Josip Drmić,ch SUI,26.0,7.2,11.0,1.53,7.0,0.0,1.0,2.0,1.0,1.0,0.14,0.0,0.0,1.0,0.0,0.0,0.0,Norwich City,FW,MF
Adam Idah,ie IRL,18.0,2.5,1.0,0.39,1.0,0.0,0.0,0.0,0.0,0.0,0.0,0.0,0.0,0.0,0.0,0.0,0.0,Norwich City,FW,MF
Michael McGovern,nir NIR,35.0,1.8,0.0,0.0,0.0,0.0,0.0,0.0,0.0,0.0,0.0,0.0,0.0,0.0,0.0,0.0,0.0,Norwich City,GK,
Ralf Fährmann,de GER,30.0,0.2,0.0,0.0,0.0,0.0,0.0,0.0,0.0,0.0,0.0,0.0,0.0,0.0,0.0,0.0,0.0,Norwich City,GK,
Dennis Srbeny,de GER,25.0,0.5,0.0,0.0,0.0,0.0,0.0,0.0,0.0,0.0,0.0,0.0,0.0,0.0,0.0,0.0,0.0,Norwich City,MF,FW
Josh Martin,eng ENG,17.0,0.4,0.0,0.0,0.0,0.0,0.0,0.0,0.0,0.0,0.0,0.0,0.0,0.0,0.0,0.0,0.0,Norwich City,FW,
Patrick Roberts,eng ENG,22.0,0.3,1.0,3.46,0.0,0.0,0.0,0.0,1.0,0.0,0.0,0.0,0.0,0.0,0.0,0.0,0.0,Norwich City,MF,FW
Akin Famewo,eng ENG,20.0,0.0,0.0,0.0,0.0,0.0,0.0,0.0,0.0,0.0,0.0,0.0,0.0,0.0,0.0,0.0,0.0,Norwich City,MF,
Jordan Thomas,eng ENG,,0.0,0.0,0.0,0.0,0.0,0.0,0.0,0.0,0.0,0.0,0.0,0.0,0.0,0.0,0.0,0.0,Norwich City,FW,
George Baldock,eng ENG,26.0,38.0,65.0,1.71,52.0,4.0,6.0,0.0,3.0,6.0,0.16,4.0,0.0,1.0,0.0,1.0,0.0,Sheffield Utd,DF,
Enda Stevens,ie IRL,29.0,37.2,67.0,1.8,54.0,6.0,4.0,3.0,0.0,9.0,0.24,8.0,0.0,1.0,0.0,0.0,0.0,Sheffield Utd,DF,
Chris Basham,eng ENG,31.0,36.0,25.0,0.69,22.0,0.0,2.0,0.0,1.0,2.0,0.06,2.0,0.0,0.0,0.0,0.0,0.0,Sheffield Utd,DF,
Oliver Norwood,nir NIR,28.0,34.3,79.0,2.3,43.0,30.0,0.0,3.0,1.0,6.0,0.17,2.0,2.0,0.0,0.0,0.0,2.0,Sheffield Utd,MF,
Dean Henderson,eng ENG,22.0,36.0,4.0,0.11,2.0,2.0,0.0,0.0,0.0,0.0,0.0,0.0,0.0,0.0,0.0,0.0,0.0,Sheffield Utd,GK,
John Egan,ie IRL,26.0,35.4,6.0,0.17,3.0,0.0,0.0,3.0,0.0,1.0,0.03,0.0,0.0,0.0,1.0,0.0,0.0,Sheffield Utd,DF,
Jack O'Connell,eng ENG,25.0,32.4,23.0,0.71,21.0,0.0,0.0,2.0,0.0,2.0,0.06,2.0,0.0,0.0,0.0,0.0,0.0,Sheffield Utd,DF,
John Fleck,sco SCO,27.0,28.0,71.0,2.54,48.0,16.0,5.0,2.0,0.0,5.0,0.18,4.0,0.0,1.0,0.0,0.0,0.0,Sheffield Utd,MF,
John Lundstram,eng ENG,25.0,27.3,44.0,1.61,36.0,1.0,0.0,5.0,2.0,6.0,0.22,5.0,0.0,0.0,1.0,0.0,0.0,Sheffield Utd,MF,
Oliver McBurnie,sco SCO,23.0,23.5,28.0,1.19,23.0,0.0,1.0,3.0,1.0,2.0,0.09,0.0,0.0,0.0,2.0,0.0,0.0,Sheffield Utd,FW,
David McGoldrick,ie IRL,31.0,20.2,35.0,1.74,26.0,1.0,5.0,2.0,1.0,4.0,0.2,3.0,0.0,1.0,0.0,0.0,0.0,Sheffield Utd,FW,
Sander Berge,no NOR,21.0,10.5,7.0,0.67,6.0,0.0,1.0,0.0,0.0,2.0,0.19,1.0,0.0,1.0,0.0,0.0,0.0,Sheffield Utd,MF,
Lys Mousset,fr FRA,23.0,13.8,26.0,1.89,15.0,0.0,8.0,1.0,2.0,5.0,0.36,5.0,0.0,0.0,0.0,0.0,0.0,Sheffield Utd,FW,
Billy Sharp,eng ENG,33.0,11.7,26.0,2.23,18.0,0.0,2.0,2.0,4.0,3.0,0.26,2.0,0.0,0.0,1.0,0.0,0.0,Sheffield Utd,FW,
Callum Robinson,ie IRL,24.0,7.5,11.0,1.46,9.0,0.0,0.0,1.0,0.0,2.0,0.27,1.0,0.0,0.0,0.0,0.0,1.0,Sheffield Utd,FW,
Ben Osborn,eng ENG,24.0,6.6,13.0,1.97,11.0,0.0,0.0,1.0,1.0,4.0,0.61,3.0,0.0,0.0,1.0,0.0,0.0,Sheffield Utd,MF,DF
Jack Robinson,eng ENG,25.0,5.6,4.0,0.71,3.0,1.0,0.0,0.0,0.0,0.0,0.0,0.0,0.0,0.0,0.0,0.0,0.0,Sheffield Utd,DF,
Luke Freeman,eng ENG,27.0,4.1,5.0,1.23,4.0,0.0,0.0,0.0,1.0,0.0,0.0,0.0,0.0,0.0,0.0,0.0,0.0,Sheffield Utd,MF,
Muhamed Bešić,ba BIH,26.0,2.8,3.0,1.08,3.0,0.0,0.0,0.0,0.0,0.0,0.0,0.0,0.0,0.0,0.0,0.0,0.0,Sheffield Utd,MF,
Phil Jagielka,eng ENG,36.0,2.7,0.0,0.0,0.0,0.0,0.0,0.0,0.0,0.0,0.0,0.0,0.0,0.0,0.0,0.0,0.0,Sheffield Utd,DF,
Simon Moore,eng ENG,29.0,2.0,0.0,0.0,0.0,0.0,0.0,0.0,0.0,0.0,0.0,0.0,0.0,0.0,0.0,0.0,0.0,Sheffield Utd,GK,
Richairo Živković,nl NED,22.0,1.2,2.0,1.61,2.0,0.0,0.0,0.0,0.0,0.0,0.0,0.0,0.0,0.0,0.0,0.0,0.0,Sheffield Utd,FW,
Leon Clarke,eng ENG,34.0,0.4,0.0,0.0,0.0,0.0,0.0,0.0,0.0,0.0,0.0,0.0,0.0,0.0,0.0,0.0,0.0,Sheffield Utd,FW,MF
Jack Rodwell,eng ENG,28.0,0.2,0.0,0.0,0.0,0.0,0.0,0.0,0.0,0.0,0.0,0.0,0.0,0.0,0.0,0.0,0.0,Sheffield Utd,MF,
Ravel Morrison,eng ENG,26.0,0.1,1.0,6.92,1.0,0.0,0.0,0.0,0.0,0.0,0.0,0.0,0.0,0.0,0.0,0.0,0.0,Sheffield Utd,MF,
Kieron Freeman,wal WAL,27.0,0.1,0.0,0.0,0.0,0.0,0.0,0.0,0.0,0.0,0.0,0.0,0.0,0.0,0.0,0.0,0.0,Sheffield Utd,FW,
James Ward-Prowse,eng ENG,24.0,38.0,102.0,2.68,47.0,45.0,0.0,7.0,3.0,6.0,0.16,2.0,2.0,0.0,1.0,1.0,0.0,Southampton,MF,DF
Jan Bednarek,pl POL,23.0,34.0,13.0,0.38,11.0,0.0,0.0,1.0,1.0,1.0,0.03,0.0,0.0,0.0,1.0,0.0,0.0,Southampton,DF,
Danny Ings,eng ENG,27.0,31.2,86.0,2.76,55.0,0.0,14.0,9.0,8.0,12.0,0.39,5.0,0.0,5.0,1.0,1.0,0.0,Southampton,FW,
Nathan Redmond,eng ENG,25.0,30.7,91.0,2.97,65.0,0.0,13.0,4.0,9.0,6.0,0.2,5.0,0.0,0.0,0.0,1.0,0.0,Southampton,MF,FW
Ryan Bertrand,eng ENG,29.0,30.5,62.0,2.04,45.0,14.0,0.0,0.0,3.0,1.0,0.03,0.0,1.0,0.0,0.0,0.0,0.0,Southampton,DF,
Pierre Højbjerg,dk DEN,23.0,30.6,63.0,2.06,53.0,1.0,2.0,2.0,5.0,5.0,0.16,3.0,0.0,0.0,0.0,2.0,0.0,Southampton,MF,
Alex McCarthy,eng ENG,29.0,28.0,4.0,0.14,2.0,2.0,0.0,0.0,0.0,0.0,0.0,0.0,0.0,0.0,0.0,0.0,0.0,Southampton,GK,
Jack Stephens,eng ENG,25.0,27.2,15.0,0.55,13.0,1.0,1.0,0.0,0.0,3.0,0.11,3.0,0.0,0.0,0.0,0.0,0.0,Southampton,DF,
Oriol Romeu,es ESP,27.0,20.7,31.0,1.5,27.0,1.0,1.0,1.0,1.0,0.0,0.0,0.0,0.0,0.0,0.0,0.0,0.0,Southampton,MF,
Stuart Armstrong,sco SCO,27.0,19.1,48.0,2.52,37.0,0.0,4.0,4.0,3.0,8.0,0.42,5.0,0.0,1.0,2.0,0.0,0.0,Southampton,MF,
Jannik Vestergaard,dk DEN,26.0,16.6,6.0,0.36,6.0,0.0,0.0,0.0,0.0,1.0,0.06,1.0,0.0,0.0,0.0,0.0,0.0,Southampton,DF,
Cédric Soares,pt POR,27.0,14.5,23.0,1.58,21.0,2.0,0.0,0.0,0.0,2.0,0.14,1.0,1.0,0.0,0.0,0.0,0.0,Southampton,DF,
Shane Long,ie IRL,32.0,15.5,31.0,2.0,25.0,0.0,1.0,4.0,1.0,3.0,0.19,1.0,0.0,0.0,2.0,0.0,0.0,Southampton,FW,
Che Adams,eng ENG,23.0,12.3,24.0,1.94,15.0,0.0,3.0,2.0,4.0,5.0,0.41,2.0,0.0,1.0,0.0,2.0,0.0,Southampton,FW,
Moussa Djenepo,ml MLI,21.0,10.3,39.0,3.78,19.0,0.0,11.0,1.0,8.0,6.0,0.58,3.0,0.0,2.0,0.0,1.0,0.0,Southampton,MF,DF
Angus Gunn,eng ENG,23.0,10.0,0.0,0.0,0.0,0.0,0.0,0.0,0.0,0.0,0.0,0.0,0.0,0.0,0.0,0.0,0.0,Southampton,GK,
Yan Valery,fr FRA,20.0,8.7,7.0,0.81,5.0,1.0,1.0,0.0,0.0,0.0,0.0,0.0,0.0,0.0,0.0,0.0,0.0,Southampton,DF,
Sofiane Boufal,ma MAR,25.0,8.5,37.0,4.36,22.0,0.0,8.0,1.0,6.0,3.0,0.35,2.0,0.0,1.0,0.0,0.0,0.0,Southampton,MF,FW
Michael Obafemi,ie IRL,19.0,7.4,18.0,2.44,13.0,0.0,3.0,2.0,0.0,2.0,0.27,2.0,0.0,0.0,0.0,0.0,0.0,Southampton,FW,
Kyle Walker-Peters,eng ENG,22.0,7.8,7.0,0.9,6.0,0.0,0.0,1.0,0.0,1.0,0.13,0.0,0.0,0.0,1.0,0.0,0.0,Southampton,DF,
Maya Yoshida,jp JPN,30.0,6.2,1.0,0.16,1.0,0.0,0.0,0.0,0.0,0.0,0.0,0.0,0.0,0.0,0.0,0.0,0.0,Southampton,DF,
William Smallbone,ie IRL,19.0,4.4,4.0,0.92,4.0,0.0,0.0,0.0,0.0,2.0,0.46,2.0,0.0,0.0,0.0,0.0,0.0,Southampton,MF,
Kevin Danso,at AUT,20.0,3.1,3.0,0.97,3.0,0.0,0.0,0.0,0.0,1.0,0.32,1.0,0.0,0.0,0.0,0.0,0.0,Southampton,DF,
Jake Vokins,eng ENG,19.0,1.0,1.0,1.0,1.0,0.0,0.0,0.0,0.0,0.0,0.0,0.0,0.0,0.0,0.0,0.0,0.0,Southampton,DF,
Nathan Tella,eng ENG,20.0,0.0,1.0,30.0,0.0,0.0,0.0,0.0,1.0,0.0,0.0,0.0,0.0,0.0,0.0,0.0,0.0,Southampton,FW,
Toby Alderweireld,be BEL,30.0,32.9,19.0,0.58,18.0,0.0,0.0,1.0,0.0,2.0,0.06,2.0,0.0,0.0,0.0,0.0,0.0,Tottenham,DF,
Serge Aurier,ci CIV,26.0,30.0,48.0,1.6,43.0,2.0,2.0,0.0,0.0,6.0,0.2,4.0,0.0,1.0,0.0,0.0,1.0,Tottenham,DF,
Harry Kane,eng ENG,26.0,28.7,53.0,1.84,37.0,0.0,7.0,4.0,5.0,6.0,0.21,3.0,0.0,0.0,2.0,1.0,0.0,Tottenham,FW,
Son Heung-min,kr KOR,27.0,27.5,95.0,3.45,60.0,7.0,15.0,10.0,3.0,22.0,0.8,13.0,1.0,3.0,4.0,1.0,0.0,Tottenham,FW,MF
Moussa Sissoko,fr FRA,29.0,27.2,27.0,0.99,26.0,0.0,1.0,0.0,0.0,2.0,0.07,2.0,0.0,0.0,0.0,0.0,0.0,Tottenham,MF,
Davinson Sánchez,co COL,23.0,27.0,6.0,0.22,5.0,0.0,0.0,1.0,0.0,0.0,0.0,0.0,0.0,0.0,0.0,0.0,0.0,Tottenham,DF,
Harry Winks,eng ENG,23.0,24.7,37.0,1.5,34.0,3.0,0.0,0.0,0.0,5.0,0.2,5.0,0.0,0.0,0.0,0.0,0.0,Tottenham,MF,
Lucas Moura,br BRA,26.0,24.9,84.0,3.37,59.0,0.0,12.0,3.0,10.0,8.0,0.32,5.0,0.0,3.0,0.0,0.0,0.0,Tottenham,FW,MF
Dele Alli,eng ENG,23.0,20.5,53.0,2.58,39.0,1.0,9.0,2.0,2.0,12.0,0.58,5.0,0.0,5.0,2.0,0.0,0.0,Tottenham,MF,FW
Hugo Lloris,fr FRA,32.0,20.1,1.0,0.05,0.0,1.0,0.0,0.0,0.0,0.0,0.0,0.0,0.0,0.0,0.0,0.0,0.0,Tottenham,GK,
Jan Vertonghen,be BEL,32.0,18.3,8.0,0.44,7.0,1.0,0.0,0.0,0.0,1.0,0.05,1.0,0.0,0.0,0.0,0.0,0.0,Tottenham,DF,
Paulo Gazzaniga,ar ARG,27.0,17.9,4.0,0.22,3.0,1.0,0.0,0.0,0.0,0.0,0.0,0.0,0.0,0.0,0.0,0.0,0.0,Tottenham,GK,
Ben Davies,wal WAL,26.0,15.9,17.0,1.07,15.0,1.0,0.0,1.0,0.0,0.0,0.0,0.0,0.0,0.0,0.0,0.0,0.0,Tottenham,DF,
Giovani Lo Celso,ar ARG,23.0,16.6,59.0,3.56,44.0,9.0,2.0,1.0,3.0,6.0,0.36,5.0,0.0,0.0,1.0,0.0,0.0,Tottenham,MF,FW
Eric Dier,eng ENG,25.0,14.9,10.0,0.67,9.0,0.0,0.0,1.0,0.0,1.0,0.07,1.0,0.0,0.0,0.0,0.0,0.0,Tottenham,DF,MF
Érik Lamela,ar ARG,27.0,13.5,47.0,3.48,27.0,5.0,3.0,4.0,7.0,9.0,0.67,3.0,1.0,0.0,3.0,1.0,1.0,Tottenham,MF,FW
Tanguy Ndombele,fr FRA,22.0,11.2,28.0,2.5,25.0,1.0,0.0,2.0,0.0,2.0,0.18,2.0,0.0,0.0,0.0,0.0,0.0,Tottenham,MF,
Christian Eriksen,dk DEN,27.0,12.2,40.0,3.28,31.0,8.0,1.0,0.0,0.0,3.0,0.25,2.0,1.0,0.0,0.0,0.0,0.0,Tottenham,MF,FW
Danny Rose,eng ENG,29.0,9.9,15.0,1.51,11.0,2.0,0.0,0.0,2.0,0.0,0.0,0.0,0.0,0.0,0.0,0.0,0.0,Tottenham,DF,
Steven Bergwijn,nl NED,21.0,7.8,26.0,3.32,22.0,0.0,2.0,0.0,2.0,1.0,0.13,1.0,0.0,0.0,0.0,0.0,0.0,Tottenham,FW,MF
Japhet Tanganga,eng ENG,20.0,5.8,2.0,0.34,2.0,0.0,0.0,0.0,0.0,0.0,0.0,0.0,0.0,0.0,0.0,0.0,0.0,Tottenham,DF,
Ryan Sessegnon,eng ENG,19.0,3.8,4.0,1.05,4.0,0.0,0.0,0.0,0.0,1.0,0.26,1.0,0.0,0.0,0.0,0.0,0.0,Tottenham,DF,
Kyle Walker-Peters,eng ENG,22.0,2.7,6.0,2.24,4.0,0.0,0.0,1.0,1.0,0.0,0.0,0.0,0.0,0.0,0.0,0.0,0.0,Tottenham,DF,
Oliver Skipp,eng ENG,18.0,0.9,0.0,0.0,0.0,0.0,0.0,0.0,0.0,0.0,0.0,0.0,0.0,0.0,0.0,0.0,0.0,Tottenham,MF,DF
Juan Foyth,ar ARG,21.0,0.8,1.0,1.32,1.0,0.0,0.0,0.0,0.0,0.0,0.0,0.0,0.0,0.0,0.0,0.0,0.0,Tottenham,DF,
Gedson Fernandes,pt POR,20.0,0.8,3.0,3.97,3.0,0.0,0.0,0.0,0.0,0.0,0.0,0.0,0.0,0.0,0.0,0.0,0.0,Tottenham,MF,DF
Victor Wanyama,ke KEN,28.0,0.3,1.0,3.6,1.0,0.0,0.0,0.0,0.0,0.0,0.0,0.0,0.0,0.0,0.0,0.0,0.0,Tottenham,MF,
Troy Parrott,ie IRL,17.0,0.1,0.0,0.0,0.0,0.0,0.0,0.0,0.0,0.0,0.0,0.0,0.0,0.0,0.0,0.0,0.0,Tottenham,MF,
Georges-Kévin N'Koudou,fr FRA,24.0,0.0,0.0,0.0,0.0,0.0,0.0,0.0,0.0,0.0,0.0,0.0,0.0,0.0,0.0,0.0,0.0,Tottenham,FW,
Ben Foster,eng ENG,36.0,38.0,5.0,0.13,2.0,3.0,0.0,0.0,0.0,1.0,0.03,1.0,0.0,0.0,0.0,0.0,0.0,Watford,GK,
Abdoulaye Doucouré,fr FRA,26.0,35.1,80.0,2.28,59.0,0.0,10.0,8.0,3.0,6.0,0.17,4.0,0.0,0.0,2.0,0.0,0.0,Watford,MF,
Étienne Capoue,fr FRA,31.0,29.2,43.0,1.47,32.0,6.0,2.0,0.0,3.0,3.0,0.1,2.0,1.0,0.0,0.0,0.0,0.0,Watford,MF,
Craig Cathcart,nir NIR,30.0,27.6,5.0,0.18,5.0,0.0,0.0,0.0,0.0,1.0,0.04,1.0,0.0,0.0,0.0,0.0,0.0,Watford,DF,
Will Hughes,eng ENG,24.0,25.0,46.0,1.84,29.0,11.0,1.0,0.0,5.0,3.0,0.12,2.0,1.0,0.0,0.0,0.0,0.0,Watford,MF,FW
Craig Dawson,eng ENG,29.0,26.2,12.0,0.46,7.0,0.0,0.0,5.0,0.0,0.0,0.0,0.0,0.0,0.0,0.0,0.0,0.0,Watford,DF,
Christian Kabasele,be BEL,28.0,25.0,7.0,0.28,6.0,0.0,0.0,0.0,1.0,2.0,0.08,2.0,0.0,0.0,0.0,0.0,0.0,Watford,DF,
Kiko Femenía,es ESP,28.0,24.9,32.0,1.29,27.0,3.0,1.0,0.0,1.0,3.0,0.12,0.0,1.0,1.0,0.0,1.0,0.0,Watford,DF,
Troy Deeney,eng ENG,31.0,24.7,50.0,2.02,42.0,0.0,0.0,3.0,5.0,5.0,0.2,4.0,0.0,0.0,0.0,1.0,0.0,Watford,FW,
Gerard Deulofeu,es ESP,25.0,23.3,88.0,3.78,51.0,10.0,14.0,7.0,6.0,7.0,0.3,5.0,0.0,1.0,0.0,1.0,0.0,Watford,FW,
Ismaila Sarr,sn SEN,21.0,22.5,68.0,3.02,49.0,1.0,4.0,5.0,9.0,8.0,0.36,5.0,0.0,0.0,0.0,3.0,0.0,Watford,FW,MF
Adam Masina,it ITA,25.0,20.2,20.0,0.99,18.0,2.0,0.0,0.0,0.0,1.0,0.05,0.0,1.0,0.0,0.0,0.0,0.0,Watford,DF,
Roberto Pereyra,ar ARG,28.0,18.3,41.0,2.24,26.0,6.0,4.0,1.0,4.0,1.0,0.05,0.0,0.0,0.0,0.0,1.0,0.0,Watford,FW,MF
Adrian Mariappa,jm JAM,32.0,16.8,10.0,0.59,10.0,0.0,0.0,0.0,0.0,1.0,0.06,1.0,0.0,0.0,0.0,0.0,0.0,Watford,DF,
José Holebas,gr GRE,35.0,11.4,18.0,1.58,8.0,8.0,1.0,1.0,0.0,0.0,0.0,0.0,0.0,0.0,0.0,0.0,0.0,Watford,DF,
Tom Cleverley,eng ENG,29.0,10.8,31.0,2.87,24.0,2.0,0.0,2.0,3.0,1.0,0.09,0.0,0.0,0.0,1.0,0.0,0.0,Watford,MF,
Nathaniel Chalobah,eng ENG,24.0,10.3,18.0,1.74,16.0,2.0,0.0,0.0,0.0,2.0,0.19,2.0,0.0,0.0,0.0,0.0,0.0,Watford,MF,
Danny Welbeck,eng ENG,28.0,9.1,9.0,0.99,6.0,0.0,2.0,0.0,1.0,1.0,0.11,0.0,0.0,0.0,0.0,1.0,0.0,Watford,FW,MF
Andre Gray,eng ENG,28.0,8.4,14.0,1.67,11.0,0.0,1.0,2.0,0.0,1.0,0.12,0.0,0.0,0.0,1.0,0.0,0.0,Watford,FW,
Daryl Janmaat,nl NED,30.0,6.7,14.0,2.08,13.0,0.0,1.0,0.0,0.0,1.0,0.15,1.0,0.0,0.0,0.0,0.0,0.0,Watford,DF,
Dimitri Foulquier,fr FRA,26.0,0.7,1.0,1.53,1.0,0.0,0.0,0.0,0.0,0.0,0.0,0.0,0.0,0.0,0.0,0.0,0.0,Watford,MF,DF
Sebastian Prödl,at AUT,32.0,0.6,0.0,0.0,0.0,0.0,0.0,0.0,0.0,0.0,0.0,0.0,0.0,0.0,0.0,0.0,0.0,Watford,DF,
Ignacio Pussetto,ar ARG,23.0,0.8,0.0,0.0,0.0,0.0,0.0,0.0,0.0,0.0,0.0,0.0,0.0,0.0,0.0,0.0,0.0,Watford,FW,DF
Isaac Success,ng NGA,23.0,0.8,4.0,5.14,2.0,0.0,0.0,1.0,1.0,0.0,0.0,0.0,0.0,0.0,0.0,0.0,0.0,Watford,FW,MF
João Pedro,br BRA,17.0,0.3,2.0,7.2,1.0,0.0,1.0,0.0,0.0,0.0,0.0,0.0,0.0,0.0,0.0,0.0,0.0,Watford,FW,MF
Domingos Quina,pt POR,19.0,0.2,0.0,0.0,0.0,0.0,0.0,0.0,0.0,0.0,0.0,0.0,0.0,0.0,0.0,0.0,0.0,Watford,MF,
Declan Rice,eng ENG,20.0,38.0,45.0,1.18,41.0,0.0,2.0,2.0,0.0,7.0,0.18,5.0,0.0,0.0,2.0,0.0,0.0,West Ham,MF,
Mark Noble,eng ENG,32.0,29.7,73.0,2.46,52.0,12.0,2.0,0.0,7.0,8.0,0.27,4.0,1.0,0.0,0.0,3.0,0.0,West Ham,MF,
Angelo Ogbonna,it ITA,31.0,31.0,9.0,0.29,9.0,0.0,0.0,0.0,0.0,0.0,0.0,0.0,0.0,0.0,0.0,0.0,0.0,West Ham,DF,
Issa Diop,fr FRA,22.0,30.7,9.0,0.29,6.0,1.0,0.0,2.0,0.0,1.0,0.03,1.0,0.0,0.0,0.0,0.0,0.0,West Ham,DF,
Aaron Cresswell,eng ENG,29.0,30.3,46.0,1.52,33.0,6.0,2.0,1.0,4.0,2.0,0.07,1.0,0.0,1.0,0.0,0.0,0.0,West Ham,DF,
Ryan Fredericks,eng ENG,26.0,24.9,47.0,1.89,42.0,3.0,1.0,0.0,1.0,5.0,0.2,5.0,0.0,0.0,0.0,0.0,0.0,West Ham,DF,
Łukasz Fabiański,pl POL,34.0,23.5,0.0,0.0,0.0,0.0,0.0,0.0,0.0,0.0,0.0,0.0,0.0,0.0,0.0,0.0,0.0,West Ham,GK,
Sébastien Haller,fr FRA,25.0,25.2,51.0,2.03,42.0,1.0,1.0,4.0,3.0,7.0,0.28,3.0,0.0,0.0,2.0,2.0,0.0,West Ham,FW,
Pablo Fornals,es ESP,23.0,24.1,48.0,1.99,38.0,4.0,1.0,2.0,3.0,9.0,0.37,9.0,0.0,0.0,0.0,0.0,0.0,West Ham,MF,FW
Felipe Anderson,br BRA,26.0,16.6,57.0,3.43,44.0,2.0,5.0,3.0,3.0,8.0,0.48,7.0,0.0,1.0,0.0,0.0,0.0,West Ham,MF,FW
Michail Antonio,eng ENG,29.0,19.6,58.0,2.95,31.0,1.0,15.0,5.0,6.0,7.0,0.36,2.0,0.0,2.0,2.0,1.0,0.0,West Ham,FW,
Robert Snodgrass,sco SCO,31.0,16.8,51.0,3.04,19.0,24.0,3.0,1.0,4.0,7.0,0.42,3.0,4.0,0.0,0.0,0.0,0.0,West Ham,MF,FW
Manuel Lanzini,ar ARG,26.0,15.3,57.0,3.72,39.0,11.0,1.0,1.0,5.0,5.0,0.33,2.0,0.0,0.0,0.0,3.0,0.0,West Ham,MF,FW
Fabián Balbuena,py PAR,27.0,13.1,4.0,0.31,3.0,0.0,0.0,1.0,0.0,0.0,0.0,0.0,0.0,0.0,0.0,0.0,0.0,West Ham,DF,
Tomáš Souček,cz CZE,24.0,11.6,8.0,0.69,7.0,0.0,0.0,0.0,1.0,1.0,0.09,1.0,0.0,0.0,0.0,0.0,0.0,West Ham,MF,
Jarrod Bowen,eng ENG,22.0,10.2,27.0,2.65,11.0,6.0,3.0,4.0,3.0,5.0,0.49,3.0,2.0,0.0,0.0,0.0,0.0,West Ham,FW,
Andriy Yarmolenko,ua UKR,29.0,11.0,35.0,3.18,29.0,1.0,3.0,1.0,1.0,6.0,0.54,4.0,0.0,2.0,0.0,0.0,0.0,West Ham,MF,FW
Arthur Masuaku,cd COD,25.0,10.4,10.0,0.96,10.0,0.0,0.0,0.0,0.0,1.0,0.1,1.0,0.0,0.0,0.0,0.0,0.0,West Ham,DF,
Roberto,es ESP,33.0,7.6,0.0,0.0,0.0,0.0,0.0,0.0,0.0,0.0,0.0,0.0,0.0,0.0,0.0,0.0,0.0,West Ham,GK,
Pablo Zabaleta,ar ARG,34.0,6.6,5.0,0.76,5.0,0.0,0.0,0.0,0.0,0.0,0.0,0.0,0.0,0.0,0.0,0.0,0.0,West Ham,DF,
Jeremy Ngakia,eng ENG,18.0,4.9,2.0,0.41,1.0,0.0,1.0,0.0,0.0,0.0,0.0,0.0,0.0,0.0,0.0,0.0,0.0,West Ham,DF,
David Martin,eng ENG,33.0,4.8,0.0,0.0,0.0,0.0,0.0,0.0,0.0,0.0,0.0,0.0,0.0,0.0,0.0,0.0,0.0,West Ham,GK,
Ben Johnson,eng ENG,19.0,3.0,5.0,1.67,4.0,1.0,0.0,0.0,0.0,2.0,0.67,2.0,0.0,0.0,0.0,0.0,0.0,West Ham,DF,
Jack Wilshere,eng ENG,27.0,2.4,1.0,0.42,1.0,0.0,0.0,0.0,0.0,1.0,0.42,1.0,0.0,0.0,0.0,0.0,0.0,West Ham,MF,
Darren Randolph,ie IRL,32.0,2.0,0.0,0.0,0.0,0.0,0.0,0.0,0.0,0.0,0.0,0.0,0.0,0.0,0.0,0.0,0.0,West Ham,GK,
Carlos Sánchez,co COL,33.0,1.3,1.0,0.77,1.0,0.0,0.0,0.0,0.0,0.0,0.0,0.0,0.0,0.0,0.0,0.0,0.0,West Ham,MF,DF
Javier Hernández,mx MEX,31.0,1.2,2.0,1.68,1.0,0.0,0.0,1.0,0.0,0.0,0.0,0.0,0.0,0.0,0.0,0.0,0.0,West Ham,FW,
Albian Ajeti,ch SUI,22.0,1.5,2.0,1.29,2.0,0.0,0.0,0.0,0.0,0.0,0.0,0.0,0.0,0.0,0.0,0.0,0.0,West Ham,MF,FW
Nathan Holland,eng ENG,21.0,0.4,0.0,0.0,0.0,0.0,0.0,0.0,0.0,0.0,0.0,0.0,0.0,0.0,0.0,0.0,0.0,West Ham,MF,
Conor Coady,eng ENG,26.0,38.0,13.0,0.34,13.0,0.0,0.0,0.0,0.0,0.0,0.0,0.0,0.0,0.0,0.0,0.0,0.0,Wolves,DF,
Rui Patrício,pt POR,31.0,38.0,4.0,0.11,4.0,0.0,0.0,0.0,0.0,0.0,0.0,0.0,0.0,0.0,0.0,0.0,0.0,Wolves,GK,
Raúl Jiménez,mx MEX,28.0,36.0,83.0,2.31,57.0,0.0,13.0,8.0,5.0,12.0,0.33,7.0,0.0,2.0,1.0,2.0,0.0,Wolves,FW,
Rúben Neves,pt POR,22.0,34.0,59.0,1.74,50.0,1.0,3.0,4.0,1.0,3.0,0.09,2.0,0.0,0.0,1.0,0.0,0.0,Wolves,MF,
João Moutinho,pt POR,32.0,34.5,113.0,3.27,60.0,52.0,1.0,0.0,0.0,11.0,0.32,6.0,5.0,0.0,0.0,0.0,0.0,Wolves,MF,
Jonny Castro,es ESP,25.0,32.1,49.0,1.53,42.0,2.0,2.0,0.0,3.0,6.0,0.19,5.0,1.0,0.0,0.0,0.0,0.0,Wolves,DF,
Matt Doherty,ie IRL,27.0,31.5,64.0,2.03,48.0,1.0,6.0,7.0,2.0,15.0,0.48,7.0,0.0,3.0,4.0,1.0,0.0,Wolves,DF,
Leander Dendoncker,be BEL,24.0,31.1,19.0,0.61,18.0,0.0,1.0,0.0,0.0,1.0,0.03,1.0,0.0,0.0,0.0,0.0,0.0,Wolves,MF,DF
Romain Saïss,ma MAR,29.0,30.1,25.0,0.83,19.0,1.0,1.0,3.0,0.0,2.0,0.07,0.0,0.0,0.0,1.0,0.0,1.0,Wolves,DF,
Adama Traoré,es ESP,23.0,28.9,96.0,3.32,66.0,0.0,18.0,0.0,12.0,14.0,0.48,11.0,0.0,1.0,0.0,2.0,0.0,Wolves,FW,MF
Diogo Jota,pt POR,22.0,25.4,89.0,3.51,51.0,1.0,16.0,8.0,13.0,6.0,0.24,4.0,0.0,0.0,1.0,1.0,0.0,Wolves,FW,MF
Willy Boly,fr FRA,28.0,22.0,8.0,0.36,8.0,0.0,0.0,0.0,0.0,1.0,0.05,1.0,0.0,0.0,0.0,0.0,0.0,Wolves,DF,
Pedro Neto,pt POR,19.0,10.4,33.0,3.16,20.0,3.0,6.0,0.0,4.0,7.0,0.67,4.0,1.0,1.0,0.0,1.0,0.0,Wolves,FW,MF
Ryan Bennett,eng ENG,29.0,6.7,5.0,0.74,4.0,1.0,0.0,0.0,0.0,1.0,0.15,0.0,1.0,0.0,0.0,0.0,0.0,Wolves,DF,
Rúben Vinagre,pt POR,20.0,7.2,9.0,1.24,6.0,1.0,2.0,0.0,0.0,0.0,0.0,0.0,0.0,0.0,0.0,0.0,0.0,Wolves,DF,
Patrick Cutrone,it ITA,21.0,3.3,2.0,0.61,1.0,0.0,0.0,1.0,0.0,0.0,0.0,0.0,0.0,0.0,0.0,0.0,0.0,Wolves,FW,
Daniel Podence,pt POR,23.0,3.2,11.0,3.43,7.0,0.0,1.0,1.0,2.0,2.0,0.62,0.0,0.0,1.0,0.0,1.0,0.0,Wolves,FW,MF
Max Kilman,eng ENG,22.0,2.1,0.0,0.0,0.0,0.0,0.0,0.0,0.0,0.0,0.0,0.0,0.0,0.0,0.0,0.0,0.0,Wolves,DF,
Jesús Vallejo,es ESP,22.0,1.8,0.0,0.0,0.0,0.0,0.0,0.0,0.0,0.0,0.0,0.0,0.0,0.0,0.0,0.0,0.0,Wolves,DF,
Morgan Gibbs-White,eng ENG,19.0,1.4,4.0,2.79,3.0,0.0,0.0,0.0,0.0,1.0,0.7,0.0,0.0,0.0,0.0,0.0,1.0,Wolves,MF,FW
Bruno Jordão,pt POR,20.0,0.1,0.0,0.0,0.0,0.0,0.0,0.0,0.0,0.0,0.0,0.0,0.0,0.0,0.0,0.0,0.0,Wolves,FW,
