player,nationality,age,minutes_90s,cards_yellow,cards_red,cards_yellow_red,fouls,fouled,offsides,crosses,interceptions,tackles_won,pens_won,pens_conceded,own_goals,ball_recoveries,aerials_won,aerials_lost,aerials_won_pct,team,Pos1,Pos2
Pierre-Emerick Aubameyang,ga GAB,30.0,34.8,3,1,0,14,20,20,86,11,24,0.0,0.0,0,125.0,37.0,59.0,38.5,Arsenal,FW,
David Luiz,br BRA,32.0,31.2,5,2,0,30,14,1,5,30,20,0.0,3.0,0,210.0,58.0,34.0,63.0,Arsenal,DF,
Bernd Leno,de GER,27.0,29.4,2,0,0,0,4,0,0,0,0,0.0,0.0,0,150.0,0.0,0.0,0.0,Arsenal,GK,
Granit Xhaka,ch SUI,26.0,28.7,10,0,0,56,32,0,16,21,27,0.0,1.0,0,319.0,51.0,52.0,49.5,Arsenal,MF,
Nicolas Pépé,ci CIV,24.0,22.3,4,0,0,14,37,4,108,7,19,0.0,0.0,0,134.0,13.0,41.0,24.1,Arsenal,FW,
Alexandre Lacazette,fr FRA,28.0,20.8,8,0,0,43,45,13,15,7,19,1.0,0.0,0,102.0,22.0,64.0,25.6,Arsenal,FW,
Bukayo Saka,eng ENG,17.0,19.5,6,0,0,22,28,10,67,12,22,0.0,0.0,0,138.0,12.0,37.0,24.5,Arsenal,DF,FW
Mattéo Guendouzi,fr FRA,20.0,19.4,6,0,0,17,49,0,6,30,13,1.0,0.0,0,192.0,11.0,18.0,37.9,Arsenal,MF,
Sead Kolašinac,ba BIH,26.0,18.9,4,0,0,20,16,5,29,24,18,0.0,0.0,0,193.0,24.0,18.0,57.1,Arsenal,DF,
Sokratis Papastathopoulos,gr GRE,31.0,18.8,6,0,0,19,12,1,1,14,13,0.0,0.0,0,109.0,53.0,28.0,65.4,Arsenal,DF,
Dani Ceballos,es ESP,22.0,18.8,1,0,0,19,35,0,72,30,28,0.0,0.0,0,190.0,11.0,22.0,33.3,Arsenal,MF,
Mesut Özil,de GER,30.0,16.0,1,0,0,14,18,6,71,5,10,0.0,0.0,0,92.0,3.0,3.0,50.0,Arsenal,MF,
Lucas Torreira,uy URU,23.0,16.8,7,0,0,24,43,1,12,31,24,0.0,0.0,0,215.0,9.0,18.0,33.3,Arsenal,MF,
Ainsley Maitland-Niles,eng ENG,21.0,15.4,6,1,1,15,13,0,17,29,27,0.0,0.0,0,131.0,14.0,13.0,51.9,Arsenal,DF,
Shkodran Mustafi,de GER,27.0,13.4,2,0,0,14,3,0,2,18,9,0.0,0.0,0,126.0,68.0,22.0,75.6,Arsenal,DF,
Héctor Bellerín,es ESP,24.0,12.9,2,0,0,15,3,1,26,18,16,0.0,0.0,0,100.0,13.0,17.0,43.3,Arsenal,DF,
Calum Chambers,eng ENG,24.0,12.2,5,0,0,18,4,0,34,15,18,0.0,1.0,0,123.0,37.0,27.0,57.8,Arsenal,DF,
Kieran Tierney,sco SCO,22.0,11.0,2,0,0,8,12,0,44,9,11,0.0,1.0,0,98.0,10.0,10.0,50.0,Arsenal,DF,
Joe Willock,eng ENG,19.0,9.5,2,0,0,10,13,0,7,3,15,0.0,0.0,0,100.0,9.0,15.0,37.5,Arsenal,MF,FW
Emiliano Martínez,ar ARG,26.0,8.6,2,0,0,0,0,0,0,0,0,0.0,0.0,0,39.0,0.0,0.0,0.0,Arsenal,GK,
Eddie Nketiah,eng ENG,20.0,7.0,0,1,0,16,10,3,1,1,7,0.0,0.0,0,30.0,6.0,8.0,42.9,Arsenal,FW,
Reiss Nelson,eng ENG,19.0,7.0,1,0,0,8,8,4,26,3,6,0.0,0.0,0,34.0,0.0,7.0,0.0,Arsenal,FW,
Martinelli,br BRA,18.0,7.4,1,0,0,9,10,2,22,3,13,0.0,0.0,0,34.0,7.0,32.0,17.9,Arsenal,FW,
Rob Holding,eng ENG,23.0,6.5,1,0,0,4,3,0,0,5,3,0.0,0.0,0,37.0,16.0,14.0,53.3,Arsenal,DF,
Nacho Monreal,es ESP,33.0,3.0,0,0,0,1,1,2,4,3,4,0.0,0.0,0,17.0,7.0,7.0,50.0,Arsenal,DF,
Cédric Soares,pt POR,27.0,2.8,0,0,0,6,1,0,18,3,5,0.0,0.0,0,23.0,2.0,3.0,40.0,Arsenal,DF,
Pablo Marí,es ESP,25.0,1.3,0,0,0,2,0,0,0,1,1,0.0,0.0,0,8.0,4.0,3.0,57.1,Arsenal,DF,
Henrikh Mkhitaryan,am ARM,30.0,1.2,1,0,0,2,2,1,4,0,0,0.0,0.0,0,12.0,2.0,1.0,66.7,Arsenal,FW,
Emile Smith-Rowe,eng ENG,19.0,1.1,0,0,0,0,1,0,1,1,1,0.0,0.0,0,4.0,0.0,0.0,0.0,Arsenal,MF,
Jack Grealish,eng ENG,23.0,35.9,8,0,0,36,167,4,140,25,28,0.0,0.0,0,254.0,17.0,35.0,32.7,Aston Villa,FW,MF
Tyrone Mings,eng ENG,26.0,32.2,7,0,0,20,11,2,8,33,17,0.0,1.0,0,330.0,66.0,40.0,62.3,Aston Villa,DF,
Douglas Luiz,br BRA,21.0,29.0,8,0,0,51,36,0,24,36,33,0.0,1.0,0,320.0,32.0,33.0,49.2,Aston Villa,MF,
John McGinn,sco SCO,24.0,25.7,3,0,0,37,65,0,64,25,41,0.0,0.0,0,205.0,23.0,30.0,43.4,Aston Villa,MF,
Matt Targett,eng ENG,23.0,25.5,4,0,0,26,17,0,81,60,33,0.0,0.0,0,240.0,32.0,37.0,46.4,Aston Villa,DF,
Anwar El Ghazi,nl NED,24.0,22.8,3,0,0,20,18,12,106,12,10,0.0,0.0,0,122.0,31.0,52.0,37.3,Aston Villa,FW,MF
Ezri Konsa,eng ENG,21.0,22.7,3,0,0,17,32,1,13,21,18,0.0,1.0,0,205.0,48.0,45.0,51.6,Aston Villa,DF,
Frederic Guilbert,fr FRA,24.0,22.7,7,0,0,36,21,2,91,48,38,0.0,0.0,0,220.0,42.0,60.0,41.2,Aston Villa,DF,
Wesley Moraes,br BRA,22.0,19.8,3,0,0,43,14,14,7,4,10,0.0,0.0,0,60.0,58.0,92.0,38.7,Aston Villa,FW,
Trézéguet,eg EGY,24.0,21.7,4,1,1,35,32,5,65,26,28,1.0,0.0,0,94.0,28.0,46.0,37.8,Aston Villa,FW,MF
Tom Heaton,eng ENG,33.0,19.9,0,0,0,1,2,0,0,0,0,0.0,1.0,1,84.0,1.0,0.0,100.0,Aston Villa,GK,
Marvelous Nakamba,zw ZIM,25.0,20.4,5,0,0,26,24,0,3,38,47,0.0,0.0,0,236.0,16.0,33.0,32.7,Aston Villa,MF,
Conor Hourihane,ie IRL,28.0,17.0,4,0,0,14,21,4,112,12,14,1.0,0.0,0,127.0,11.0,10.0,52.4,Aston Villa,MF,
Kortney Hause,eng ENG,24.0,17.2,3,0,0,24,9,1,0,20,22,0.0,0.0,0,245.0,102.0,37.0,73.4,Aston Villa,DF,
Björn Engels,be BEL,24.0,16.1,1,0,0,5,5,1,2,29,4,0.0,2.0,0,128.0,58.0,28.0,67.4,Aston Villa,DF,
Pepe Reina,es ESP,36.0,12.0,1,0,0,1,4,0,0,0,0,0.0,0.0,0,51.0,0.0,0.0,0.0,Aston Villa,GK,
Neil Taylor,wal WAL,30.0,12.1,2,0,0,8,6,0,9,20,9,0.0,0.0,0,94.0,10.0,16.0,38.5,Aston Villa,DF,
Ahmed Elmohamady,eg EGY,31.0,11.5,1,0,0,13,5,2,58,13,17,0.0,0.0,0,114.0,25.0,20.0,55.6,Aston Villa,DF,
Mbwana Samatta,tz TAN,26.0,10.5,1,0,0,8,18,8,3,1,7,0.0,0.0,0,35.0,34.0,78.0,30.4,Aston Villa,FW,
Ørjan Nyland,no NOR,28.0,6.0,0,0,0,0,0,0,0,0,0,0.0,0.0,0,24.0,0.0,0.0,0.0,Aston Villa,GK,
Keinan Davis,eng ENG,21.0,6.1,0,0,0,12,11,3,1,0,2,0.0,0.0,0,27.0,23.0,39.0,37.1,Aston Villa,FW,
Jota,es ESP,28.0,3.7,0,0,0,6,2,0,2,3,2,0.0,0.0,0,24.0,1.0,5.0,16.7,Aston Villa,FW,MF
Danny Drinkwater,eng ENG,29.0,2.9,1,0,0,7,1,0,1,5,5,0.0,0.0,0,46.0,2.0,2.0,50.0,Aston Villa,MF,
Henri Lansbury,eng ENG,28.0,2.2,0,0,0,4,1,0,1,0,2,0.0,0.0,0,26.0,2.0,6.0,25.0,Aston Villa,MF,
Jed Steer,eng ENG,26.0,0.1,0,0,0,0,0,0,0,0,0,0.0,0.0,0,0.0,0.0,0.0,0.0,Aston Villa,GK,
Jonathan Kodjia,ci CIV,29.0,1.3,1,0,0,1,2,0,0,0,0,0.0,0.0,0,5.0,5.0,4.0,55.6,Aston Villa,FW,MF
Indiana Vassilev,us USA,18.0,0.6,0,0,0,0,1,2,0,0,1,0.0,0.0,0,3.0,0.0,2.0,0.0,Aston Villa,FW,MF
Borja Bastón,es ESP,26.0,0.2,0,0,0,0,0,0,0,0,0,0.0,0.0,0,2.0,1.0,3.0,25.0,Aston Villa,MF,FW
Aaron Ramsdale,eng ENG,21.0,37.0,0,0,0,0,3,0,1,0,0,0.0,0.0,0,198.0,0.0,0.0,0.0,Bournemouth,GK,
Callum Wilson,eng ENG,27.0,32.3,10,0,0,55,40,34,21,3,12,2.0,0.0,0,125.0,54.0,152.0,26.2,Bournemouth,FW,
Jefferson Lerma,co COL,24.0,30.0,13,1,1,42,37,1,6,54,49,0.0,0.0,0,452.0,53.0,36.0,59.6,Bournemouth,MF,
Philip Billing,dk DEN,23.0,28.1,8,0,0,38,23,2,15,71,46,0.0,0.0,0,321.0,107.0,66.0,61.8,Bournemouth,MF,
Nathan Aké,nl NED,24.0,27.8,2,0,0,9,13,3,4,33,11,0.0,0.0,0,247.0,64.0,58.0,52.5,Bournemouth,DF,
Steve Cook,eng ENG,28.0,27.0,6,1,0,17,15,1,2,45,13,0.0,1.0,0,287.0,108.0,61.0,63.9,Bournemouth,DF,
Diego Rico,es ESP,26.0,25.9,6,0,0,18,22,2,174,80,42,0.0,0.0,0,314.0,37.0,25.0,59.7,Bournemouth,DF,
Adam Smith,eng ENG,28.0,22.8,7,0,0,25,40,2,28,25,30,0.0,2.0,0,194.0,36.0,30.0,54.5,Bournemouth,DF,
Joshua King,no NOR,27.0,22.3,0,0,0,37,27,7,23,5,15,0.0,0.0,0,130.0,39.0,67.0,36.8,Bournemouth,FW,MF
Ryan Fraser,sco SCO,25.0,23.0,2,0,0,10,36,1,173,16,8,0.0,0.0,0,139.0,10.0,26.0,27.8,Bournemouth,MF,FW
Harry Wilson,wal WAL,22.0,18.3,2,0,0,12,41,1,35,12,11,0.0,2.0,0,146.0,10.0,19.0,34.5,Bournemouth,MF,FW
Dominic Solanke,eng ENG,21.0,18.3,1,0,0,15,23,4,6,8,10,0.0,0.0,0,120.0,51.0,102.0,33.3,Bournemouth,FW,MF
Jack Stacey,eng ENG,23.0,17.2,2,0,0,10,10,1,34,21,13,0.0,0.0,0,185.0,22.0,18.0,55.0,Bournemouth,DF,
Lewis Cook,eng ENG,22.0,15.0,5,0,0,23,11,0,9,21,16,0.0,0.0,0,168.0,14.0,16.0,46.7,Bournemouth,MF,
Dan Gosling,eng ENG,29.0,14.0,3,0,0,21,17,2,3,20,20,0.0,0.0,0,130.0,22.0,30.0,42.3,Bournemouth,MF,
Simon Francis,eng ENG,34.0,10.8,5,1,1,7,1,0,16,20,12,0.0,0.0,0,118.0,48.0,28.0,63.2,Bournemouth,DF,
Chris Mepham,wal WAL,21.0,10.1,1,0,0,11,5,1,3,17,14,0.0,0.0,0,106.0,36.0,21.0,63.2,Bournemouth,DF,
David Brooks,wal WAL,22.0,5.6,1,0,0,4,6,0,24,3,3,0.0,0.0,0,26.0,0.0,6.0,0.0,Bournemouth,MF,
Junior Stanislas,eng ENG,29.0,7.9,1,0,0,5,4,1,37,5,6,0.0,0.0,0,60.0,9.0,6.0,60.0,Bournemouth,MF,DF
Lloyd Kelly,eng ENG,20.0,7.1,2,0,0,7,2,0,6,6,6,0.0,0.0,0,70.0,9.0,16.0,36.0,Bournemouth,DF,
Arnaut Groeneveld,nl NED,22.0,7.0,0,0,0,0,5,5,9,8,5,0.0,0.0,0,36.0,3.0,10.0,23.1,Bournemouth,MF,
Andrew Surman,eng ENG,32.0,2.6,1,0,0,1,1,0,3,1,2,0.0,0.0,0,40.0,5.0,7.0,41.7,Bournemouth,MF,
Charlie Daniels,eng ENG,32.0,1.4,0,0,0,0,0,0,5,1,0,0.0,0.0,0,9.0,2.0,1.0,66.7,Bournemouth,DF,
Jack Simpson,eng ENG,22.0,2.7,0,0,0,1,1,0,0,2,2,0.0,0.0,0,22.0,4.0,2.0,66.7,Bournemouth,DF,
Mark Travers,ie IRL,20.0,1.0,0,0,0,0,0,0,0,0,0,0.0,0.0,0,6.0,0.0,0.0,0.0,Bournemouth,GK,
Jordon Ibe,eng ENG,23.0,0.6,0,0,0,0,2,0,3,0,3,0.0,0.0,0,7.0,0.0,0.0,0.0,Bournemouth,DF,
Sam Surridge,eng ENG,21.0,0.3,0,0,0,1,1,0,1,1,0,0.0,0.0,0,1.0,4.0,4.0,50.0,Bournemouth,FW,
Mathew Ryan,au AUS,27.0,38.0,0,0,0,0,4,0,0,2,0,0.0,0.0,0,184.0,0.0,0.0,0.0,Brighton,GK,
Lewis Dunk,eng ENG,27.0,35.9,9,0,0,19,19,1,1,54,28,0.0,0.0,0,410.0,84.0,44.0,65.6,Brighton,DF,
Dan Burn,eng ENG,27.0,32.0,5,0,0,32,13,3,52,37,36,0.0,0.0,0,308.0,137.0,52.0,72.5,Brighton,DF,
Davy Pröpper,nl NED,27.0,31.4,4,0,0,31,18,0,37,30,38,0.0,0.0,0,365.0,24.0,26.0,48.0,Brighton,MF,
Adam Webster,eng ENG,24.0,29.6,4,0,0,13,19,0,6,43,25,0.0,2.0,1,363.0,119.0,51.0,70.0,Brighton,DF,
Neal Maupay,fr FRA,22.0,30.7,3,0,0,37,46,15,12,5,17,0.0,0.0,0,141.0,17.0,85.0,16.7,Brighton,FW,
Dale Stephens,eng ENG,30.0,28.1,8,0,0,41,7,0,4,58,40,0.0,0.0,0,315.0,20.0,23.0,46.5,Brighton,MF,
Aaron Mooy,au AUS,28.0,23.2,3,1,1,13,11,0,107,23,31,0.0,0.0,0,189.0,14.0,28.0,33.3,Brighton,MF,FW
Martín Montoya,es ESP,28.0,21.1,5,0,0,27,15,4,45,29,28,0.0,0.0,0,161.0,27.0,19.0,58.7,Brighton,DF,
Leandro Trossard,be BEL,24.0,22.3,0,0,0,13,11,4,76,8,16,0.0,0.0,0,138.0,2.0,22.0,8.3,Brighton,FW,MF
Pascal Groß,de GER,28.0,20.0,4,0,0,25,12,8,146,9,21,0.0,0.0,1,123.0,15.0,33.0,31.3,Brighton,FW,MF
Yves Bissouma,ml MLI,22.0,14.0,4,0,0,31,15,0,6,22,36,0.0,0.0,0,157.0,17.0,11.0,60.7,Brighton,MF,
Aaron Connolly,ie IRL,19.0,14.0,0,0,0,16,38,14,9,0,8,2.0,0.0,0,54.0,14.0,48.0,22.6,Brighton,FW,
Shane Duffy,ie IRL,27.0,13.8,2,0,0,14,10,0,1,21,9,0.0,0.0,0,136.0,63.0,17.0,78.8,Brighton,DF,
Steven Alzate,co COL,20.0,13.2,1,0,0,17,18,3,9,13,23,0.0,0.0,0,137.0,14.0,11.0,56.0,Brighton,MF,DF
Solly March,eng ENG,25.0,12.7,2,0,0,11,12,2,64,21,17,0.0,0.0,0,99.0,15.0,15.0,50.0,Brighton,DF,FW
Glenn Murray,eng ENG,35.0,8.9,0,0,0,15,15,10,4,1,2,0.0,0.0,0,36.0,30.0,42.0,41.7,Brighton,FW,
Bernardo,br BRA,24.0,7.5,1,0,0,3,2,4,17,7,16,0.0,0.0,0,71.0,28.0,9.0,75.7,Brighton,DF,
Tariq Lamptey,eng ENG,18.0,6.5,2,0,0,13,17,0,22,18,3,0.0,0.0,0,57.0,4.0,8.0,33.3,Brighton,DF,
Ezequiel Schelotto,it ITA,30.0,4.0,2,0,0,6,4,1,16,7,5,0.0,0.0,0,31.0,8.0,2.0,80.0,Brighton,DF,
Alexis Mac Allister,ar ARG,20.0,3.9,0,0,0,4,4,1,23,1,4,0.0,0.0,0,31.0,4.0,4.0,50.0,Brighton,MF,FW
Alireza Jahanbakhsh,ir IRN,25.0,3.5,0,0,0,2,7,1,24,1,3,0.0,0.0,0,32.0,0.0,5.0,0.0,Brighton,FW,MF
Jürgen Locadia,nl NED,25.0,1.0,0,0,0,0,2,0,1,0,1,0.0,0.0,0,8.0,1.0,2.0,33.3,Brighton,MF,FW
Florin Andone,ro ROU,26.0,0.8,0,1,0,2,3,0,0,0,2,0.0,0.0,0,7.0,2.0,3.0,40.0,Brighton,MF,FW
Gaëtan Bong,cm CMR,31.0,0.7,0,0,0,0,1,0,5,0,0,0.0,0.0,0,4.0,0.0,3.0,0.0,Brighton,MF,DF
Nick Pope,eng ENG,27.0,38.0,1,0,0,0,6,0,0,2,0,0.0,0.0,0,193.0,0.0,0.0,0.0,Burnley,GK,
James Tarkowski,eng ENG,26.0,38.0,10,0,0,48,31,3,4,61,51,0.0,0.0,0,442.0,215.0,60.0,78.2,Burnley,DF,
Dwight McNeil,eng ENG,19.0,37.1,5,0,0,29,41,0,256,28,28,0.0,0.0,0,327.0,27.0,27.0,50.0,Burnley,MF,
Ashley Westwood,eng ENG,29.0,35.0,9,0,0,33,33,1,146,32,30,0.0,0.0,0,437.0,17.0,28.0,37.8,Burnley,MF,
Ben Mee,eng ENG,29.0,32.0,7,0,0,26,21,3,2,44,16,0.0,3.0,0,343.0,143.0,78.0,64.7,Burnley,DF,
Jack Cork,eng ENG,30.0,29.0,1,0,0,32,25,1,6,29,27,0.0,0.0,0,339.0,53.0,64.0,45.3,Burnley,MF,
Chris Wood,nz NZL,27.0,27.1,1,0,0,34,28,34,8,4,6,0.0,0.0,1,88.0,113.0,188.0,37.5,Burnley,FW,
Charlie Taylor,eng ENG,25.0,21.6,3,0,0,17,28,2,88,29,16,0.0,0.0,0,198.0,47.0,31.0,60.3,Burnley,DF,
Jeff Hendrick,ie IRL,27.0,21.5,8,0,0,17,16,4,31,19,10,0.0,0.0,0,175.0,21.0,24.0,46.7,Burnley,MF,
Phil Bardsley,sco SCO,34.0,21.0,6,0,0,36,14,0,30,29,33,0.0,0.0,0,197.0,33.0,26.0,55.9,Burnley,DF,
Erik Pieters,nl NED,30.0,20.9,2,0,0,21,20,0,41,27,41,0.0,1.0,0,186.0,33.0,15.0,68.8,Burnley,DF,MF
Jay Rodriguez,eng ENG,30.0,22.4,1,0,0,26,15,22,14,5,17,0.0,0.0,0,118.0,74.0,139.0,34.7,Burnley,FW,
Matthew Lowton,eng ENG,30.0,17.0,2,0,0,14,11,0,43,26,24,0.0,1.0,0,135.0,24.0,14.0,63.2,Burnley,DF,
Ashley Barnes,at AUT,29.0,15.0,4,0,0,35,40,13,5,6,4,1.0,0.0,0,65.0,42.0,86.0,32.8,Burnley,FW,
Josh Brownhill,eng ENG,23.0,8.9,2,0,0,6,9,0,2,13,8,0.0,0.0,0,104.0,20.0,15.0,57.1,Burnley,MF,
Matěj Vydra,cz CZE,27.0,9.1,0,0,0,1,12,3,3,1,2,0.0,0.0,0,37.0,17.0,42.0,28.8,Burnley,FW,
Jóhann Berg Guðmundsson,is ISL,28.0,6.9,0,0,0,8,4,1,35,7,3,0.0,0.0,0,45.0,9.0,14.0,39.1,Burnley,MF,
Kevin Long,ie IRL,28.0,6.3,0,0,0,9,6,0,0,4,8,0.0,0.0,0,64.0,22.0,16.0,57.9,Burnley,DF,
Robbie Brady,ie IRL,27.0,5.0,1,0,0,8,4,1,12,5,5,0.0,0.0,0,44.0,15.0,5.0,75.0,Burnley,MF,
Aaron Lennon,eng ENG,32.0,5.5,4,0,0,11,7,0,8,7,9,0.0,0.0,0,30.0,3.0,8.0,27.3,Burnley,MF,
Danny Drinkwater,eng ENG,29.0,0.6,0,0,0,1,0,0,0,1,2,0.0,0.0,0,8.0,0.0,1.0,0.0,Burnley,MF,
Max Thompson,eng ENG,17.0,0.0,0,0,0,0,0,0,0,0,0,0.0,0.0,0,0.0,0.0,1.0,0.0,Burnley,FW,
César Azpilicueta,es ESP,29.0,35.9,1,0,0,41,15,3,118,66,61,0.0,0.0,0,380.0,94.0,60.0,61.0,Chelsea,DF,
Kepa Arrizabalaga,es ESP,24.0,33.0,0,0,0,0,5,0,0,1,0,0.0,0.0,0,138.0,0.0,0.0,0.0,Chelsea,GK,
Mason Mount,eng ENG,20.0,31.9,3,0,0,37,38,4,135,15,31,1.0,0.0,0,214.0,14.0,39.0,26.4,Chelsea,MF,FW
Willian,br BRA,30.0,28.9,4,0,0,17,45,4,175,20,27,1.0,0.0,0,220.0,10.0,23.0,30.3,Chelsea,FW,
Jorginho,it ITA,27.0,26.4,10,0,0,27,30,0,9,64,44,0.0,1.0,0,401.0,13.0,37.0,26.0,Chelsea,MF,
Kurt Zouma,fr FRA,24.0,26.0,6,0,0,30,14,1,0,55,17,0.0,1.0,1,307.0,99.0,30.0,76.7,Chelsea,DF,
Tammy Abraham,eng ENG,21.0,24.6,2,0,0,17,24,23,10,5,10,1.0,0.0,1,95.0,67.0,111.0,37.6,Chelsea,FW,
Mateo Kovačić,hr CRO,25.0,23.0,8,0,0,20,38,0,8,20,55,0.0,0.0,0,244.0,8.0,19.0,29.6,Chelsea,MF,
Andreas Christensen,dk DEN,23.0,19.5,5,0,0,17,10,0,0,31,20,0.0,0.0,0,173.0,68.0,40.0,63.0,Chelsea,DF,
N'Golo Kanté,fr FRA,28.0,19.2,4,0,0,45,9,0,26,46,43,0.0,0.0,0,282.0,17.0,34.0,33.3,Chelsea,MF,
Christian Pulisic,us USA,20.0,19.1,0,0,0,13,30,3,34,7,19,2.0,0.0,0,102.0,16.0,47.0,25.4,Chelsea,FW,
Antonio Rüdiger,de GER,26.0,19.0,3,0,0,19,8,0,7,13,24,0.0,0.0,1,233.0,61.0,26.0,70.1,Chelsea,DF,
Reece James,eng ENG,19.0,16.8,1,0,0,22,21,1,110,23,23,0.0,0.0,0,164.0,35.0,42.0,45.5,Chelsea,DF,
Marcos Alonso,es ESP,28.0,15.9,4,0,0,16,15,2,67,20,19,1.0,0.0,0,183.0,42.0,31.0,57.5,Chelsea,DF,
Fikayo Tomori,eng ENG,21.0,14.3,3,0,0,7,6,1,4,20,15,0.0,0.0,0,145.0,40.0,22.0,64.5,Chelsea,DF,
Ross Barkley,eng ENG,25.0,12.3,0,0,0,9,15,0,12,8,11,0.0,0.0,0,97.0,10.0,15.0,40.0,Chelsea,MF,
Emerson Palmieri,it ITA,24.0,11.4,3,0,0,4,16,2,54,17,7,0.0,0.0,0,116.0,17.0,7.0,70.8,Chelsea,DF,
Olivier Giroud,fr FRA,32.0,11.0,1,0,0,17,9,9,2,2,3,0.0,0.0,0,47.0,44.0,41.0,51.8,Chelsea,FW,
Pedro,es ESP,32.0,7.3,1,0,0,8,11,0,21,9,10,0.0,0.0,0,61.0,2.0,5.0,28.6,Chelsea,FW,
Callum Hudson-Odoi,eng ENG,18.0,9.6,1,0,0,11,13,3,63,2,5,0.0,0.0,0,60.0,3.0,14.0,17.6,Chelsea,FW,
Willy Caballero,ar ARG,37.0,5.0,0,0,0,0,0,0,0,0,0,0.0,0.0,0,17.0,0.0,0.0,0.0,Chelsea,GK,
Ruben Loftus-Cheek,eng ENG,23.0,2.3,0,0,0,2,3,0,1,1,0,0.0,0.0,0,23.0,1.0,4.0,20.0,Chelsea,MF,FW
Billy Gilmour,sco SCO,18.0,2.2,0,0,0,3,1,0,1,3,4,0.0,0.0,0,31.0,3.0,5.0,37.5,Chelsea,MF,
Michy Batshuayi,be BEL,25.0,2.7,0,0,0,4,4,7,0,0,1,0.0,0.0,0,17.0,6.0,15.0,28.6,Chelsea,FW,
Tariq Lamptey,eng ENG,18.0,0.4,0,0,0,0,1,0,2,0,0,0.0,0.0,0,6.0,0.0,0.0,0.0,Chelsea,DF,
Faustino Anjorin,eng ENG,17.0,0.2,0,0,0,0,1,0,0,0,0,0.0,0.0,0,1.0,0.0,0.0,0.0,Chelsea,FW,
Armando Broja,al ALB,17.0,0.1,0,0,0,0,1,0,0,0,0,0.0,0.0,0,0.0,0.0,1.0,0.0,Chelsea,FW,
Wilfried Zaha,ci CIV,26.0,36.4,5,0,0,48,119,16,67,16,31,1.0,0.0,0,232.0,16.0,38.0,29.6,Crystal Palace,MF,FW
Jordan Ayew,gh GHA,27.0,35.0,6,0,0,59,105,9,25,13,29,0.0,0.0,0,212.0,59.0,175.0,25.2,Crystal Palace,FW,MF
James McArthur,sco SCO,31.0,34.3,6,0,0,56,35,4,42,61,70,1.0,0.0,0,345.0,44.0,61.0,41.9,Crystal Palace,MF,
Vicente Guaita,es ESP,32.0,35.0,1,0,0,0,3,0,0,0,0,0.0,0.0,1,164.0,0.0,1.0,0.0,Crystal Palace,GK,
Cheikhou Kouyaté,sn SEN,29.0,28.1,4,0,0,35,28,2,15,38,45,0.0,0.0,0,256.0,83.0,62.0,57.2,Crystal Palace,MF,DF
Patrick van Aanholt,nl NED,28.0,27.9,0,0,0,9,8,2,88,46,32,0.0,0.0,1,243.0,12.0,17.0,41.4,Crystal Palace,DF,
Luka Milivojević,rs SRB,28.0,27.9,12,0,0,49,27,1,146,39,37,0.0,1.0,0,331.0,31.0,21.0,59.6,Crystal Palace,MF,
Joel Ward,eng ENG,29.0,26.5,4,0,0,24,29,0,37,52,31,0.0,0.0,0,271.0,52.0,26.0,66.7,Crystal Palace,DF,
Gary Cahill,eng ENG,33.0,24.1,1,0,0,14,12,0,0,18,12,0.0,0.0,0,219.0,78.0,45.0,63.4,Crystal Palace,DF,
James Tomkins,eng ENG,30.0,17.6,5,0,0,13,11,1,1,23,14,0.0,0.0,0,165.0,75.0,22.0,77.3,Crystal Palace,DF,
Martin Kelly,eng ENG,29.0,17.2,0,0,0,9,0,0,20,15,18,0.0,0.0,0,115.0,33.0,24.0,57.9,Crystal Palace,DF,
James McCarthy,ie IRL,28.0,18.7,9,0,0,31,18,0,35,27,42,0.0,0.0,0,244.0,15.0,18.0,45.5,Crystal Palace,MF,
Andros Townsend,eng ENG,28.0,14.4,0,0,0,9,26,1,66,16,20,0.0,0.0,0,109.0,4.0,12.0,25.0,Crystal Palace,MF,
Scott Dann,eng ENG,32.0,14.1,0,0,0,5,0,0,2,14,5,0.0,0.0,0,154.0,36.0,32.0,52.9,Crystal Palace,DF,
Christian Benteke,be BEL,28.0,14.0,4,1,0,25,20,12,5,4,5,0.0,0.0,0,55.0,118.0,101.0,53.9,Crystal Palace,FW,
Jeffrey Schlupp,gh GHA,26.0,11.5,2,0,0,17,12,1,9,13,6,0.0,0.0,0,80.0,19.0,16.0,54.3,Crystal Palace,MF,DF
Mamadou Sakho,fr FRA,29.0,10.3,1,1,0,3,2,0,0,22,7,0.0,0.0,0,120.0,20.0,17.0,54.1,Crystal Palace,DF,
Jaïro Riedewald,nl NED,22.0,8.5,0,0,0,3,2,0,6,15,12,0.0,0.0,0,90.0,6.0,2.0,75.0,Crystal Palace,DF,MF
Max Meyer,de GER,23.0,7.3,1,0,0,6,16,2,9,9,8,0.0,0.0,0,50.0,3.0,7.0,30.0,Crystal Palace,MF,FW
Wayne Hennessey,wal WAL,32.0,3.0,0,0,0,0,0,0,0,1,0,0.0,0.0,0,7.0,0.0,0.0,0.0,Crystal Palace,GK,
Tyrick Mitchell,eng ENG,19.0,2.2,1,0,0,1,1,0,4,3,2,0.0,0.0,0,18.0,1.0,6.0,14.3,Crystal Palace,DF,
Cenk Tosun,tr TUR,28.0,2.0,0,0,0,4,4,1,2,0,2,0.0,0.0,0,9.0,5.0,16.0,23.8,Crystal Palace,FW,
Connor Wickham,eng ENG,26.0,1.1,0,0,0,4,0,1,0,0,2,0.0,0.0,0,8.0,10.0,7.0,58.8,Crystal Palace,FW,MF
Brandon Pierrick,eng ENG,17.0,0.2,0,0,0,0,0,0,2,1,0,0.0,0.0,0,0.0,0.0,0.0,0.0,Crystal Palace,MF,
Víctor Camarasa,es ESP,25.0,0.1,0,0,0,0,0,0,0,0,0,0.0,0.0,0,0.0,0.0,0.0,0.0,Crystal Palace,MF,
Jordan Pickford,eng ENG,25.0,38.0,2,0,0,1,8,0,0,1,0,0.0,0.0,0,233.0,0.0,0.0,0.0,Everton,GK,
Richarlison,br BRA,22.0,34.1,8,0,0,43,72,17,56,12,45,0.0,1.0,0,222.0,68.0,126.0,35.1,Everton,FW,
Lucas Digne,fr FRA,26.0,33.7,6,0,0,45,28,3,270,46,39,0.0,1.0,1,363.0,112.0,53.0,67.9,Everton,DF,
Dominic Calvert-Lewin,eng ENG,22.0,29.2,9,0,0,57,44,13,19,6,11,0.0,0.0,0,102.0,170.0,196.0,46.4,Everton,FW,
Gylfi Sigurðsson,is ISL,29.0,28.4,3,0,0,34,23,2,131,36,45,0.0,0.0,0,241.0,18.0,28.0,39.1,Everton,MF,
Michael Keane,eng ENG,26.0,28.4,3,0,0,21,8,0,0,46,26,0.0,1.0,1,297.0,133.0,77.0,63.3,Everton,DF,
Yerry Mina,co COL,24.0,25.4,3,0,0,20,13,2,4,29,20,0.0,0.0,1,279.0,112.0,63.0,64.0,Everton,DF,
Mason Holgate,eng ENG,22.0,22.8,5,0,0,17,25,1,2,32,28,0.0,0.0,0,207.0,42.0,31.0,57.5,Everton,DF,
Tom Davies,eng ENG,21.0,22.5,8,0,0,29,40,1,8,34,18,0.0,0.0,0,252.0,34.0,31.0,52.3,Everton,MF,
Séamus Coleman,ie IRL,30.0,20.4,5,1,1,19,19,1,42,24,31,0.0,0.0,0,211.0,30.0,23.0,56.6,Everton,DF,
Alex Iwobi,ng NGA,23.0,17.7,0,0,0,12,4,0,48,13,14,0.0,0.0,0,145.0,7.0,15.0,31.8,Everton,MF,FW
Djibril Sidibé,fr FRA,27.0,20.3,3,0,0,24,19,2,70,41,40,0.0,0.0,0,214.0,29.0,33.0,46.8,Everton,DF,
André Gomes,pt POR,26.0,16.2,6,0,0,38,19,0,12,7,24,0.0,1.0,0,171.0,13.0,15.0,46.4,Everton,MF,
Theo Walcott,eng ENG,30.0,14.3,1,0,0,9,17,10,41,8,8,0.0,0.0,0,101.0,7.0,18.0,28.0,Everton,MF,FW
Bernard,br BRA,26.0,14.2,2,0,0,19,10,0,36,16,14,0.0,0.0,0,115.0,1.0,15.0,6.3,Everton,MF,FW
Fabian Delph,eng ENG,29.0,13.2,5,1,1,18,7,0,8,16,11,0.0,0.0,0,175.0,12.0,10.0,54.5,Everton,MF,
Morgan Schneiderlin,fr FRA,29.0,11.1,6,1,1,18,2,0,8,21,19,0.0,0.0,0,127.0,18.0,11.0,62.1,Everton,MF,
Moise Kean,it ITA,19.0,9.5,1,0,0,27,11,4,12,6,6,0.0,0.0,0,40.0,7.0,31.0,18.4,Everton,FW,
Anthony Gordon,eng ENG,18.0,4.9,0,0,0,9,12,1,8,8,6,0.0,0.0,0,23.0,0.0,7.0,0.0,Everton,MF,FW
Leighton Baines,eng ENG,34.0,4.5,0,0,0,1,4,0,27,5,6,0.0,0.0,0,29.0,6.0,6.0,50.0,Everton,DF,
Jarrad Branthwaite,eng ENG,17.0,3.3,0,0,0,3,3,0,0,1,7,0.0,0.0,0,24.0,8.0,11.0,42.1,Everton,DF,
Cenk Tosun,tr TUR,28.0,3.2,0,0,0,4,4,1,2,0,0,0.0,0.0,0,12.0,7.0,15.0,31.8,Everton,FW,
Jean-Philippe Gbamin,ci CIV,23.0,1.5,0,0,0,2,2,0,0,1,4,0.0,0.0,0,15.0,2.0,2.0,50.0,Everton,MF,
Oumar Niasse,sn SEN,29.0,0.2,0,0,0,2,0,0,1,1,1,0.0,0.0,0,1.0,0.0,4.0,0.0,Everton,FW,
Kasper Schmeichel,dk DEN,32.0,38.0,2,0,0,0,7,0,0,0,0,0.0,0.0,0,184.0,0.0,0.0,0.0,Leicester City,GK,
Jonny Evans,nir NIR,31.0,37.6,8,1,0,36,27,2,8,58,31,1.0,1.0,1,434.0,141.0,59.0,70.5,Leicester City,DF,
Çağlar Söyüncü,tr TUR,23.0,33.7,4,1,0,29,20,1,4,43,47,0.0,2.0,0,363.0,122.0,56.0,68.5,Leicester City,DF,
Jamie Vardy,eng ENG,32.0,33.7,2,0,0,19,12,28,33,2,11,1.0,0.0,0,91.0,53.0,99.0,34.9,Leicester City,FW,
Youri Tielemans,be BEL,22.0,31.4,2,0,0,33,49,1,82,29,40,0.0,0.0,0,287.0,29.0,28.0,50.9,Leicester City,MF,
Wilfred Ndidi,ng NGA,22.0,29.7,6,0,0,56,27,1,3,84,76,0.0,3.0,0,430.0,77.0,62.0,55.4,Leicester City,MF,
James Maddison,eng ENG,22.0,29.2,4,0,0,36,88,4,220,10,39,0.0,0.0,0,218.0,6.0,29.0,17.1,Leicester City,MF,
Ricardo Pereira,pt POR,25.0,28.0,1,0,0,44,37,0,57,43,68,0.0,1.0,0,227.0,38.0,41.0,48.1,Leicester City,DF,
Ben Chilwell,eng ENG,22.0,26.4,3,0,0,28,30,1,104,28,26,0.0,0.0,0,241.0,62.0,22.0,73.8,Leicester City,DF,
Ayoze Pérez,es ESP,26.0,22.3,0,0,0,30,30,7,29,13,34,0.0,0.0,0,138.0,23.0,44.0,34.3,Leicester City,MF,FW
Harvey Barnes,eng ENG,21.0,23.1,0,0,0,21,29,4,42,5,12,1.0,0.0,0,118.0,25.0,39.0,39.1,Leicester City,MF,FW
Dennis Praet,be BEL,25.0,12.6,2,0,0,17,13,1,21,15,18,0.0,1.0,0,144.0,5.0,9.0,35.7,Leicester City,MF,
Kelechi Iheanacho,ng NGA,22.0,10.7,1,0,0,24,13,9,2,4,5,2.0,0.0,0,42.0,3.0,29.0,9.4,Leicester City,FW,
James Justin,eng ENG,21.0,11.2,1,0,0,8,20,1,38,9,19,0.0,1.0,1,127.0,16.0,26.0,38.1,Leicester City,DF,
Hamza Choudhury,eng ENG,21.0,9.9,4,1,1,12,7,0,4,27,13,0.0,0.0,0,104.0,11.0,8.0,57.9,Leicester City,MF,
Marc Albrighton,eng ENG,29.0,9.6,2,0,0,8,11,1,68,8,11,0.0,1.0,0,90.0,2.0,5.0,28.6,Leicester City,MF,DF
Christian Fuchs,at AUT,33.0,8.6,0,0,0,3,0,1,16,16,9,0.0,0.0,0,79.0,22.0,17.0,56.4,Leicester City,DF,
Wes Morgan,jm JAM,35.0,4.8,0,0,0,4,1,0,0,7,4,0.0,0.0,0,43.0,15.0,14.0,51.7,Leicester City,DF,
Nampalys Mendy,fr FRA,27.0,3.2,0,0,0,4,8,0,2,6,4,0.0,0.0,0,34.0,5.0,1.0,83.3,Leicester City,MF,
Demarai Gray,eng ENG,23.0,6.9,1,0,0,2,10,3,31,5,5,1.0,0.0,0,63.0,3.0,7.0,30.0,Leicester City,MF,FW
Ryan Bennett,eng ENG,29.0,3.7,0,0,0,3,0,0,2,7,2,0.0,0.0,0,43.0,10.0,11.0,47.6,Leicester City,DF,
Luke Thomas,eng ENG,,3.0,0,0,0,1,3,0,16,4,3,0.0,0.0,0,27.0,3.0,10.0,23.1,Leicester City,DF,
George Hirst,eng ENG,20.0,0.1,0,0,0,0,2,0,0,0,0,0.0,0.0,0,2.0,4.0,1.0,80.0,Leicester City,FW,
Matty James,eng ENG,28.0,0.1,0,0,0,0,0,0,0,0,0,0.0,0.0,0,0.0,0.0,0.0,0.0,Leicester City,MF,
Virgil van Dijk,nl NED,28.0,38.0,1,0,0,16,25,1,0,35,20,0.0,0.0,0,505.0,183.0,43.0,81.0,Liverpool,DF,
Trent Alexander-Arnold,eng ENG,20.0,35.3,5,0,0,22,9,3,377,46,25,0.0,0.0,0,352.0,14.0,32.0,30.4,Liverpool,DF,
Georginio Wijnaldum,nl NED,28.0,32.6,0,0,0,15,32,1,5,18,29,0.0,0.0,0,296.0,37.0,53.0,41.1,Liverpool,MF,
Andrew Robertson,sco SCO,25.0,34.6,2,0,0,18,13,2,204,38,32,0.0,0.0,0,340.0,25.0,32.0,43.9,Liverpool,DF,
Roberto Firmino,br BRA,27.0,33.2,0,0,0,29,16,6,8,8,26,0.0,0.0,0,191.0,29.0,74.0,28.2,Liverpool,FW,
Mohamed Salah,eg EGY,27.0,32.0,1,0,0,17,18,20,45,8,13,1.0,0.0,0,167.0,13.0,48.0,21.3,Liverpool,FW,
Sadio Mané,sn SEN,27.0,30.5,3,0,0,46,51,14,49,14,35,2.0,0.0,0,169.0,35.0,79.0,30.7,Liverpool,FW,
Alisson,br BRA,26.0,28.3,0,1,0,1,1,0,0,1,0,0.0,0.0,0,153.0,0.0,0.0,0.0,Liverpool,GK,
Jordan Henderson,eng ENG,29.0,24.9,2,0,0,31,12,0,58,29,36,0.0,0.0,0,322.0,25.0,10.0,71.4,Liverpool,MF,
Fabinho,br BRA,25.0,23.1,6,0,0,32,20,0,9,35,53,0.0,0.0,0,326.0,41.0,30.0,57.7,Liverpool,MF,
Joe Gomez,eng ENG,22.0,22.3,7,0,0,21,13,0,9,41,15,0.0,1.0,0,351.0,72.0,44.0,62.1,Liverpool,DF,
Alex Oxlade-Chamberlain,eng ENG,25.0,16.5,1,0,0,17,14,2,45,22,14,0.0,0.0,1,133.0,13.0,26.0,33.3,Liverpool,MF,FW
James Milner,eng ENG,33.0,10.4,4,0,0,11,12,1,20,8,10,0.0,0.0,0,102.0,16.0,8.0,66.7,Liverpool,MF,DF
Adrián,es ESP,32.0,9.7,1,0,0,0,1,0,0,0,0,0.0,0.0,0,47.0,0.0,0.0,0.0,Liverpool,GK,
Naby Keïta,gn GUI,24.0,9.1,1,0,0,9,10,1,7,11,20,0.0,0.0,0,99.0,8.0,7.0,53.3,Liverpool,MF,
Dejan Lovren,hr CRO,30.0,8.6,1,0,0,4,8,0,1,11,9,0.0,0.0,0,107.0,39.0,21.0,65.0,Liverpool,DF,
Joël Matip,cm CMR,27.0,7.8,0,0,0,7,6,0,1,13,9,0.0,0.0,0,92.0,46.0,5.0,90.2,Liverpool,DF,
Divock Origi,be BEL,24.0,8.0,1,0,0,12,16,0,18,4,10,1.0,0.0,0,43.0,14.0,24.0,36.8,Liverpool,FW,
Adam Lallana,eng ENG,31.0,4.2,1,0,0,7,8,1,3,4,12,0.0,0.0,0,51.0,7.0,11.0,38.9,Liverpool,MF,FW
Neco Williams,wal WAL,18.0,2.6,1,0,0,5,2,0,14,8,2,0.0,0.0,0,36.0,5.0,4.0,55.6,Liverpool,DF,
Takumi Minamino,jp JPN,24.0,2.8,0,0,0,7,3,0,3,0,3,0.0,0.0,0,11.0,5.0,5.0,50.0,Liverpool,FW,MF
Xherdan Shaqiri,ch SUI,27.0,2.1,0,0,0,1,3,1,6,0,0,0.0,0.0,0,17.0,3.0,4.0,42.9,Liverpool,FW,
Curtis Jones,eng ENG,18.0,1.4,0,0,0,3,0,0,0,2,2,0.0,0.0,0,20.0,2.0,3.0,40.0,Liverpool,MF,
Harvey Elliot,eng ENG,16.0,0.1,0,0,0,0,0,0,3,0,0,0.0,0.0,0,1.0,0.0,0.0,0.0,Liverpool,DF,
Ederson,br BRA,25.0,34.1,3,1,0,2,2,0,0,2,1,0.0,0.0,0,155.0,0.0,0.0,0.0,Manchester City,GK,
Kevin De Bruyne,be BEL,28.0,31.0,3,0,0,26,28,3,304,19,28,0.0,0.0,0,232.0,18.0,22.0,45.0,Manchester City,MF,
Raheem Sterling,eng ENG,24.0,29.5,5,0,0,30,40,12,50,14,29,3.0,0.0,0,160.0,20.0,35.0,36.4,Manchester City,FW,
Rodri,es ESP,23.0,27.6,8,0,0,43,32,0,8,28,44,0.0,0.0,0,372.0,69.0,33.0,67.6,Manchester City,MF,
Kyle Walker,eng ENG,29.0,26.6,5,0,0,27,15,3,55,29,23,0.0,0.0,0,268.0,33.0,38.0,46.5,Manchester City,DF,
Fernandinho,br BRA,34.0,26.6,9,2,1,26,17,1,5,25,25,0.0,0.0,1,310.0,73.0,36.0,67.0,Manchester City,DF,
Bernardo Silva,pt POR,24.0,22.6,5,0,0,23,20,2,71,26,26,0.0,1.0,0,183.0,11.0,28.0,28.2,Manchester City,FW,MF
David Silva,es ESP,33.0,20.3,0,0,0,20,20,3,35,12,16,0.0,0.0,0,164.0,8.0,15.0,34.8,Manchester City,MF,
Gabriel Jesus,br BRA,22.0,22.6,3,0,0,26,29,18,6,14,19,0.0,0.0,0,119.0,35.0,64.0,35.4,Manchester City,FW,
İlkay Gündoğan,de GER,28.0,22.4,7,0,0,16,14,2,30,30,19,0.0,1.0,0,219.0,17.0,7.0,70.8,Manchester City,MF,
Riyad Mahrez,dz ALG,28.0,21.6,0,0,0,13,29,13,88,19,21,5.0,0.0,0,140.0,10.0,23.0,30.3,Manchester City,FW,
Nicolás Otamendi,ar ARG,31.0,19.1,3,0,0,21,1,0,0,19,12,0.0,0.0,0,164.0,59.0,27.0,68.6,Manchester City,DF,
Benjamin Mendy,fr FRA,25.0,16.6,3,0,0,12,1,1,86,17,17,0.0,0.0,0,122.0,17.0,16.0,51.5,Manchester City,DF,
Sergio Agüero,ar ARG,31.0,16.1,1,0,0,9,9,6,10,3,5,2.0,0.0,0,61.0,2.0,14.0,12.5,Manchester City,FW,
Aymeric Laporte,fr FRA,25.0,12.2,1,0,0,9,9,0,0,19,8,0.0,0.0,0,136.0,28.0,14.0,66.7,Manchester City,DF,
Oleksandr Zinchenko,ua UKR,22.0,14.2,2,1,1,13,2,1,53,15,16,0.0,0.0,0,155.0,28.0,19.0,59.6,Manchester City,DF,
João Cancelo,pt POR,25.0,13.4,4,0,0,17,8,0,47,22,26,0.0,0.0,0,152.0,22.0,20.0,52.4,Manchester City,DF,
John Stones,eng ENG,25.0,12.5,0,0,0,5,1,1,0,8,12,0.0,0.0,0,153.0,38.0,20.0,65.5,Manchester City,DF,
Phil Foden,eng ENG,19.0,10.0,0,0,0,12,13,1,28,7,9,0.0,0.0,0,61.0,8.0,17.0,32.0,Manchester City,FW,MF
Eric García,es ESP,18.0,8.8,1,0,0,9,2,0,1,18,4,0.0,0.0,0,65.0,10.0,12.0,45.5,Manchester City,DF,
Angeliño,es ESP,22.0,4.7,1,0,0,2,2,0,42,9,5,0.0,0.0,0,49.0,8.0,8.0,50.0,Manchester City,DF,
Claudio Bravo,cl CHI,36.0,3.9,0,0,0,0,0,0,0,0,0,0.0,0.0,0,11.0,0.0,0.0,0.0,Manchester City,GK,
Thomas Doyle,eng ENG,17.0,0.2,0,0,0,0,1,0,0,0,0,0.0,0.0,0,1.0,0.0,0.0,0.0,Manchester City,MF,FW
Leroy Sané,de GER,23.0,0.1,0,0,0,0,0,0,0,0,0,0.0,0.0,0,0.0,0.0,0.0,0.0,Manchester City,FW,
David de Gea,es ESP,28.0,38.0,2,0,0,0,6,0,0,0,0,0.0,0.0,0,145.0,0.0,0.0,0.0,Manchester Utd,GK,
Harry Maguire,eng ENG,26.0,38.0,6,0,0,33,22,6,2,75,27,0.0,0.0,0,434.0,193.0,68.0,73.9,Manchester Utd,DF,
Victor Lindelöf,se SWE,25.0,34.4,6,0,0,22,6,0,2,26,16,0.0,0.0,1,406.0,95.0,49.0,66.0,Manchester Utd,DF,
Aaron Wan-Bissaka,eng ENG,21.0,34.1,8,0,0,22,19,1,102,65,65,0.0,1.0,0,302.0,28.0,24.0,53.8,Manchester Utd,DF,
Marcus Rashford,eng ENG,21.0,29.4,3,0,0,21,45,13,32,9,6,4.0,0.0,0,140.0,20.0,46.0,30.3,Manchester Utd,FW,
Anthony Martial,fr FRA,23.0,29.2,1,0,0,28,41,12,11,4,12,1.0,0.0,0,76.0,21.0,61.0,25.6,Manchester Utd,FW,
Daniel James,wal WAL,21.0,25.4,4,0,0,14,55,2,96,8,15,1.0,0.0,0,153.0,8.0,26.0,23.5,Manchester Utd,FW,
Fred,br BRA,26.0,24.0,8,0,0,42,36,1,63,38,51,0.0,0.0,0,326.0,8.0,16.0,33.3,Manchester Utd,MF,
Scott McTominay,sco SCO,22.0,19.7,2,0,0,36,53,0,14,33,31,1.0,0.0,0,237.0,42.0,29.0,59.2,Manchester Utd,MF,
Luke Shaw,eng ENG,24.0,19.3,7,0,0,23,10,4,37,22,24,0.0,0.0,0,205.0,32.0,23.0,58.2,Manchester Utd,DF,
Nemanja Matić,rs SRB,30.0,17.6,3,0,0,27,18,0,3,23,21,0.0,0.0,0,242.0,27.0,18.0,60.0,Manchester Utd,MF,
Andreas Pereira,br BRA,23.0,16.5,3,0,0,26,16,3,62,6,12,0.0,0.0,0,120.0,13.0,27.0,32.5,Manchester Utd,MF,FW
Bruno Fernandes,pt POR,24.0,13.2,2,0,0,9,14,2,75,9,14,2.0,0.0,0,91.0,2.0,10.0,16.7,Manchester Utd,MF,
Paul Pogba,fr FRA,26.0,13.4,1,0,0,26,19,2,6,5,16,2.0,1.0,0,166.0,27.0,10.0,73.0,Manchester Utd,MF,
Mason Greenwood,eng ENG,17.0,14.7,0,0,0,12,8,3,10,8,13,0.0,0.0,0,70.0,6.0,14.0,30.0,Manchester Utd,FW,
Brandon Williams,eng ENG,18.0,11.2,6,0,0,13,15,1,13,11,5,1.0,0.0,0,93.0,12.0,10.0,54.5,Manchester Utd,DF,
Ashley Young,eng ENG,34.0,10.6,5,0,0,14,16,0,62,10,4,0.0,0.0,0,95.0,15.0,9.0,62.5,Manchester Utd,DF,
Jesse Lingard,eng ENG,26.0,10.4,3,0,0,28,11,0,7,2,9,0.0,0.0,0,52.0,1.0,10.0,9.1,Manchester Utd,MF,FW
Juan Mata,es ESP,31.0,8.4,1,0,0,7,10,4,23,0,7,0.0,0.0,0,48.0,3.0,7.0,30.0,Manchester Utd,MF,FW
Axel Tuanzebe,eng ENG,21.0,2.1,0,0,0,3,3,0,1,5,3,0.0,0.0,0,26.0,3.0,10.0,23.1,Manchester Utd,DF,
Timothy Fosu-Mensah,nl NED,21.0,1.5,1,0,0,5,0,1,2,5,1,0.0,0.0,0,9.0,1.0,2.0,33.3,Manchester Utd,DF,
Phil Jones,eng ENG,27.0,1.5,0,0,0,3,1,0,1,4,2,0.0,0.0,0,19.0,12.0,5.0,70.6,Manchester Utd,DF,
Eric Bailly,ci CIV,25.0,1.7,0,0,0,2,0,0,0,3,0,0.0,1.0,0,22.0,6.0,1.0,85.7,Manchester Utd,DF,
Marcos Rojo,ar ARG,29.0,1.4,1,0,0,2,1,0,3,0,1,0.0,0.0,0,7.0,3.0,1.0,75.0,Manchester Utd,DF,
Diogo Dalot,pt POR,20.0,0.7,0,0,0,1,0,0,3,2,2,0.0,0.0,0,8.0,4.0,0.0,100.0,Manchester Utd,DF,
Odion Ighalo,ng NGA,30.0,1.1,0,0,0,1,1,1,0,0,2,0.0,0.0,0,5.0,0.0,1.0,0.0,Manchester Utd,FW,
Tahith Chong,nl NED,19.0,0.4,0,0,0,2,1,0,0,0,0,0.0,0.0,0,2.0,0.0,2.0,0.0,Manchester Utd,FW,MF
Angel Gomes,eng ENG,18.0,0.2,0,0,0,1,0,0,0,0,0,0.0,0.0,0,0.0,0.0,0.0,0.0,Manchester Utd,MF,
James Garner,eng ENG,18.0,0.1,0,0,0,0,1,0,0,0,0,0.0,0.0,0,2.0,0.0,0.0,0.0,Manchester Utd,MF,
Martin Dúbravka,sk SVK,30.0,38.0,0,0,0,0,4,0,0,1,0,0.0,0.0,0,170.0,0.0,0.0,0.0,Newcastle Utd,GK,
Miguel Almirón,py PAR,25.0,33.6,5,0,0,30,58,24,42,30,36,0.0,0.0,0,228.0,9.0,37.0,19.6,Newcastle Utd,MF,FW
Joelinton,br BRA,22.0,29.8,7,0,0,32,39,20,5,11,19,0.0,0.0,0,180.0,146.0,226.0,39.2,Newcastle Utd,FW,
Federico Fernández,ar ARG,30.0,29.1,8,0,0,17,20,2,27,22,32,0.0,0.0,1,250.0,67.0,50.0,57.3,Newcastle Utd,DF,
Isaac Hayden,eng ENG,24.0,24.7,4,1,0,26,21,2,38,36,37,0.0,0.0,0,257.0,47.0,35.0,57.3,Newcastle Utd,MF,
Jonjo Shelvey,eng ENG,27.0,23.5,3,0,0,17,6,1,87,22,16,0.0,0.0,0,237.0,18.0,11.0,62.1,Newcastle Utd,MF,
Jamaal Lascelles,eng ENG,25.0,23.1,5,0,0,22,18,2,0,29,10,0.0,0.0,0,260.0,83.0,38.0,68.6,Newcastle Utd,DF,
Allan Saint-Maximin,fr FRA,22.0,20.7,0,0,0,18,48,3,44,9,11,0.0,0.0,0,135.0,7.0,20.0,25.9,Newcastle Utd,MF,FW
Fabian Schär,ch SUI,27.0,18.6,5,0,0,29,25,2,12,51,27,0.0,0.0,0,173.0,35.0,27.0,56.5,Newcastle Utd,DF,MF
Javier Manquillo,es ESP,25.0,17.8,5,0,0,19,11,1,45,20,32,0.0,1.0,0,119.0,18.0,22.0,45.0,Newcastle Utd,DF,
Jetro Willems,nl NED,25.0,16.6,0,0,0,10,17,1,32,16,19,0.0,0.0,0,138.0,19.0,14.0,57.6,Newcastle Utd,DF,
Sean Longstaff,eng ENG,21.0,15.3,2,1,0,17,26,0,30,21,21,0.0,0.0,0,170.0,12.0,20.0,37.5,Newcastle Utd,MF,
Matt Ritchie,sco SCO,29.0,14.6,4,0,0,26,16,0,100,12,17,0.0,1.0,0,117.0,20.0,19.0,51.3,Newcastle Utd,DF,MF
Paul Dummett,wal WAL,27.0,13.6,2,0,0,4,6,0,15,19,6,0.0,0.0,1,121.0,35.0,23.0,60.3,Newcastle Utd,DF,
Ciaran Clark,ie IRL,29.0,13.2,3,0,0,9,7,0,0,13,12,0.0,0.0,0,100.0,31.0,31.0,50.0,Newcastle Utd,DF,
Emil Krafth,se SWE,24.0,11.3,0,0,0,4,7,0,20,9,12,0.0,0.0,0,84.0,10.0,8.0,55.6,Newcastle Utd,DF,
DeAndre Yedlin,us USA,26.0,10.4,3,0,0,8,9,2,26,9,14,0.0,0.0,0,63.0,7.0,15.0,31.8,Newcastle Utd,DF,
Danny Rose,eng ENG,29.0,9.6,2,0,0,11,22,0,8,9,15,0.0,0.0,0,86.0,9.0,12.0,42.9,Newcastle Utd,DF,
Dwight Gayle,eng ENG,28.0,9.4,2,0,0,6,13,2,3,2,10,0.0,0.0,0,25.0,23.0,46.0,33.3,Newcastle Utd,FW,
Nabil Bentaleb,dz ALG,24.0,8.3,2,0,0,19,5,0,0,19,23,0.0,0.0,0,109.0,15.0,10.0,60.0,Newcastle Utd,MF,
Christian Atsu,gh GHA,27.0,8.3,2,0,0,11,10,4,17,2,9,0.0,0.0,0,50.0,7.0,12.0,36.8,Newcastle Utd,FW,MF
Matthew Longstaff,eng ENG,19.0,6.4,1,0,0,6,6,0,2,6,3,0.0,0.0,0,57.0,4.0,3.0,57.1,Newcastle Utd,MF,
Andy Carroll,eng ENG,30.0,7.0,1,0,0,17,15,6,5,1,1,0.0,0.0,0,43.0,78.0,61.0,56.1,Newcastle Utd,FW,
Valentino Lazaro,at AUT,23.0,5.3,0,1,0,3,2,0,13,3,2,0.0,0.0,0,39.0,4.0,9.0,30.8,Newcastle Utd,DF,MF
Florian Lejeune,fr FRA,28.0,4.9,0,0,0,6,4,0,2,11,6,0.0,0.0,0,64.0,13.0,4.0,76.5,Newcastle Utd,DF,
Yoshinori Mutō,jp JPN,27.0,2.4,0,0,0,2,3,3,1,0,2,0.0,0.0,0,9.0,1.0,6.0,14.3,Newcastle Utd,FW,MF
Ki Sung-yueng,kr KOR,30.0,1.5,0,0,0,1,3,0,4,2,1,0.0,0.0,0,14.0,2.0,0.0,100.0,Newcastle Utd,MF,
Kelland Watts,eng ENG,19.0,0.2,0,0,0,0,0,0,0,0,0,0.0,0.0,0,1.0,0.0,0.0,0.0,Newcastle Utd,DF,
Max Aarons,eng ENG,19.0,36.0,7,0,0,29,49,3,72,35,36,1.0,0.0,0,281.0,23.0,42.0,35.4,Norwich City,DF,
Tim Krul,nl NED,31.0,36.0,4,0,0,1,6,0,0,1,0,0.0,1.0,1,160.0,0.0,0.0,0.0,Norwich City,GK,
Teemu Pukki,fi FIN,29.0,32.1,3,0,0,23,15,17,9,6,12,0.0,0.0,0,113.0,6.0,50.0,10.7,Norwich City,FW,
Kenny McLean,sco SCO,27.0,33.0,5,0,0,24,58,1,53,38,31,0.0,1.0,0,327.0,87.0,87.0,50.0,Norwich City,MF,
Ben Godfrey,eng ENG,21.0,29.4,3,1,0,14,9,0,3,26,22,0.0,1.0,1,275.0,72.0,37.0,66.1,Norwich City,DF,
Todd Cantwell,eng ENG,21.0,27.7,6,0,0,33,66,3,25,16,29,0.0,1.0,0,179.0,16.0,42.0,27.6,Norwich City,FW,MF
Emi Buendía,ar ARG,22.0,27.4,6,1,0,36,54,2,166,22,58,0.0,0.0,0,232.0,23.0,54.0,29.9,Norwich City,FW,MF
Alexander Tettey,no NOR,33.0,26.0,5,0,0,21,7,0,4,43,20,0.0,0.0,0,327.0,37.0,23.0,61.7,Norwich City,MF,DF
Jamal Lewis,nir NIR,21.0,25.6,4,0,0,15,23,2,44,28,31,0.0,0.0,0,206.0,12.0,25.0,32.4,Norwich City,DF,
Christoph Zimmermann,de GER,26.0,15.9,3,0,0,9,9,0,0,18,21,0.0,2.0,0,146.0,39.0,12.0,76.5,Norwich City,DF,
Sam Byram,eng ENG,25.0,14.4,4,0,0,16,8,1,7,24,23,0.0,0.0,0,152.0,42.0,30.0,58.3,Norwich City,DF,
Onel Hernández,cu CUB,26.0,15.4,0,0,0,14,18,8,24,19,27,0.0,0.0,0,90.0,3.0,23.0,11.5,Norwich City,FW,MF
Grant Hanley,sco SCO,27.0,14.0,4,0,0,12,20,0,0,30,17,0.0,0.0,1,107.0,44.0,16.0,73.3,Norwich City,DF,
Marco Stiepermann,de GER,28.0,13.1,6,0,0,22,15,0,6,5,7,0.0,0.0,0,67.0,14.0,59.0,19.2,Norwich City,MF,
Tom Trybull,de GER,26.0,12.6,2,0,0,26,11,2,0,16,30,0.0,0.0,0,130.0,23.0,17.0,57.5,Norwich City,MF,
Ondrej Duda,sk SVK,24.0,8.0,0,0,0,9,13,2,43,6,15,0.0,0.0,0,66.0,8.0,20.0,28.6,Norwich City,MF,
Ibrahim Amadou,fr FRA,26.0,8.4,1,0,0,8,2,0,1,17,7,0.0,1.0,0,75.0,15.0,14.0,51.7,Norwich City,DF,MF
Lukas Rupp,de GER,28.0,7.7,1,0,0,10,6,0,2,14,9,0.0,0.0,0,69.0,4.0,17.0,19.0,Norwich City,FW,MF
Moritz Leitner,de GER,26.0,7.6,1,0,0,9,11,0,5,8,9,0.0,0.0,0,77.0,5.0,6.0,45.5,Norwich City,MF,
Timm Klose,ch SUI,31.0,6.5,0,0,0,8,7,0,0,8,4,0.0,0.0,0,78.0,17.0,15.0,53.1,Norwich City,DF,
Mario Vrančić,ba BIH,30.0,7.1,3,0,0,13,13,1,7,8,14,0.0,0.0,0,88.0,9.0,13.0,40.9,Norwich City,MF,
Josip Drmić,ch SUI,26.0,7.2,0,1,0,6,4,7,3,1,3,0.0,0.0,0,49.0,12.0,40.0,23.1,Norwich City,FW,MF
Adam Idah,ie IRL,18.0,2.5,0,0,0,2,4,1,0,0,4,0.0,0.0,0,12.0,4.0,9.0,30.8,Norwich City,FW,MF
Michael McGovern,nir NIR,35.0,1.8,0,0,0,0,0,0,0,0,0,0.0,0.0,0,10.0,0.0,0.0,0.0,Norwich City,GK,
Ralf Fährmann,de GER,30.0,0.2,0,0,0,0,0,0,0,0,0,0.0,0.0,0,2.0,0.0,0.0,0.0,Norwich City,GK,
Dennis Srbeny,de GER,25.0,0.5,0,0,0,1,0,0,0,0,4,0.0,0.0,0,5.0,1.0,5.0,16.7,Norwich City,MF,FW
Josh Martin,eng ENG,17.0,0.4,0,0,0,1,0,0,0,1,0,0.0,0.0,0,3.0,0.0,0.0,0.0,Norwich City,FW,
Patrick Roberts,eng ENG,22.0,0.3,0,0,0,1,2,0,0,0,0,0.0,0.0,0,1.0,0.0,0.0,0.0,Norwich City,MF,FW
Akin Famewo,eng ENG,20.0,0.0,0,0,0,0,0,0,0,0,0,0.0,0.0,0,0.0,0.0,0.0,0.0,Norwich City,MF,
Jordan Thomas,eng ENG,,0.0,0,0,0,0,0,0,0,0,0,0.0,0.0,0,0.0,0.0,1.0,0.0,Norwich City,FW,
George Baldock,eng ENG,26.0,38.0,7,0,0,47,44,11,128,37,45,1.0,0.0,0,303.0,37.0,55.0,40.2,Sheffield Utd,DF,
Enda Stevens,ie IRL,29.0,37.2,7,0,0,39,19,2,121,36,43,0.0,0.0,0,341.0,35.0,26.0,57.4,Sheffield Utd,DF,
Chris Basham,eng ENG,31.0,36.0,4,0,0,26,31,5,50,73,50,0.0,1.0,0,412.0,105.0,65.0,61.8,Sheffield Utd,DF,
Oliver Norwood,nir NIR,28.0,34.3,8,0,0,32,16,1,198,51,44,0.0,1.0,0,463.0,43.0,30.0,58.9,Sheffield Utd,MF,
Dean Henderson,eng ENG,22.0,36.0,2,0,0,0,2,0,0,0,0,0.0,0.0,0,199.0,1.0,0.0,100.0,Sheffield Utd,GK,
John Egan,ie IRL,26.0,35.4,5,1,1,33,20,1,2,56,27,0.0,1.0,0,370.0,140.0,57.0,71.1,Sheffield Utd,DF,
Jack O'Connell,eng ENG,25.0,32.4,4,0,0,21,17,2,51,41,20,0.0,0.0,0,376.0,126.0,47.0,72.8,Sheffield Utd,DF,
John Fleck,sco SCO,27.0,28.0,8,0,0,25,22,1,147,24,24,0.0,0.0,0,250.0,12.0,25.0,32.4,Sheffield Utd,MF,
John Lundstram,eng ENG,25.0,27.3,5,0,0,28,12,7,55,33,33,0.0,0.0,0,235.0,26.0,35.0,42.6,Sheffield Utd,MF,
Oliver McBurnie,sco SCO,23.0,23.5,4,0,0,28,28,4,10,18,21,0.0,0.0,0,141.0,188.0,193.0,49.3,Sheffield Utd,FW,
David McGoldrick,ie IRL,31.0,20.2,2,0,0,29,18,12,8,3,26,0.0,0.0,0,112.0,73.0,120.0,37.8,Sheffield Utd,FW,
Sander Berge,no NOR,21.0,10.5,0,0,0,18,5,1,23,10,17,0.0,0.0,0,94.0,30.0,16.0,65.2,Sheffield Utd,MF,
Lys Mousset,fr FRA,23.0,13.8,1,0,0,24,14,16,4,4,4,0.0,0.0,0,66.0,13.0,84.0,13.4,Sheffield Utd,FW,
Billy Sharp,eng ENG,33.0,11.7,1,1,0,20,32,12,12,1,5,0.0,0.0,0,55.0,13.0,44.0,22.8,Sheffield Utd,FW,
Callum Robinson,ie IRL,24.0,7.5,1,0,0,11,4,1,15,5,4,0.0,0.0,0,32.0,3.0,21.0,12.5,Sheffield Utd,FW,
Ben Osborn,eng ENG,24.0,6.6,0,0,0,9,6,1,16,6,10,0.0,0.0,0,58.0,9.0,7.0,56.3,Sheffield Utd,MF,DF
Jack Robinson,eng ENG,25.0,5.6,0,0,0,4,4,1,6,7,3,0.0,0.0,0,60.0,13.0,7.0,65.0,Sheffield Utd,DF,
Luke Freeman,eng ENG,27.0,4.1,2,0,0,6,5,0,15,9,4,0.0,0.0,0,36.0,5.0,4.0,55.6,Sheffield Utd,MF,
Muhamed Bešić,ba BIH,26.0,2.8,2,0,0,6,2,0,1,2,6,0.0,0.0,0,28.0,5.0,5.0,50.0,Sheffield Utd,MF,
Phil Jagielka,eng ENG,36.0,2.7,0,0,0,1,4,0,1,4,4,0.0,0.0,0,28.0,11.0,4.0,73.3,Sheffield Utd,DF,
Simon Moore,eng ENG,29.0,2.0,0,0,0,0,0,0,0,0,0,0.0,0.0,0,10.0,0.0,0.0,0.0,Sheffield Utd,GK,
Richairo Živković,nl NED,22.0,1.2,0,0,0,1,1,0,1,0,2,0.0,0.0,0,2.0,1.0,9.0,10.0,Sheffield Utd,FW,
Leon Clarke,eng ENG,34.0,0.4,0,0,0,0,0,0,0,0,0,0.0,0.0,0,0.0,2.0,1.0,66.7,Sheffield Utd,FW,MF
Jack Rodwell,eng ENG,28.0,0.2,0,0,0,0,0,0,0,0,0,0.0,0.0,0,1.0,0.0,0.0,0.0,Sheffield Utd,MF,
Ravel Morrison,eng ENG,26.0,0.1,0,0,0,1,0,0,0,0,0,0.0,0.0,0,2.0,0.0,0.0,0.0,Sheffield Utd,MF,
Kieron Freeman,wal WAL,27.0,0.1,0,0,0,1,0,0,0,0,0,0.0,0.0,0,1.0,0.0,2.0,0.0,Sheffield Utd,FW,
James Ward-Prowse,eng ENG,24.0,38.0,9,0,0,56,43,0,265,54,56,1.0,0.0,0,481.0,73.0,52.0,58.4,Southampton,MF,DF
Jan Bednarek,pl POL,23.0,34.0,4,0,0,33,12,0,1,74,38,0.0,1.0,1,401.0,132.0,54.0,71.0,Southampton,DF,
Danny Ings,eng ENG,27.0,31.2,3,0,0,37,25,12,29,12,32,2.0,0.0,0,188.0,40.0,117.0,25.5,Southampton,FW,
Nathan Redmond,eng ENG,25.0,30.7,2,0,0,23,31,5,42,15,46,0.0,0.0,0,250.0,20.0,57.0,26.0,Southampton,MF,FW
Ryan Bertrand,eng ENG,29.0,30.5,3,1,0,27,32,1,117,31,28,0.0,0.0,0,274.0,65.0,54.0,54.6,Southampton,DF,
Pierre Højbjerg,dk DEN,23.0,30.6,5,0,0,46,38,1,28,45,57,0.0,1.0,0,510.0,51.0,42.0,54.8,Southampton,MF,
Alex McCarthy,eng ENG,29.0,28.0,0,0,0,1,3,0,0,0,0,0.0,0.0,0,117.0,0.0,0.0,0.0,Southampton,GK,
Jack Stephens,eng ENG,25.0,27.2,4,1,0,13,13,0,5,30,35,0.0,1.0,0,322.0,43.0,56.0,43.4,Southampton,DF,
Oriol Romeu,es ESP,27.0,20.7,5,0,0,39,16,1,6,32,39,0.0,0.0,0,302.0,41.0,32.0,56.2,Southampton,MF,
Stuart Armstrong,sco SCO,27.0,19.1,4,0,0,26,20,4,23,10,25,0.0,0.0,0,168.0,10.0,29.0,25.6,Southampton,MF,
Jannik Vestergaard,dk DEN,26.0,16.6,3,0,0,9,9,0,1,24,12,0.0,0.0,0,195.0,80.0,30.0,72.7,Southampton,DF,
Cédric Soares,pt POR,27.0,14.5,1,0,0,10,3,0,52,18,24,0.0,0.0,0,124.0,20.0,22.0,47.6,Southampton,DF,
Shane Long,ie IRL,32.0,15.5,0,0,0,32,25,12,20,3,15,0.0,0.0,0,81.0,114.0,128.0,47.1,Southampton,FW,
Che Adams,eng ENG,23.0,12.3,0,0,0,17,16,10,14,2,6,1.0,0.0,0,73.0,29.0,86.0,25.2,Southampton,FW,
Moussa Djenepo,ml MLI,21.0,10.3,4,1,0,23,30,3,23,10,18,0.0,0.0,0,55.0,5.0,14.0,26.3,Southampton,MF,DF
Angus Gunn,eng ENG,23.0,10.0,0,0,0,0,2,0,0,0,0,0.0,0.0,0,38.0,0.0,0.0,0.0,Southampton,GK,
Yan Valery,fr FRA,20.0,8.7,1,0,0,7,8,3,12,12,13,0.0,0.0,0,83.0,21.0,19.0,52.5,Southampton,DF,
Sofiane Boufal,ma MAR,25.0,8.5,2,0,0,25,20,2,27,3,12,0.0,1.0,0,69.0,8.0,11.0,42.1,Southampton,MF,FW
Michael Obafemi,ie IRL,19.0,7.4,1,0,0,11,7,3,2,4,2,0.0,0.0,0,32.0,8.0,41.0,16.3,Southampton,FW,
Kyle Walker-Peters,eng ENG,22.0,7.8,1,0,0,6,21,1,12,13,8,0.0,0.0,0,70.0,3.0,15.0,16.7,Southampton,DF,
Maya Yoshida,jp JPN,30.0,6.2,1,0,0,3,5,0,0,3,5,0.0,0.0,0,53.0,14.0,8.0,63.6,Southampton,DF,
William Smallbone,ie IRL,19.0,4.4,0,0,0,2,6,0,5,2,8,0.0,0.0,0,42.0,3.0,21.0,12.5,Southampton,MF,
Kevin Danso,at AUT,20.0,3.1,2,1,1,4,2,0,4,3,4,0.0,0.0,0,28.0,11.0,10.0,52.4,Southampton,DF,
Jake Vokins,eng ENG,19.0,1.0,0,0,0,0,1,0,1,0,0,0.0,0.0,0,8.0,0.0,0.0,0.0,Southampton,DF,
Nathan Tella,eng ENG,20.0,0.0,0,0,0,0,1,0,0,0,0,0.0,0.0,0,1.0,1.0,1.0,50.0,Southampton,FW,
Toby Alderweireld,be BEL,30.0,32.9,7,0,0,18,4,1,8,26,24,0.0,0.0,1,322.0,76.0,54.0,58.5,Tottenham,DF,
Serge Aurier,ci CIV,26.0,30.0,4,1,1,40,22,6,134,43,55,0.0,2.0,1,320.0,67.0,67.0,50.0,Tottenham,DF,
Harry Kane,eng ENG,26.0,28.7,4,0,0,37,44,20,21,5,14,1.0,0.0,0,92.0,64.0,123.0,34.2,Tottenham,FW,
Son Heung-min,kr KOR,27.0,27.5,0,2,0,17,27,17,77,19,21,1.0,0.0,0,183.0,8.0,34.0,19.0,Tottenham,FW,MF
Moussa Sissoko,fr FRA,29.0,27.2,8,0,0,44,16,2,23,31,35,0.0,1.0,0,285.0,31.0,27.0,53.4,Tottenham,MF,
Davinson Sánchez,co COL,23.0,27.0,6,0,0,27,12,1,2,34,36,0.0,0.0,0,260.0,52.0,34.0,60.5,Tottenham,DF,
Harry Winks,eng ENG,23.0,24.7,9,0,0,24,23,0,27,37,23,0.0,0.0,0,233.0,15.0,9.0,62.5,Tottenham,MF,
Lucas Moura,br BRA,26.0,24.9,3,0,0,31,63,5,19,15,33,0.0,0.0,0,199.0,57.0,83.0,40.7,Tottenham,FW,MF
Dele Alli,eng ENG,23.0,20.5,2,0,0,12,33,6,7,14,29,0.0,0.0,0,157.0,17.0,32.0,34.7,Tottenham,MF,FW
Hugo Lloris,fr FRA,32.0,20.1,0,0,0,0,1,0,0,1,0,0.0,0.0,0,93.0,0.0,0.0,0.0,Tottenham,GK,
Jan Vertonghen,be BEL,32.0,18.3,2,0,0,7,17,0,18,31,21,0.0,1.0,0,196.0,59.0,25.0,70.2,Tottenham,DF,
Paulo Gazzaniga,ar ARG,27.0,17.9,1,0,0,1,2,0,0,0,0,0.0,1.0,0,80.0,0.0,0.0,0.0,Tottenham,GK,
Ben Davies,wal WAL,26.0,15.9,6,0,0,27,8,1,30,24,13,0.0,0.0,0,163.0,42.0,22.0,65.6,Tottenham,DF,
Giovani Lo Celso,ar ARG,23.0,16.6,6,0,0,28,45,0,56,12,33,0.0,0.0,0,167.0,7.0,24.0,22.6,Tottenham,MF,FW
Eric Dier,eng ENG,25.0,14.9,5,0,0,19,4,1,3,19,14,0.0,1.0,0,170.0,79.0,36.0,68.7,Tottenham,DF,MF
Érik Lamela,ar ARG,27.0,13.5,3,0,0,30,26,1,49,7,21,1.0,0.0,0,92.0,5.0,19.0,20.8,Tottenham,MF,FW
Tanguy Ndombele,fr FRA,22.0,11.2,3,0,0,14,29,0,12,13,19,0.0,0.0,0,109.0,5.0,7.0,41.7,Tottenham,MF,
Christian Eriksen,dk DEN,27.0,12.2,5,0,0,9,6,2,72,11,12,0.0,0.0,0,138.0,3.0,9.0,25.0,Tottenham,MF,FW
Danny Rose,eng ENG,29.0,9.9,5,0,0,14,17,0,39,7,13,0.0,0.0,0,93.0,9.0,6.0,60.0,Tottenham,DF,
Steven Bergwijn,nl NED,21.0,7.8,2,0,0,7,10,0,10,3,4,1.0,0.0,0,71.0,6.0,8.0,42.9,Tottenham,FW,MF
Japhet Tanganga,eng ENG,20.0,5.8,1,0,0,8,4,0,2,11,15,0.0,0.0,0,50.0,19.0,10.0,65.5,Tottenham,DF,
Ryan Sessegnon,eng ENG,19.0,3.8,0,0,0,4,2,2,13,1,0,0.0,1.0,0,28.0,6.0,5.0,54.5,Tottenham,DF,
Kyle Walker-Peters,eng ENG,22.0,2.7,0,0,0,1,5,1,8,2,3,0.0,0.0,0,27.0,2.0,4.0,33.3,Tottenham,DF,
Oliver Skipp,eng ENG,18.0,0.9,0,0,0,1,0,0,0,0,2,0.0,0.0,0,14.0,0.0,2.0,0.0,Tottenham,MF,DF
Juan Foyth,ar ARG,21.0,0.8,1,0,0,2,1,0,0,2,4,0.0,0.0,0,11.0,1.0,0.0,100.0,Tottenham,DF,
Gedson Fernandes,pt POR,20.0,0.8,0,0,0,0,2,0,6,1,1,0.0,0.0,0,9.0,0.0,1.0,0.0,Tottenham,MF,DF
Victor Wanyama,ke KEN,28.0,0.3,1,0,0,1,1,0,0,0,0,0.0,0.0,0,4.0,1.0,0.0,100.0,Tottenham,MF,
Troy Parrott,ie IRL,17.0,0.1,0,0,0,0,0,0,0,0,0,0.0,0.0,0,0.0,0.0,2.0,0.0,Tottenham,MF,
Georges-Kévin N'Koudou,fr FRA,24.0,0.0,0,0,0,0,0,0,0,0,0,0.0,0.0,0,0.0,0.0,0.0,0.0,Tottenham,FW,
Ben Foster,eng ENG,36.0,38.0,1,0,0,2,3,0,0,1,0,0.0,2.0,0,222.0,1.0,0.0,100.0,Watford,GK,
Abdoulaye Doucouré,fr FRA,26.0,35.1,9,0,0,51,15,6,26,32,49,0.0,1.0,1,440.0,53.0,53.0,50.0,Watford,MF,
Étienne Capoue,fr FRA,31.0,29.2,8,0,0,58,39,0,23,62,54,0.0,1.0,0,403.0,46.0,13.0,78.0,Watford,MF,
Craig Cathcart,nir NIR,30.0,27.6,7,0,0,13,2,0,1,22,26,0.0,0.0,0,260.0,75.0,45.0,62.5,Watford,DF,
Will Hughes,eng ENG,24.0,25.0,9,0,0,53,46,1,69,35,49,0.0,2.0,0,267.0,25.0,28.0,47.2,Watford,MF,FW
Craig Dawson,eng ENG,29.0,26.2,6,0,0,31,12,0,4,34,19,0.0,1.0,0,254.0,107.0,36.0,74.8,Watford,DF,
Christian Kabasele,be BEL,28.0,25.0,3,2,1,22,14,0,0,37,24,0.0,0.0,0,199.0,59.0,45.0,56.7,Watford,DF,
Kiko Femenía,es ESP,28.0,24.9,5,0,0,26,12,1,68,37,32,1.0,0.0,0,274.0,21.0,10.0,67.7,Watford,DF,
Troy Deeney,eng ENG,31.0,24.7,3,0,0,37,37,12,10,11,17,1.0,0.0,0,119.0,173.0,290.0,37.4,Watford,FW,
Gerard Deulofeu,es ESP,25.0,23.3,3,0,0,27,22,18,91,24,21,1.0,0.0,0,164.0,3.0,15.0,16.7,Watford,FW,
Ismaila Sarr,sn SEN,21.0,22.5,1,0,0,22,47,12,97,15,19,2.0,0.0,0,142.0,18.0,49.0,26.9,Watford,FW,MF
Adam Masina,it ITA,25.0,20.2,3,0,0,26,12,2,68,28,25,0.0,1.0,0,230.0,66.0,29.0,69.5,Watford,DF,
Roberto Pereyra,ar ARG,28.0,18.3,4,0,0,21,33,6,31,12,10,1.0,0.0,0,143.0,7.0,28.0,20.0,Watford,FW,MF
Adrian Mariappa,jm JAM,32.0,16.8,6,1,1,20,7,2,21,10,12,0.0,0.0,1,133.0,41.0,32.0,56.2,Watford,DF,
José Holebas,gr GRE,35.0,11.4,5,0,0,18,6,0,70,2,12,0.0,1.0,0,89.0,35.0,18.0,66.0,Watford,DF,
Tom Cleverley,eng ENG,29.0,10.8,2,0,0,16,10,0,28,9,17,0.0,0.0,0,92.0,8.0,14.0,36.4,Watford,MF,
Nathaniel Chalobah,eng ENG,24.0,10.3,1,0,0,7,8,0,21,16,19,0.0,0.0,0,115.0,17.0,14.0,54.8,Watford,MF,
Danny Welbeck,eng ENG,28.0,9.1,0,0,0,8,10,2,1,5,9,1.0,0.0,0,36.0,23.0,22.0,51.1,Watford,FW,MF
Andre Gray,eng ENG,28.0,8.4,1,0,0,10,1,6,5,1,5,0.0,0.0,0,38.0,14.0,33.0,29.8,Watford,FW,
Daryl Janmaat,nl NED,30.0,6.7,1,0,0,5,1,0,23,6,6,0.0,0.0,1,45.0,1.0,1.0,50.0,Watford,DF,
Dimitri Foulquier,fr FRA,26.0,0.7,0,0,0,0,0,0,1,2,1,0.0,0.0,0,4.0,0.0,2.0,0.0,Watford,MF,DF
Sebastian Prödl,at AUT,32.0,0.6,0,0,0,1,0,0,0,0,0,0.0,0.0,0,5.0,4.0,1.0,80.0,Watford,DF,
Ignacio Pussetto,ar ARG,23.0,0.8,1,0,0,3,2,0,4,3,3,0.0,0.0,0,14.0,1.0,3.0,25.0,Watford,FW,DF
Isaac Success,ng NGA,23.0,0.8,1,0,0,2,2,0,2,1,0,0.0,0.0,0,5.0,1.0,7.0,12.5,Watford,FW,MF
João Pedro,br BRA,17.0,0.3,0,0,0,1,0,0,3,0,0,0.0,0.0,0,3.0,2.0,3.0,40.0,Watford,FW,MF
Domingos Quina,pt POR,19.0,0.2,0,0,0,1,1,0,0,0,0,0.0,0.0,0,4.0,0.0,2.0,0.0,Watford,MF,
Declan Rice,eng ENG,20.0,38.0,6,0,0,41,7,2,26,78,89,0.0,1.0,0,450.0,51.0,33.0,60.7,West Ham,MF,
Mark Noble,eng ENG,32.0,29.7,5,0,0,28,31,1,40,21,36,1.0,0.0,0,299.0,11.0,18.0,37.9,West Ham,MF,
Angelo Ogbonna,it ITA,31.0,31.0,4,0,0,22,14,0,1,32,34,0.0,1.0,1,311.0,108.0,50.0,68.4,West Ham,DF,
Issa Diop,fr FRA,22.0,30.7,8,0,0,31,11,1,1,46,16,0.0,3.0,0,306.0,84.0,39.0,68.3,West Ham,DF,
Aaron Cresswell,eng ENG,29.0,30.3,7,0,0,16,18,2,127,35,29,0.0,0.0,0,295.0,51.0,34.0,60.0,West Ham,DF,
Ryan Fredericks,eng ENG,26.0,24.9,7,0,0,25,21,0,58,26,48,0.0,0.0,0,200.0,28.0,39.0,41.8,West Ham,DF,
Łukasz Fabiański,pl POL,34.0,23.5,1,0,0,1,2,0,0,1,0,0.0,1.0,0,120.0,0.0,0.0,0.0,West Ham,GK,
Sébastien Haller,fr FRA,25.0,25.2,1,0,0,46,38,18,8,8,17,1.0,0.0,0,121.0,200.0,195.0,50.6,West Ham,FW,
Pablo Fornals,es ESP,23.0,24.1,3,0,0,18,16,7,62,24,29,0.0,0.0,0,187.0,9.0,49.0,15.5,West Ham,MF,FW
Felipe Anderson,br BRA,26.0,16.6,1,0,0,17,23,2,36,21,30,0.0,0.0,0,135.0,4.0,24.0,14.3,West Ham,MF,FW
Michail Antonio,eng ENG,29.0,19.6,3,0,0,40,35,12,49,9,10,0.0,0.0,0,95.0,76.0,115.0,39.8,West Ham,FW,
Robert Snodgrass,sco SCO,31.0,16.8,4,0,0,20,32,4,135,5,10,0.0,0.0,0,129.0,16.0,24.0,40.0,West Ham,MF,FW
Manuel Lanzini,ar ARG,26.0,15.3,1,0,0,6,26,4,42,9,9,1.0,0.0,0,126.0,6.0,14.0,30.0,West Ham,MF,FW
Fabián Balbuena,py PAR,27.0,13.1,2,0,0,6,2,0,1,26,11,0.0,0.0,0,142.0,46.0,28.0,62.2,West Ham,DF,
Tomáš Souček,cz CZE,24.0,11.6,0,0,0,11,9,0,2,22,25,0.0,0.0,1,117.0,62.0,38.0,62.0,West Ham,MF,
Jarrod Bowen,eng ENG,22.0,10.2,0,0,0,4,20,1,59,13,13,0.0,0.0,0,68.0,4.0,23.0,14.8,West Ham,FW,
Andriy Yarmolenko,ua UKR,29.0,11.0,2,0,0,16,10,8,19,6,10,0.0,0.0,0,71.0,6.0,12.0,33.3,West Ham,MF,FW
Arthur Masuaku,cd COD,25.0,10.4,6,1,1,10,9,0,25,13,27,0.0,0.0,0,112.0,11.0,10.0,52.4,West Ham,DF,
Roberto,es ESP,33.0,7.6,0,0,0,0,1,0,0,0,0,0.0,0.0,1,51.0,0.0,0.0,0.0,West Ham,GK,
Pablo Zabaleta,ar ARG,34.0,6.6,2,0,0,7,9,0,15,13,10,0.0,0.0,0,62.0,8.0,9.0,47.1,West Ham,DF,
Jeremy Ngakia,eng ENG,18.0,4.9,0,0,0,4,1,1,12,7,12,0.0,0.0,0,38.0,8.0,11.0,42.1,West Ham,DF,
David Martin,eng ENG,33.0,4.8,1,0,0,0,0,0,0,0,0,0.0,0.0,0,20.0,0.0,0.0,0.0,West Ham,GK,
Ben Johnson,eng ENG,19.0,3.0,0,0,0,8,1,0,11,3,4,0.0,0.0,0,25.0,9.0,4.0,69.2,West Ham,DF,
Jack Wilshere,eng ENG,27.0,2.4,0,0,0,1,8,0,0,1,0,0.0,0.0,0,19.0,6.0,0.0,100.0,West Ham,MF,
Darren Randolph,ie IRL,32.0,2.0,0,0,0,0,0,0,0,0,0,0.0,0.0,0,6.0,0.0,0.0,0.0,West Ham,GK,
Carlos Sánchez,co COL,33.0,1.3,0,0,0,2,0,0,0,2,1,0.0,0.0,0,22.0,3.0,1.0,75.0,West Ham,MF,DF
Javier Hernández,mx MEX,31.0,1.2,0,0,0,0,0,1,1,0,0,0.0,0.0,0,5.0,0.0,1.0,0.0,West Ham,FW,
Albian Ajeti,ch SUI,22.0,1.5,0,0,0,6,0,2,0,1,0,0.0,0.0,0,4.0,1.0,9.0,10.0,West Ham,MF,FW
Nathan Holland,eng ENG,21.0,0.4,0,0,0,0,1,0,2,0,0,0.0,0.0,0,0.0,0.0,1.0,0.0,West Ham,MF,
Conor Coady,eng ENG,26.0,38.0,5,0,0,16,7,0,0,27,22,0.0,1.0,0,387.0,42.0,24.0,63.6,Wolves,DF,
Rui Patrício,pt POR,31.0,38.0,0,0,0,0,7,0,0,2,0,0.0,0.0,0,173.0,0.0,0.0,0.0,Wolves,GK,
Raúl Jiménez,mx MEX,28.0,36.0,3,0,0,40,35,19,23,14,23,2.0,0.0,0,166.0,76.0,115.0,39.8,Wolves,FW,
Rúben Neves,pt POR,22.0,34.0,9,0,0,29,16,0,31,55,42,0.0,0.0,0,470.0,25.0,28.0,47.2,Wolves,MF,
João Moutinho,pt POR,32.0,34.5,7,0,0,41,25,3,216,48,54,0.0,0.0,0,355.0,18.0,29.0,38.3,Wolves,MF,
Jonny Castro,es ESP,25.0,32.1,4,0,0,34,29,2,52,52,61,0.0,0.0,0,237.0,37.0,54.0,40.7,Wolves,DF,
Matt Doherty,ie IRL,27.0,31.5,1,0,0,28,19,3,44,38,33,1.0,1.0,0,255.0,107.0,92.0,53.8,Wolves,DF,
Leander Dendoncker,be BEL,24.0,31.1,5,0,0,30,9,0,8,38,40,0.0,1.0,1,302.0,90.0,70.0,56.3,Wolves,MF,DF
Romain Saïss,ma MAR,29.0,30.1,12,1,1,43,24,2,9,51,30,0.0,0.0,0,359.0,118.0,64.0,64.8,Wolves,DF,
Adama Traoré,es ESP,23.0,28.9,1,0,0,39,77,5,182,18,23,0.0,0.0,0,171.0,48.0,51.0,48.5,Wolves,FW,MF
Diogo Jota,pt POR,22.0,25.4,4,0,0,41,60,3,33,8,21,0.0,0.0,0,178.0,27.0,48.0,36.0,Wolves,FW,MF
Willy Boly,fr FRA,28.0,22.0,3,1,1,24,8,1,2,39,40,0.0,0.0,0,218.0,73.0,27.0,73.0,Wolves,DF,
Pedro Neto,pt POR,19.0,10.4,3,0,0,14,16,4,47,7,5,0.0,0.0,0,82.0,8.0,31.0,20.5,Wolves,FW,MF
Ryan Bennett,eng ENG,29.0,6.7,2,0,0,4,1,0,4,9,3,0.0,0.0,0,66.0,22.0,11.0,66.7,Wolves,DF,
Rúben Vinagre,pt POR,20.0,7.2,1,0,0,7,8,0,30,8,13,0.0,0.0,0,61.0,6.0,11.0,35.3,Wolves,DF,
Patrick Cutrone,it ITA,21.0,3.3,0,0,0,5,9,4,6,2,4,0.0,0.0,0,25.0,5.0,21.0,19.2,Wolves,FW,
Daniel Podence,pt POR,23.0,3.2,0,0,0,5,9,3,5,3,2,1.0,0.0,0,19.0,0.0,7.0,0.0,Wolves,FW,MF
Max Kilman,eng ENG,22.0,2.1,0,0,0,2,0,0,0,4,3,0.0,0.0,0,14.0,11.0,10.0,52.4,Wolves,DF,
Jesús Vallejo,es ESP,22.0,1.8,1,0,0,2,1,0,0,1,3,0.0,0.0,0,18.0,4.0,4.0,50.0,Wolves,DF,
Morgan Gibbs-White,eng ENG,19.0,1.4,0,0,0,2,1,0,3,1,1,0.0,0.0,0,13.0,3.0,3.0,50.0,Wolves,MF,FW
Bruno Jordão,pt POR,20.0,0.1,0,0,0,0,0,0,0,0,0,0.0,0.0,0,2.0,0.0,0.0,0.0,Wolves,FW,
