player,nationality,age,games,minutes,minutes_per_game,minutes_pct,minutes_90s,games_starts,minutes_per_start,games_subs,minutes_per_sub,unused_subs,points_per_match,on_goals_for,on_goals_against,plus_minus,plus_minus_per90,plus_minus_wowy,on_xg_for,on_xg_against,xg_plus_minus,xg_plus_minus_per90,xg_plus_minus_wowy,team,Pos1,Pos2
Pierre-Emerick Aubameyang,ga GAB,31.0,1,90.0,90.0,100.0,1.0,1,90.0,0,0.0,0,3.0,3.0,0.0,3.0,3.0,0.0,1.8,0.2,1.5,1.54,0.0,Arsenal,FW,
Héctor Bellerín,es ESP,25.0,1,90.0,90.0,100.0,1.0,1,90.0,0,0.0,0,3.0,3.0,0.0,3.0,3.0,0.0,1.8,0.2,1.5,1.54,0.0,Arsenal,DF,
Gabriel Dos Santos,br BRA,22.0,1,90.0,90.0,100.0,1.0,1,90.0,0,0.0,0,3.0,3.0,0.0,3.0,3.0,0.0,1.8,0.2,1.5,1.54,0.0,Arsenal,DF,
Mohamed Elneny,eg EGY,28.0,1,90.0,90.0,100.0,1.0,1,90.0,0,0.0,0,3.0,3.0,0.0,3.0,3.0,0.0,1.8,0.2,1.5,1.54,0.0,Arsenal,MF,
Rob Holding,eng ENG,24.0,1,90.0,90.0,100.0,1.0,1,90.0,0,0.0,0,3.0,3.0,0.0,3.0,3.0,0.0,1.8,0.2,1.5,1.54,0.0,Arsenal,DF,
Bernd Leno,de GER,28.0,1,90.0,90.0,100.0,1.0,1,90.0,0,0.0,0,3.0,3.0,0.0,3.0,3.0,0.0,1.8,0.2,1.5,1.54,0.0,Arsenal,GK,
Ainsley Maitland-Niles,eng ENG,22.0,1,90.0,90.0,100.0,1.0,1,90.0,0,0.0,0,3.0,3.0,0.0,3.0,3.0,0.0,1.8,0.2,1.5,1.54,0.0,Arsenal,DF,
Kieran Tierney,sco SCO,23.0,1,90.0,90.0,100.0,1.0,1,90.0,0,0.0,0,3.0,3.0,0.0,3.0,3.0,0.0,1.8,0.2,1.5,1.54,0.0,Arsenal,DF,
Alexandre Lacazette,fr FRA,29.0,1,86.0,86.0,95.6,1.0,1,86.0,0,0.0,0,3.0,3.0,0.0,3.0,3.14,3.14,1.8,0.2,1.6,1.63,2.06,Arsenal,FW,
Granit Xhaka,ch SUI,27.0,1,78.0,78.0,86.7,0.9,1,78.0,0,0.0,0,3.0,3.0,0.0,3.0,3.46,3.46,1.8,0.2,1.6,1.8,1.94,Arsenal,MF,
Willian,br BRA,31.0,1,75.0,75.0,83.3,0.8,1,75.0,0,0.0,0,3.0,3.0,0.0,3.0,3.6,3.6,1.4,0.2,1.3,1.5,-0.23,Arsenal,FW,
Nicolas Pépé,ci CIV,25.0,1,15.0,15.0,16.7,0.2,0,0.0,1,15.0,0,3.0,0.0,0.0,0.0,0.0,-3.6,0.3,0.0,0.3,1.73,0.23,Arsenal,FW,
Dani Ceballos,es ESP,23.0,1,12.0,12.0,13.3,0.1,0,0.0,1,12.0,0,3.0,0.0,0.0,0.0,0.0,-3.46,0.0,0.0,0.0,-0.14,-1.94,Arsenal,MF,
Eddie Nketiah,eng ENG,21.0,1,4.0,4.0,4.4,0.0,0,0.0,1,4.0,0,3.0,0.0,0.0,0.0,0.0,-3.14,0.0,0.0,0.0,-0.43,-2.06,Arsenal,FW,
Sead Kolašinac,ba BIH,27.0,0,0.0,0.0,0.0,0.0,0,0.0,0,0.0,1,0.0,0.0,0.0,0.0,0.0,0.0,0.0,0.0,0.0,0.0,0.0,Arsenal,DF,MF
Matt Macey,eng ENG,25.0,0,0.0,0.0,0.0,0.0,0,0.0,0,0.0,1,0.0,0.0,0.0,0.0,0.0,0.0,0.0,0.0,0.0,0.0,0.0,Arsenal,GK,
Bukayo Saka,eng ENG,18.0,0,0.0,0.0,0.0,0.0,0,0.0,0,0.0,1,0.0,0.0,0.0,0.0,0.0,0.0,0.0,0.0,0.0,0.0,0.0,Arsenal,MF,
Joe Willock,eng ENG,20.0,0,0.0,0.0,0.0,0.0,0,0.0,0,0.0,1,0.0,0.0,0.0,0.0,0.0,0.0,0.0,0.0,0.0,0.0,0.0,Arsenal,MF,
Yves Bissouma,ml MLI,23.0,1,90.0,90.0,100.0,1.0,1,90.0,0,0.0,0,0.0,1.0,3.0,-2.0,-2.0,0.0,0.0,0.0,0.0,0.0,0.0,Brighton,MF,
Lewis Dunk,eng ENG,28.0,1,90.0,90.0,100.0,1.0,1,90.0,0,0.0,0,0.0,1.0,3.0,-2.0,-2.0,0.0,0.0,0.0,0.0,0.0,0.0,Brighton,DF,
Tariq Lamptey,eng ENG,19.0,1,90.0,90.0,100.0,1.0,1,90.0,0,0.0,0,0.0,1.0,3.0,-2.0,-2.0,0.0,0.0,0.0,0.0,0.0,0.0,Brighton,DF,
Solly March,eng ENG,26.0,1,90.0,90.0,100.0,1.0,1,90.0,0,0.0,0,0.0,1.0,3.0,-2.0,-2.0,0.0,0.0,0.0,0.0,0.0,0.0,Brighton,FW,MF
Neal Maupay,fr FRA,23.0,1,90.0,90.0,100.0,1.0,1,90.0,0,0.0,0,0.0,1.0,3.0,-2.0,-2.0,0.0,0.0,0.0,0.0,0.0,0.0,Brighton,FW,MF
Mathew Ryan,au AUS,28.0,1,90.0,90.0,100.0,1.0,1,90.0,0,0.0,0,0.0,1.0,3.0,-2.0,-2.0,0.0,0.0,0.0,0.0,0.0,0.0,Brighton,GK,
Leandro Trossard,be BEL,25.0,1,90.0,90.0,100.0,1.0,1,90.0,0,0.0,0,0.0,1.0,3.0,-2.0,-2.0,0.0,0.0,0.0,0.0,0.0,0.0,Brighton,FW,MF
Adam Webster,eng ENG,25.0,1,90.0,90.0,100.0,1.0,1,90.0,0,0.0,0,0.0,1.0,3.0,-2.0,-2.0,0.0,0.0,0.0,0.0,0.0,0.0,Brighton,DF,
Steven Alzate,co COL,21.0,1,78.0,78.0,86.7,0.9,1,78.0,0,0.0,0,0.0,1.0,3.0,-2.0,-2.31,-2.31,0.0,0.0,0.0,0.0,0.0,Brighton,MF,
Ben White,eng ENG,22.0,1,78.0,78.0,86.7,0.9,1,78.0,0,0.0,0,0.0,1.0,3.0,-2.0,-2.31,-2.31,0.0,0.0,0.0,0.0,0.0,Brighton,DF,
Adam Lallana,eng ENG,32.0,1,44.0,44.0,48.9,0.5,1,44.0,0,0.0,0,0.0,0.0,1.0,-1.0,-2.05,-0.09,0.0,0.0,0.0,0.0,0.0,Brighton,FW,MF
Aaron Connolly,ie IRL,20.0,1,46.0,46.0,51.1,0.5,0,0.0,1,46.0,0,0.0,1.0,2.0,-1.0,-1.96,0.09,0.0,0.0,0.0,0.0,0.0,Brighton,FW,
Pascal Groß,de GER,29.0,1,12.0,12.0,13.3,0.1,0,0.0,1,12.0,0,0.0,0.0,0.0,0.0,0.0,2.31,0.0,0.0,0.0,0.0,0.0,Brighton,FW,MF
Alireza Jahanbakhsh,ir IRN,26.0,1,12.0,12.0,13.3,0.1,0,0.0,1,12.0,0,0.0,0.0,0.0,0.0,0.0,2.31,0.0,0.0,0.0,0.0,0.0,Brighton,FW,MF
Dan Burn,eng ENG,28.0,0,0.0,0.0,0.0,0.0,0,0.0,0,0.0,1,0.0,0.0,0.0,0.0,0.0,0.0,0.0,0.0,0.0,0.0,0.0,Brighton,DF,
Jason Steele,eng ENG,29.0,0,0.0,0.0,0.0,0.0,0,0.0,0,0.0,1,0.0,0.0,0.0,0.0,0.0,0.0,0.0,0.0,0.0,0.0,0.0,Brighton,GK,
Dale Stephens,eng ENG,31.0,0,0.0,0.0,0.0,0.0,0,0.0,0,0.0,1,0.0,0.0,0.0,0.0,0.0,0.0,0.0,0.0,0.0,0.0,0.0,Brighton,MF,
Joël Veltman,nl NED,28.0,0,0.0,0.0,0.0,0.0,0,0.0,0,0.0,1,0.0,0.0,0.0,0.0,0.0,0.0,0.0,0.0,0.0,0.0,0.0,Brighton,DF,
Marcos Alonso,es ESP,29.0,1,90.0,90.0,100.0,1.0,1,90.0,0,0.0,0,3.0,3.0,1.0,2.0,2.0,0.0,0.0,0.0,0.0,0.0,0.0,Chelsea,DF,MF
Kepa Arrizabalaga,es ESP,25.0,1,90.0,90.0,100.0,1.0,1,90.0,0,0.0,0,3.0,3.0,1.0,2.0,2.0,0.0,0.0,0.0,0.0,0.0,0.0,Chelsea,GK,
Andreas Christensen,dk DEN,24.0,1,90.0,90.0,100.0,1.0,1,90.0,0,0.0,0,3.0,3.0,1.0,2.0,2.0,0.0,0.0,0.0,0.0,0.0,0.0,Chelsea,DF,
Reece James,eng ENG,20.0,1,90.0,90.0,100.0,1.0,1,90.0,0,0.0,0,3.0,3.0,1.0,2.0,2.0,0.0,0.0,0.0,0.0,0.0,0.0,Chelsea,DF,MF
N'Golo Kanté,fr FRA,29.0,1,90.0,90.0,100.0,1.0,1,90.0,0,0.0,0,3.0,3.0,1.0,2.0,2.0,0.0,0.0,0.0,0.0,0.0,0.0,Chelsea,MF,
Mason Mount,eng ENG,21.0,1,90.0,90.0,100.0,1.0,1,90.0,0,0.0,0,3.0,3.0,1.0,2.0,2.0,0.0,0.0,0.0,0.0,0.0,0.0,Chelsea,MF,
Timo Werner,de GER,24.0,1,90.0,90.0,100.0,1.0,1,90.0,0,0.0,0,3.0,3.0,1.0,2.0,2.0,0.0,0.0,0.0,0.0,0.0,0.0,Chelsea,FW,MF
Kurt Zouma,fr FRA,25.0,1,90.0,90.0,100.0,1.0,1,90.0,0,0.0,0,3.0,3.0,1.0,2.0,2.0,0.0,0.0,0.0,0.0,0.0,0.0,Chelsea,DF,
Jorginho,it ITA,28.0,1,84.0,84.0,93.3,0.9,1,84.0,0,0.0,0,3.0,3.0,1.0,2.0,2.14,2.14,0.0,0.0,0.0,0.0,0.0,Chelsea,MF,
Kai Havertz,de GER,21.0,1,79.0,79.0,87.8,0.9,1,79.0,0,0.0,0,3.0,3.0,1.0,2.0,2.28,2.28,0.0,0.0,0.0,0.0,0.0,Chelsea,FW,MF
Ruben Loftus-Cheek,eng ENG,24.0,1,60.0,60.0,66.7,0.7,1,60.0,0,0.0,0,3.0,2.0,1.0,1.0,1.5,-1.5,0.0,0.0,0.0,0.0,0.0,Chelsea,MF,
Ross Barkley,eng ENG,26.0,1,30.0,30.0,33.3,0.3,0,0.0,1,30.0,0,3.0,1.0,0.0,1.0,3.0,1.5,0.0,0.0,0.0,0.0,0.0,Chelsea,MF,
Callum Hudson-Odoi,eng ENG,19.0,1,11.0,11.0,12.2,0.1,0,0.0,1,11.0,0,3.0,0.0,0.0,0.0,0.0,-2.28,0.0,0.0,0.0,0.0,0.0,Chelsea,FW,MF
César Azpilicueta,es ESP,30.0,1,6.0,6.0,6.7,0.1,0,0.0,1,6.0,0,3.0,0.0,0.0,0.0,0.0,-2.14,0.0,0.0,0.0,0.0,0.0,Chelsea,DF,
Tammy Abraham,eng ENG,22.0,0,0.0,0.0,0.0,0.0,0,0.0,0,0.0,1,0.0,0.0,0.0,0.0,0.0,0.0,0.0,0.0,0.0,0.0,0.0,Chelsea,FW,
Willy Caballero,ar ARG,38.0,0,0.0,0.0,0.0,0.0,0,0.0,0,0.0,1,0.0,0.0,0.0,0.0,0.0,0.0,0.0,0.0,0.0,0.0,0.0,Chelsea,GK,
Olivier Giroud,fr FRA,33.0,0,0.0,0.0,0.0,0.0,0,0.0,0,0.0,1,0.0,0.0,0.0,0.0,0.0,0.0,0.0,0.0,0.0,0.0,0.0,Chelsea,FW,
Antonio Rüdiger,de GER,27.0,0,0.0,0.0,0.0,0.0,0,0.0,0,0.0,1,0.0,0.0,0.0,0.0,0.0,0.0,0.0,0.0,0.0,0.0,0.0,Chelsea,DF,
Jordan Ayew,gh GHA,28.0,1,90.0,90.0,100.0,1.0,1,90.0,0,0.0,0,3.0,1.0,0.0,1.0,1.0,0.0,0.8,1.1,-0.3,-0.32,0.0,Crystal Palace,FW,
Scott Dann,eng ENG,33.0,1,90.0,90.0,100.0,1.0,1,90.0,0,0.0,0,3.0,1.0,0.0,1.0,1.0,0.0,0.8,1.1,-0.3,-0.32,0.0,Crystal Palace,DF,
Vicente Guaita,es ESP,33.0,1,90.0,90.0,100.0,1.0,1,90.0,0,0.0,0,3.0,1.0,0.0,1.0,1.0,0.0,0.8,1.1,-0.3,-0.32,0.0,Crystal Palace,GK,
Cheikhou Kouyaté,sn SEN,30.0,1,90.0,90.0,100.0,1.0,1,90.0,0,0.0,0,3.0,1.0,0.0,1.0,1.0,0.0,0.8,1.1,-0.3,-0.32,0.0,Crystal Palace,DF,
James McArthur,sco SCO,32.0,1,90.0,90.0,100.0,1.0,1,90.0,0,0.0,0,3.0,1.0,0.0,1.0,1.0,0.0,0.8,1.1,-0.3,-0.32,0.0,Crystal Palace,MF,
Tyrick Mitchell,eng ENG,20.0,1,90.0,90.0,100.0,1.0,1,90.0,0,0.0,0,3.0,1.0,0.0,1.0,1.0,0.0,0.8,1.1,-0.3,-0.32,0.0,Crystal Palace,DF,
Andros Townsend,eng ENG,29.0,1,90.0,90.0,100.0,1.0,1,90.0,0,0.0,0,3.0,1.0,0.0,1.0,1.0,0.0,0.8,1.1,-0.3,-0.32,0.0,Crystal Palace,MF,
Joel Ward,eng ENG,30.0,1,90.0,90.0,100.0,1.0,1,90.0,0,0.0,0,3.0,1.0,0.0,1.0,1.0,0.0,0.8,1.1,-0.3,-0.32,0.0,Crystal Palace,DF,
Wilfried Zaha,ci CIV,27.0,1,90.0,90.0,100.0,1.0,1,90.0,0,0.0,0,3.0,1.0,0.0,1.0,1.0,0.0,0.8,1.1,-0.3,-0.32,0.0,Crystal Palace,FW,
Jeffrey Schlupp,gh GHA,27.0,1,80.0,80.0,88.9,0.9,1,80.0,0,0.0,0,3.0,1.0,0.0,1.0,1.13,1.13,0.6,1.0,-0.4,-0.43,-1.0,Crystal Palace,MF,
James McCarthy,ie IRL,29.0,1,73.0,73.0,81.1,0.8,1,73.0,0,0.0,0,3.0,1.0,0.0,1.0,1.23,1.23,0.4,1.0,-0.5,-0.64,-1.7,Crystal Palace,MF,
Luka Milivojević,rs SRB,29.0,1,17.0,17.0,18.9,0.2,0,0.0,1,17.0,0,3.0,0.0,0.0,0.0,0.0,-1.23,0.3,0.1,0.2,1.06,1.7,Crystal Palace,MF,
Eberechi Eze,eng ENG,22.0,1,10.0,10.0,11.1,0.1,0,0.0,1,10.0,0,3.0,0.0,0.0,0.0,0.0,-1.13,0.2,0.1,0.1,0.57,1.0,Crystal Palace,MF,
Michy Batshuayi,be BEL,26.0,0,0.0,0.0,0.0,0.0,0,0.0,0,0.0,1,0.0,0.0,0.0,0.0,0.0,0.0,0.0,0.0,0.0,0.0,0.0,Crystal Palace,FW,
Wayne Hennessey,wal WAL,33.0,0,0.0,0.0,0.0,0.0,0,0.0,0,0.0,1,0.0,0.0,0.0,0.0,0.0,0.0,0.0,0.0,0.0,0.0,0.0,Crystal Palace,GK,
Martin Kelly,eng ENG,30.0,0,0.0,0.0,0.0,0.0,0,0.0,0,0.0,1,0.0,0.0,0.0,0.0,0.0,0.0,0.0,0.0,0.0,0.0,0.0,Crystal Palace,DF,MF
Max Meyer,de GER,24.0,0,0.0,0.0,0.0,0.0,0,0.0,0,0.0,1,0.0,0.0,0.0,0.0,0.0,0.0,0.0,0.0,0.0,0.0,0.0,Crystal Palace,FW,MF
Sam Woods,eng ENG,21.0,0,0.0,0.0,0.0,0.0,0,0.0,0,0.0,1,0.0,0.0,0.0,0.0,0.0,0.0,0.0,0.0,0.0,0.0,0.0,Crystal Palace,DF,
Allan,br BRA,29.0,1,90.0,90.0,100.0,1.0,1,90.0,0,0.0,0,3.0,1.0,0.0,1.0,1.0,0.0,1.4,1.0,0.4,0.44,0.0,Everton,MF,
Séamus Coleman,ie IRL,31.0,1,90.0,90.0,100.0,1.0,1,90.0,0,0.0,0,3.0,1.0,0.0,1.0,1.0,0.0,1.4,1.0,0.4,0.44,0.0,Everton,DF,
Lucas Digne,fr FRA,27.0,1,90.0,90.0,100.0,1.0,1,90.0,0,0.0,0,3.0,1.0,0.0,1.0,1.0,0.0,1.4,1.0,0.4,0.44,0.0,Everton,DF,
Abdoulaye Doucouré,fr FRA,27.0,1,90.0,90.0,100.0,1.0,1,90.0,0,0.0,0,3.0,1.0,0.0,1.0,1.0,0.0,1.4,1.0,0.4,0.44,0.0,Everton,MF,
Michael Keane,eng ENG,27.0,1,90.0,90.0,100.0,1.0,1,90.0,0,0.0,0,3.0,1.0,0.0,1.0,1.0,0.0,1.4,1.0,0.4,0.44,0.0,Everton,DF,
Yerry Mina,co COL,25.0,1,90.0,90.0,100.0,1.0,1,90.0,0,0.0,0,3.0,1.0,0.0,1.0,1.0,0.0,1.4,1.0,0.4,0.44,0.0,Everton,DF,
Jordan Pickford,eng ENG,26.0,1,90.0,90.0,100.0,1.0,1,90.0,0,0.0,0,3.0,1.0,0.0,1.0,1.0,0.0,1.4,1.0,0.4,0.44,0.0,Everton,GK,
Richarlison,br BRA,23.0,1,90.0,90.0,100.0,1.0,1,90.0,0,0.0,0,3.0,1.0,0.0,1.0,1.0,0.0,1.4,1.0,0.4,0.44,0.0,Everton,FW,
James Rodríguez,co COL,29.0,1,89.0,89.0,98.9,1.0,1,89.0,0,0.0,0,3.0,1.0,0.0,1.0,1.01,1.01,1.4,1.0,0.4,0.45,0.45,Everton,FW,
Dominic Calvert-Lewin,eng ENG,23.0,1,88.0,88.0,97.8,1.0,1,88.0,0,0.0,0,3.0,1.0,0.0,1.0,1.02,1.02,1.4,1.0,0.4,0.46,0.46,Everton,FW,
André Gomes,pt POR,27.0,1,67.0,67.0,74.4,0.7,1,67.0,0,0.0,0,3.0,1.0,0.0,1.0,1.34,1.34,1.2,0.6,0.6,0.75,1.18,Everton,MF,
Gylfi Sigurðsson,is ISL,30.0,1,23.0,23.0,25.6,0.3,0,0.0,1,23.0,0,3.0,0.0,0.0,0.0,0.0,-1.34,0.3,0.4,-0.1,-0.43,-1.18,Everton,MF,
Moise Kean,it ITA,20.0,1,2.0,2.0,2.2,0.0,0,0.0,1,2.0,0,3.0,0.0,0.0,0.0,0.0,-1.02,0.0,0.0,0.0,0.0,-0.46,Everton,FW,
Tom Davies,eng ENG,22.0,1,1.0,1.0,1.1,0.0,0,0.0,1,1.0,0,3.0,0.0,0.0,0.0,0.0,-1.01,0.0,0.0,0.0,0.0,-0.45,Everton,FW,
Bernard,br BRA,27.0,0,0.0,0.0,0.0,0.0,0,0.0,0,0.0,1,0.0,0.0,0.0,0.0,0.0,0.0,0.0,0.0,0.0,0.0,0.0,Everton,FW,MF
Jonjoe Kenny,eng ENG,23.0,0,0.0,0.0,0.0,0.0,0,0.0,0,0.0,1,0.0,0.0,0.0,0.0,0.0,0.0,0.0,0.0,0.0,0.0,0.0,Everton,DF,FW
João Virgínia,pt POR,20.0,0,0.0,0.0,0.0,0.0,0,0.0,0,0.0,1,0.0,0.0,0.0,0.0,0.0,0.0,0.0,0.0,0.0,0.0,0.0,Everton,GK,
Theo Walcott,eng ENG,31.0,0,0.0,0.0,0.0,0.0,0,0.0,0,0.0,1,0.0,0.0,0.0,0.0,0.0,0.0,0.0,0.0,0.0,0.0,0.0,Everton,FW,MF
Joe Bryan,eng ENG,26.0,1,90.0,90.0,100.0,1.0,1,90.0,0,0.0,0,0.0,0.0,3.0,-3.0,-3.0,0.0,0.2,1.8,-1.5,-1.54,0.0,Fulham,DF,
Tom Cairney,sco SCO,29.0,1,90.0,90.0,100.0,1.0,1,90.0,0,0.0,0,0.0,0.0,3.0,-3.0,-3.0,0.0,0.2,1.8,-1.5,-1.54,0.0,Fulham,MF,
Ivan Cavaleiro,pt POR,26.0,1,90.0,90.0,100.0,1.0,1,90.0,0,0.0,0,0.0,0.0,3.0,-3.0,-3.0,0.0,0.2,1.8,-1.5,-1.54,0.0,Fulham,FW,
Michael Hector,jm JAM,28.0,1,90.0,90.0,100.0,1.0,1,90.0,0,0.0,0,0.0,0.0,3.0,-3.0,-3.0,0.0,0.2,1.8,-1.5,-1.54,0.0,Fulham,DF,
Denis Odoi,be BEL,32.0,1,90.0,90.0,100.0,1.0,1,90.0,0,0.0,0,0.0,0.0,3.0,-3.0,-3.0,0.0,0.2,1.8,-1.5,-1.54,0.0,Fulham,DF,
Tim Ream,us USA,32.0,1,90.0,90.0,100.0,1.0,1,90.0,0,0.0,0,0.0,0.0,3.0,-3.0,-3.0,0.0,0.2,1.8,-1.5,-1.54,0.0,Fulham,DF,
Harrison Reed,eng ENG,25.0,1,90.0,90.0,100.0,1.0,1,90.0,0,0.0,0,0.0,0.0,3.0,-3.0,-3.0,0.0,0.2,1.8,-1.5,-1.54,0.0,Fulham,MF,
Marek Rodák,sk SVK,23.0,1,90.0,90.0,100.0,1.0,1,90.0,0,0.0,0,0.0,0.0,3.0,-3.0,-3.0,0.0,0.2,1.8,-1.5,-1.54,0.0,Fulham,GK,
Josh Onomah,eng ENG,23.0,1,74.0,74.0,82.2,0.8,1,74.0,0,0.0,0,0.0,0.0,3.0,-3.0,-3.65,-3.65,0.2,1.4,-1.3,-1.52,0.1,Fulham,MF,
Aboubakar Kamara,fr FRA,25.0,1,62.0,62.0,68.9,0.7,1,62.0,0,0.0,0,0.0,0.0,3.0,-3.0,-4.35,-4.35,0.2,1.4,-1.3,-1.83,-0.92,Fulham,FW,
Neeskens Kebano,cd COD,28.0,1,62.0,62.0,68.9,0.7,1,62.0,0,0.0,0,0.0,0.0,3.0,-3.0,-4.35,-4.35,0.2,1.4,-1.3,-1.83,-0.92,Fulham,FW,
Aleksandar Mitrović,rs SRB,25.0,1,28.0,28.0,31.1,0.3,0,0.0,1,28.0,0,0.0,0.0,0.0,0.0,0.0,4.35,0.1,0.3,-0.3,-0.9,0.92,Fulham,FW,
Andre-Frank Zambo Anguissa,cm CMR,24.0,1,28.0,28.0,31.1,0.3,0,0.0,1,28.0,0,0.0,0.0,0.0,0.0,0.0,4.35,0.1,0.3,-0.3,-0.9,0.92,Fulham,FW,
Bobby Reid,jm JAM,27.0,1,16.0,16.0,17.8,0.2,0,0.0,1,16.0,0,0.0,0.0,0.0,0.0,0.0,3.65,0.0,0.3,-0.3,-1.62,-0.1,Fulham,MF,
Alphonse Areola,fr FRA,27.0,0,0.0,0.0,0.0,0.0,0,0.0,0,0.0,1,0.0,0.0,0.0,0.0,0.0,0.0,0.0,0.0,0.0,0.0,0.0,Fulham,GK,
Cyrus Christie,ie IRL,27.0,0,0.0,0.0,0.0,0.0,0,0.0,0,0.0,1,0.0,0.0,0.0,0.0,0.0,0.0,0.0,0.0,0.0,0.0,0.0,Fulham,DF,
Anthony Knockaert,fr FRA,28.0,0,0.0,0.0,0.0,0.0,0,0.0,0,0.0,1,0.0,0.0,0.0,0.0,0.0,0.0,0.0,0.0,0.0,0.0,0.0,Fulham,FW,MF
Maxime Le Marchand,fr FRA,30.0,0,0.0,0.0,0.0,0.0,0,0.0,0,0.0,1,0.0,0.0,0.0,0.0,0.0,0.0,0.0,0.0,0.0,0.0,0.0,Fulham,DF,MF
Luke Ayling,eng ENG,28.0,1,90.0,90.0,100.0,1.0,1,90.0,0,0.0,0,0.0,3.0,4.0,-1.0,-1.0,0.0,0.6,3.3,-2.7,-2.74,0.0,Leeds United,DF,
Hélder Costa,pt POR,26.0,1,90.0,90.0,100.0,1.0,1,90.0,0,0.0,0,0.0,3.0,4.0,-1.0,-1.0,0.0,0.6,3.3,-2.7,-2.74,0.0,Leeds United,MF,
Stuart Dallas,nir NIR,29.0,1,90.0,90.0,100.0,1.0,1,90.0,0,0.0,0,0.0,3.0,4.0,-1.0,-1.0,0.0,0.6,3.3,-2.7,-2.74,0.0,Leeds United,DF,
Jack Harrison,eng ENG,23.0,1,90.0,90.0,100.0,1.0,1,90.0,0,0.0,0,0.0,3.0,4.0,-1.0,-1.0,0.0,0.6,3.3,-2.7,-2.74,0.0,Leeds United,MF,
Robin Koch,de GER,24.0,1,90.0,90.0,100.0,1.0,1,90.0,0,0.0,0,0.0,3.0,4.0,-1.0,-1.0,0.0,0.6,3.3,-2.7,-2.74,0.0,Leeds United,DF,
Illan Meslier,fr FRA,20.0,1,90.0,90.0,100.0,1.0,1,90.0,0,0.0,0,0.0,3.0,4.0,-1.0,-1.0,0.0,0.6,3.3,-2.7,-2.74,0.0,Leeds United,GK,
Kalvin Phillips,eng ENG,24.0,1,90.0,90.0,100.0,1.0,1,90.0,0,0.0,0,0.0,3.0,4.0,-1.0,-1.0,0.0,0.6,3.3,-2.7,-2.74,0.0,Leeds United,MF,
Pascal Struijk,nl NED,20.0,1,90.0,90.0,100.0,1.0,1,90.0,0,0.0,0,0.0,3.0,4.0,-1.0,-1.0,0.0,0.6,3.3,-2.7,-2.74,0.0,Leeds United,DF,
Mateusz Klich,pl POL,30.0,1,80.0,80.0,88.9,0.9,1,80.0,0,0.0,0,0.0,3.0,3.0,0.0,0.0,9.0,0.5,2.1,-1.5,-1.72,9.18,Leeds United,MF,
Patrick Bamford,eng ENG,26.0,1,61.0,61.0,67.8,0.7,1,61.0,0,0.0,0,0.0,2.0,3.0,-1.0,-1.48,-1.48,0.4,1.7,-1.4,-2.03,2.23,Leeds United,FW,
Pablo Hernández,es ESP,35.0,1,61.0,61.0,67.8,0.7,1,61.0,0,0.0,0,0.0,2.0,3.0,-1.0,-1.48,-1.48,0.4,1.7,-1.4,-2.03,2.23,Leeds United,MF,
Tyler Roberts,wal WAL,21.0,1,29.0,29.0,32.2,0.3,0,0.0,1,29.0,0,0.0,1.0,1.0,0.0,0.0,1.48,0.2,1.6,-1.4,-4.25,-2.23,Leeds United,MF,
Rodrigo,es ESP,29.0,1,29.0,29.0,32.2,0.3,0,0.0,1,29.0,0,0.0,1.0,1.0,0.0,0.0,1.48,0.2,1.6,-1.4,-4.25,-2.23,Leeds United,FW,
Jamie Shackleton,eng ENG,20.0,1,10.0,10.0,11.1,0.1,0,0.0,1,10.0,0,0.0,0.0,1.0,-1.0,-9.0,-9.0,0.0,1.3,-1.2,-10.91,-9.18,Leeds United,MF,
Ezgjan Alioski,mk MKD,28.0,0,0.0,0.0,0.0,0.0,0,0.0,0,0.0,1,0.0,0.0,0.0,0.0,0.0,0.0,0.0,0.0,0.0,0.0,0.0,Leeds United,DF,FW
Ian Carlo Poveda,eng ENG,20.0,0,0.0,0.0,0.0,0.0,0,0.0,0,0.0,1,0.0,0.0,0.0,0.0,0.0,0.0,0.0,0.0,0.0,0.0,0.0,Leeds United,FW,
Oliver Casey,eng ENG,19.0,0,0.0,0.0,0.0,0.0,0,0.0,0,0.0,1,0.0,0.0,0.0,0.0,0.0,0.0,0.0,0.0,0.0,0.0,0.0,Leeds United,DF,
Kiko Casilla,es ESP,33.0,0,0.0,0.0,0.0,0.0,0,0.0,0,0.0,1,0.0,0.0,0.0,0.0,0.0,0.0,0.0,0.0,0.0,0.0,0.0,Leeds United,GK,
Harvey Barnes,eng ENG,22.0,1,90.0,90.0,100.0,1.0,1,90.0,0,0.0,0,3.0,3.0,0.0,3.0,3.0,0.0,2.2,0.5,1.8,1.75,0.0,Leicester City,MF,
Timothy Castagne,be BEL,24.0,1,90.0,90.0,100.0,1.0,1,90.0,0,0.0,0,3.0,3.0,0.0,3.0,3.0,0.0,2.2,0.5,1.8,1.75,0.0,Leicester City,DF,
James Justin,eng ENG,22.0,1,90.0,90.0,100.0,1.0,1,90.0,0,0.0,0,3.0,3.0,0.0,3.0,3.0,0.0,2.2,0.5,1.8,1.75,0.0,Leicester City,DF,
Nampalys Mendy,fr FRA,28.0,1,90.0,90.0,100.0,1.0,1,90.0,0,0.0,0,3.0,3.0,0.0,3.0,3.0,0.0,2.2,0.5,1.8,1.75,0.0,Leicester City,MF,
Wilfred Ndidi,ng NGA,23.0,1,90.0,90.0,100.0,1.0,1,90.0,0,0.0,0,3.0,3.0,0.0,3.0,3.0,0.0,2.2,0.5,1.8,1.75,0.0,Leicester City,DF,
Kasper Schmeichel,dk DEN,33.0,1,90.0,90.0,100.0,1.0,1,90.0,0,0.0,0,3.0,3.0,0.0,3.0,3.0,0.0,2.2,0.5,1.8,1.75,0.0,Leicester City,GK,
Çağlar Söyüncü,tr TUR,24.0,1,90.0,90.0,100.0,1.0,1,90.0,0,0.0,0,3.0,3.0,0.0,3.0,3.0,0.0,2.2,0.5,1.8,1.75,0.0,Leicester City,DF,
Youri Tielemans,be BEL,23.0,1,90.0,90.0,100.0,1.0,1,90.0,0,0.0,0,3.0,3.0,0.0,3.0,3.0,0.0,2.2,0.5,1.8,1.75,0.0,Leicester City,MF,
Jamie Vardy,eng ENG,33.0,1,90.0,90.0,100.0,1.0,1,90.0,0,0.0,0,3.0,3.0,0.0,3.0,3.0,0.0,2.2,0.5,1.8,1.75,0.0,Leicester City,FW,
Dennis Praet,be BEL,26.0,1,74.0,74.0,82.2,0.8,1,74.0,0,0.0,0,3.0,2.0,0.0,2.0,2.43,-3.19,1.4,0.3,1.1,1.34,-2.3,Leicester City,MF,
Ayoze Pérez,es ESP,27.0,1,66.0,66.0,73.3,0.7,1,66.0,0,0.0,0,3.0,1.0,0.0,1.0,1.36,-6.14,0.6,0.3,0.3,0.47,-4.81,Leicester City,MF,
Marc Albrighton,eng ENG,30.0,1,24.0,24.0,26.7,0.3,0,0.0,1,24.0,0,3.0,2.0,0.0,2.0,7.5,6.14,1.6,0.2,1.4,5.28,4.81,Leicester City,MF,
James Maddison,eng ENG,23.0,1,16.0,16.0,17.8,0.2,0,0.0,1,16.0,0,3.0,1.0,0.0,1.0,5.63,3.19,0.8,0.2,0.6,3.64,2.3,Leicester City,MF,
Hamza Choudhury,eng ENG,22.0,0,0.0,0.0,0.0,0.0,0,0.0,0,0.0,1,0.0,0.0,0.0,0.0,0.0,0.0,0.0,0.0,0.0,0.0,0.0,Leicester City,MF,
Christian Fuchs,at AUT,34.0,0,0.0,0.0,0.0,0.0,0,0.0,0,0.0,1,0.0,0.0,0.0,0.0,0.0,0.0,0.0,0.0,0.0,0.0,0.0,Leicester City,DF,MF
Kelechi Iheanacho,ng NGA,23.0,0,0.0,0.0,0.0,0.0,0,0.0,0,0.0,1,0.0,0.0,0.0,0.0,0.0,0.0,0.0,0.0,0.0,0.0,0.0,Leicester City,FW,
Luke Thomas,eng ENG,,0,0.0,0.0,0.0,0.0,0,0.0,0,0.0,1,0.0,0.0,0.0,0.0,0.0,0.0,0.0,0.0,0.0,0.0,0.0,Leicester City,MF,
Danny Ward,wal WAL,27.0,0,0.0,0.0,0.0,0.0,0,0.0,0,0.0,1,0.0,0.0,0.0,0.0,0.0,0.0,0.0,0.0,0.0,0.0,0.0,Leicester City,GK,
Alisson,br BRA,27.0,1,90.0,90.0,100.0,1.0,1,90.0,0,0.0,0,3.0,4.0,3.0,1.0,1.0,0.0,3.3,0.6,2.7,2.74,0.0,Liverpool,GK,
Virgil van Dijk,nl NED,29.0,1,90.0,90.0,100.0,1.0,1,90.0,0,0.0,0,3.0,4.0,3.0,1.0,1.0,0.0,3.3,0.6,2.7,2.74,0.0,Liverpool,DF,
Roberto Firmino,br BRA,28.0,1,90.0,90.0,100.0,1.0,1,90.0,0,0.0,0,3.0,4.0,3.0,1.0,1.0,0.0,3.3,0.6,2.7,2.74,0.0,Liverpool,FW,
Joe Gomez,eng ENG,23.0,1,90.0,90.0,100.0,1.0,1,90.0,0,0.0,0,3.0,4.0,3.0,1.0,1.0,0.0,3.3,0.6,2.7,2.74,0.0,Liverpool,DF,
Sadio Mané,sn SEN,28.0,1,90.0,90.0,100.0,1.0,1,90.0,0,0.0,0,3.0,4.0,3.0,1.0,1.0,0.0,3.3,0.6,2.7,2.74,0.0,Liverpool,FW,
Andrew Robertson,sco SCO,26.0,1,90.0,90.0,100.0,1.0,1,90.0,0,0.0,0,3.0,4.0,3.0,1.0,1.0,0.0,3.3,0.6,2.7,2.74,0.0,Liverpool,DF,
Mohamed Salah,eg EGY,28.0,1,90.0,90.0,100.0,1.0,1,90.0,0,0.0,0,3.0,4.0,3.0,1.0,1.0,0.0,3.3,0.6,2.7,2.74,0.0,Liverpool,FW,
Georginio Wijnaldum,nl NED,29.0,1,90.0,90.0,100.0,1.0,1,90.0,0,0.0,0,3.0,4.0,3.0,1.0,1.0,0.0,3.3,0.6,2.7,2.74,0.0,Liverpool,MF,
Trent Alexander-Arnold,eng ENG,21.0,1,88.0,88.0,97.8,1.0,1,88.0,0,0.0,0,3.0,4.0,3.0,1.0,1.02,1.02,3.3,0.5,2.8,2.85,4.79,Liverpool,DF,
Jordan Henderson,eng ENG,30.0,1,65.0,65.0,72.2,0.7,1,65.0,0,0.0,0,3.0,3.0,3.0,0.0,0.0,-3.6,1.7,0.4,1.4,1.9,-3.03,Liverpool,MF,
Naby Keïta,gn GUI,25.0,1,57.0,57.0,63.3,0.6,1,57.0,0,0.0,0,3.0,3.0,2.0,1.0,1.58,1.58,1.7,0.4,1.3,2.07,-1.85,Liverpool,MF,
Fabinho,br BRA,26.0,1,33.0,33.0,36.7,0.4,0,0.0,1,33.0,0,3.0,1.0,1.0,0.0,0.0,-1.58,1.7,0.2,1.4,3.91,1.85,Liverpool,MF,
Curtis Jones,eng ENG,19.0,1,25.0,25.0,27.8,0.3,0,0.0,1,25.0,0,3.0,1.0,0.0,1.0,3.6,3.6,1.6,0.2,1.4,4.93,3.03,Liverpool,MF,
Joël Matip,cm CMR,28.0,1,2.0,2.0,2.2,0.0,0,0.0,1,2.0,0,3.0,0.0,0.0,0.0,0.0,-1.02,0.0,0.0,0.0,-1.94,-4.79,Liverpool,DF,
Adrián,es ESP,33.0,0,0.0,0.0,0.0,0.0,0,0.0,0,0.0,1,0.0,0.0,0.0,0.0,0.0,0.0,0.0,0.0,0.0,0.0,0.0,Liverpool,GK,
James Milner,eng ENG,34.0,0,0.0,0.0,0.0,0.0,0,0.0,0,0.0,1,0.0,0.0,0.0,0.0,0.0,0.0,0.0,0.0,0.0,0.0,0.0,Liverpool,DF,MF
Takumi Minamino,jp JPN,25.0,0,0.0,0.0,0.0,0.0,0,0.0,0,0.0,1,0.0,0.0,0.0,0.0,0.0,0.0,0.0,0.0,0.0,0.0,0.0,Liverpool,FW,MF
Divock Origi,be BEL,25.0,0,0.0,0.0,0.0,0.0,0,0.0,0,0.0,1,0.0,0.0,0.0,0.0,0.0,0.0,0.0,0.0,0.0,0.0,0.0,Liverpool,FW,MF
Karl Darlow,eng ENG,29.0,1,90.0,90.0,100.0,1.0,1,90.0,0,0.0,0,3.0,2.0,0.0,2.0,2.0,0.0,1.2,1.1,0.2,0.18,0.0,Newcastle Utd,GK,
Federico Fernández,ar ARG,31.0,1,90.0,90.0,100.0,1.0,1,90.0,0,0.0,0,3.0,2.0,0.0,2.0,2.0,0.0,1.2,1.1,0.2,0.18,0.0,Newcastle Utd,DF,
Isaac Hayden,eng ENG,25.0,1,90.0,90.0,100.0,1.0,1,90.0,0,0.0,0,3.0,2.0,0.0,2.0,2.0,0.0,1.2,1.1,0.2,0.18,0.0,Newcastle Utd,MF,
Jeff Hendrick,ie IRL,28.0,1,90.0,90.0,100.0,1.0,1,90.0,0,0.0,0,3.0,2.0,0.0,2.0,2.0,0.0,1.2,1.1,0.2,0.18,0.0,Newcastle Utd,MF,
Jamaal Lascelles,eng ENG,26.0,1,90.0,90.0,100.0,1.0,1,90.0,0,0.0,0,3.0,2.0,0.0,2.0,2.0,0.0,1.2,1.1,0.2,0.18,0.0,Newcastle Utd,DF,
Jamal Lewis,nir NIR,22.0,1,90.0,90.0,100.0,1.0,1,90.0,0,0.0,0,3.0,2.0,0.0,2.0,2.0,0.0,1.2,1.1,0.2,0.18,0.0,Newcastle Utd,DF,
Javier Manquillo,es ESP,26.0,1,90.0,90.0,100.0,1.0,1,90.0,0,0.0,0,3.0,2.0,0.0,2.0,2.0,0.0,1.2,1.1,0.2,0.18,0.0,Newcastle Utd,DF,
Jonjo Shelvey,eng ENG,28.0,1,90.0,90.0,100.0,1.0,1,90.0,0,0.0,0,3.0,2.0,0.0,2.0,2.0,0.0,1.2,1.1,0.2,0.18,0.0,Newcastle Utd,MF,
Andy Carroll,eng ENG,31.0,1,87.0,87.0,96.7,1.0,1,87.0,0,0.0,0,3.0,2.0,0.0,2.0,2.07,2.07,1.2,1.0,0.2,0.21,0.99,Newcastle Utd,FW,
Callum Wilson,eng ENG,28.0,1,84.0,84.0,93.3,0.9,1,84.0,0,0.0,0,3.0,1.0,0.0,1.0,1.07,-13.93,1.1,1.0,0.1,0.12,-0.8,Newcastle Utd,FW,
Allan Saint-Maximin,fr FRA,23.0,1,74.0,74.0,82.2,0.8,1,74.0,0,0.0,0,3.0,1.0,0.0,1.0,1.22,-4.41,1.0,0.8,0.2,0.26,0.48,Newcastle Utd,MF,
Joelinton,br BRA,23.0,1,16.0,16.0,17.8,0.2,0,0.0,1,16.0,0,3.0,1.0,0.0,1.0,5.63,4.41,0.2,0.3,0.0,-0.22,-0.48,Newcastle Utd,MF,FW
Miguel Almirón,py PAR,26.0,1,6.0,6.0,6.7,0.1,0,0.0,1,6.0,0,3.0,1.0,0.0,1.0,15.0,13.93,0.2,0.1,0.1,0.92,0.8,Newcastle Utd,MF,
Sean Longstaff,eng ENG,22.0,1,3.0,3.0,3.3,0.0,0,0.0,1,3.0,0,3.0,0.0,0.0,0.0,0.0,-2.07,0.1,0.1,0.0,-0.78,-0.99,Newcastle Utd,FW,
Ryan Fraser,sco SCO,26.0,0,0.0,0.0,0.0,0.0,0,0.0,0,0.0,1,0.0,0.0,0.0,0.0,0.0,0.0,0.0,0.0,0.0,0.0,0.0,Newcastle Utd,FW,MF
Mark Gillespie,eng ENG,28.0,0,0.0,0.0,0.0,0.0,0,0.0,0,0.0,1,0.0,0.0,0.0,0.0,0.0,0.0,0.0,0.0,0.0,0.0,0.0,Newcastle Utd,GK,
Emil Krafth,se SWE,25.0,0,0.0,0.0,0.0,0.0,0,0.0,0,0.0,1,0.0,0.0,0.0,0.0,0.0,0.0,0.0,0.0,0.0,0.0,0.0,Newcastle Utd,DF,
Matt Ritchie,sco SCO,30.0,0,0.0,0.0,0.0,0.0,0,0.0,0,0.0,1,0.0,0.0,0.0,0.0,0.0,0.0,0.0,0.0,0.0,0.0,0.0,Newcastle Utd,DF,MF
George Baldock,eng ENG,27.0,1,90.0,90.0,100.0,1.0,1,90.0,0,0.0,0,0.0,0.0,2.0,-2.0,-2.0,0.0,0.6,1.1,-0.5,-0.47,0.0,Sheffield Utd,DF,MF
John Egan,ie IRL,27.0,1,90.0,90.0,100.0,1.0,1,90.0,0,0.0,0,0.0,0.0,2.0,-2.0,-2.0,0.0,0.6,1.1,-0.5,-0.47,0.0,Sheffield Utd,DF,
John Fleck,sco SCO,28.0,1,90.0,90.0,100.0,1.0,1,90.0,0,0.0,0,0.0,0.0,2.0,-2.0,-2.0,0.0,0.6,1.1,-0.5,-0.47,0.0,Sheffield Utd,FW,MF
John Lundstram,eng ENG,26.0,1,90.0,90.0,100.0,1.0,1,90.0,0,0.0,0,0.0,0.0,2.0,-2.0,-2.0,0.0,0.6,1.1,-0.5,-0.47,0.0,Sheffield Utd,MF,
Oliver McBurnie,sco SCO,24.0,1,90.0,90.0,100.0,1.0,1,90.0,0,0.0,0,0.0,0.0,2.0,-2.0,-2.0,0.0,0.6,1.1,-0.5,-0.47,0.0,Sheffield Utd,FW,
Jack O'Connell,eng ENG,26.0,1,90.0,90.0,100.0,1.0,1,90.0,0,0.0,0,0.0,0.0,2.0,-2.0,-2.0,0.0,0.6,1.1,-0.5,-0.47,0.0,Sheffield Utd,DF,
Aaron Ramsdale,eng ENG,22.0,1,90.0,90.0,100.0,1.0,1,90.0,0,0.0,0,0.0,0.0,2.0,-2.0,-2.0,0.0,0.6,1.1,-0.5,-0.47,0.0,Sheffield Utd,GK,
Billy Sharp,eng ENG,34.0,1,90.0,90.0,100.0,1.0,1,90.0,0,0.0,0,0.0,0.0,2.0,-2.0,-2.0,0.0,0.6,1.1,-0.5,-0.47,0.0,Sheffield Utd,FW,
Enda Stevens,ie IRL,30.0,1,90.0,90.0,100.0,1.0,1,90.0,0,0.0,0,0.0,0.0,2.0,-2.0,-2.0,0.0,0.6,1.1,-0.5,-0.47,0.0,Sheffield Utd,DF,MF
Oliver Norwood,nir NIR,29.0,1,75.0,75.0,83.3,0.8,1,75.0,0,0.0,0,0.0,0.0,2.0,-2.0,-2.4,-2.4,0.4,1.0,-0.5,-0.66,-1.15,Sheffield Utd,MF,
Chris Basham,eng ENG,32.0,1,70.0,70.0,77.8,0.8,1,70.0,0,0.0,0,0.0,0.0,2.0,-2.0,-2.57,-2.57,0.2,0.9,-0.8,-1.0,-2.39,Sheffield Utd,DF,MF
David McGoldrick,ie IRL,32.0,1,20.0,20.0,22.2,0.2,0,0.0,1,20.0,0,0.0,0.0,0.0,0.0,0.0,2.57,0.5,0.2,0.3,1.39,2.39,Sheffield Utd,FW,
Sander Berge,no NOR,22.0,1,15.0,15.0,16.7,0.2,0,0.0,1,15.0,0,0.0,0.0,0.0,0.0,0.0,2.4,0.2,0.1,0.1,0.49,1.15,Sheffield Utd,MF,
Ethan Ampadu,wal WAL,19.0,0,0.0,0.0,0.0,0.0,0,0.0,0,0.0,1,0.0,0.0,0.0,0.0,0.0,0.0,0.0,0.0,0.0,0.0,0.0,Sheffield Utd,MF,
Oliver Burke,sco SCO,23.0,0,0.0,0.0,0.0,0.0,0,0.0,0,0.0,1,0.0,0.0,0.0,0.0,0.0,0.0,0.0,0.0,0.0,0.0,0.0,Sheffield Utd,FW,MF
Wes Foderingham,eng ENG,29.0,0,0.0,0.0,0.0,0.0,0,0.0,0,0.0,1,0.0,0.0,0.0,0.0,0.0,0.0,0.0,0.0,0.0,0.0,0.0,Sheffield Utd,GK,
Phil Jagielka,eng ENG,37.0,0,0.0,0.0,0.0,0.0,0,0.0,0,0.0,1,0.0,0.0,0.0,0.0,0.0,0.0,0.0,0.0,0.0,0.0,0.0,Sheffield Utd,DF,MF
Ben Osborn,eng ENG,25.0,0,0.0,0.0,0.0,0.0,0,0.0,0,0.0,1,0.0,0.0,0.0,0.0,0.0,0.0,0.0,0.0,0.0,0.0,0.0,Sheffield Utd,DF,FW
Ryan Bertrand,eng ENG,30.0,1,90.0,90.0,100.0,1.0,1,90.0,0,0.0,0,0.0,0.0,1.0,-1.0,-1.0,0.0,1.1,0.8,0.3,0.32,0.0,Southampton,DF,
Danny Ings,eng ENG,28.0,1,90.0,90.0,100.0,1.0,1,90.0,0,0.0,0,0.0,0.0,1.0,-1.0,-1.0,0.0,1.1,0.8,0.3,0.32,0.0,Southampton,FW,
Alex McCarthy,eng ENG,30.0,1,90.0,90.0,100.0,1.0,1,90.0,0,0.0,0,0.0,0.0,1.0,-1.0,-1.0,0.0,1.1,0.8,0.3,0.32,0.0,Southampton,GK,
Nathan Redmond,eng ENG,26.0,1,90.0,90.0,100.0,1.0,1,90.0,0,0.0,0,0.0,0.0,1.0,-1.0,-1.0,0.0,1.1,0.8,0.3,0.32,0.0,Southampton,MF,
Oriol Romeu,es ESP,28.0,1,90.0,90.0,100.0,1.0,1,90.0,0,0.0,0,0.0,0.0,1.0,-1.0,-1.0,0.0,1.1,0.8,0.3,0.32,0.0,Southampton,MF,
Jack Stephens,eng ENG,26.0,1,90.0,90.0,100.0,1.0,1,90.0,0,0.0,0,0.0,0.0,1.0,-1.0,-1.0,0.0,1.1,0.8,0.3,0.32,0.0,Southampton,DF,
Kyle Walker-Peters,eng ENG,23.0,1,90.0,90.0,100.0,1.0,1,90.0,0,0.0,0,0.0,0.0,1.0,-1.0,-1.0,0.0,1.1,0.8,0.3,0.32,0.0,Southampton,DF,
James Ward-Prowse,eng ENG,25.0,1,90.0,90.0,100.0,1.0,1,90.0,0,0.0,0,0.0,0.0,1.0,-1.0,-1.0,0.0,1.1,0.8,0.3,0.32,0.0,Southampton,MF,
Che Adams,eng ENG,24.0,1,84.0,84.0,93.3,0.9,1,84.0,0,0.0,0,0.0,0.0,1.0,-1.0,-1.07,-1.07,1.0,0.6,0.4,0.41,1.35,Southampton,FW,
William Smallbone,ie IRL,20.0,1,76.0,76.0,84.4,0.8,1,76.0,0,0.0,0,0.0,0.0,1.0,-1.0,-1.18,-1.18,1.0,0.5,0.4,0.51,1.23,Southampton,MF,
Jan Bednarek,pl POL,24.0,1,45.0,45.0,50.0,0.5,1,45.0,0,0.0,0,0.0,0.0,1.0,-1.0,-2.0,-2.0,0.1,0.4,-0.3,-0.58,-1.81,Southampton,DF,
Jannik Vestergaard,dk DEN,27.0,1,45.0,45.0,50.0,0.5,0,0.0,1,45.0,0,0.0,0.0,0.0,0.0,0.0,2.0,0.9,0.3,0.6,1.22,1.81,Southampton,DF,
Moussa Djenepo,ml MLI,22.0,1,14.0,14.0,15.6,0.2,0,0.0,1,14.0,0,0.0,0.0,0.0,0.0,0.0,1.18,0.1,0.2,-0.1,-0.72,-1.23,Southampton,MF,
Shane Long,ie IRL,33.0,1,6.0,6.0,6.7,0.1,0,0.0,1,6.0,0,0.0,0.0,0.0,0.0,0.0,1.07,0.1,0.2,-0.1,-0.94,-1.35,Southampton,FW,
Fraser Forster,eng ENG,32.0,0,0.0,0.0,0.0,0.0,0,0.0,0,0.0,1,0.0,0.0,0.0,0.0,0.0,0.0,0.0,0.0,0.0,0.0,0.0,Southampton,GK,
Michael Obafemi,ie IRL,20.0,0,0.0,0.0,0.0,0.0,0,0.0,0,0.0,1,0.0,0.0,0.0,0.0,0.0,0.0,0.0,0.0,0.0,0.0,0.0,Southampton,FW,
Nathan Tella,eng ENG,21.0,0,0.0,0.0,0.0,0.0,0,0.0,0,0.0,1,0.0,0.0,0.0,0.0,0.0,0.0,0.0,0.0,0.0,0.0,0.0,Southampton,MF,
Jake Vokins,eng ENG,20.0,0,0.0,0.0,0.0,0.0,0,0.0,0,0.0,1,0.0,0.0,0.0,0.0,0.0,0.0,0.0,0.0,0.0,0.0,0.0,Southampton,DF,
Toby Alderweireld,be BEL,31.0,1,90.0,90.0,100.0,1.0,1,90.0,0,0.0,0,0.0,0.0,1.0,-1.0,-1.0,0.0,1.0,1.4,-0.4,-0.44,0.0,Tottenham,DF,
Ben Davies,wal WAL,27.0,1,90.0,90.0,100.0,1.0,1,90.0,0,0.0,0,0.0,0.0,1.0,-1.0,-1.0,0.0,1.0,1.4,-0.4,-0.44,0.0,Tottenham,DF,
Eric Dier,eng ENG,26.0,1,90.0,90.0,100.0,1.0,1,90.0,0,0.0,0,0.0,0.0,1.0,-1.0,-1.0,0.0,1.0,1.4,-0.4,-0.44,0.0,Tottenham,DF,
Son Heung-min,kr KOR,28.0,1,90.0,90.0,100.0,1.0,1,90.0,0,0.0,0,0.0,0.0,1.0,-1.0,-1.0,0.0,1.0,1.4,-0.4,-0.44,0.0,Tottenham,FW,MF
Pierre Højbjerg,dk DEN,24.0,1,90.0,90.0,100.0,1.0,1,90.0,0,0.0,0,0.0,0.0,1.0,-1.0,-1.0,0.0,1.0,1.4,-0.4,-0.44,0.0,Tottenham,MF,
Harry Kane,eng ENG,27.0,1,90.0,90.0,100.0,1.0,1,90.0,0,0.0,0,0.0,0.0,1.0,-1.0,-1.0,0.0,1.0,1.4,-0.4,-0.44,0.0,Tottenham,FW,
Hugo Lloris,fr FRA,33.0,1,90.0,90.0,100.0,1.0,1,90.0,0,0.0,0,0.0,0.0,1.0,-1.0,-1.0,0.0,1.0,1.4,-0.4,-0.44,0.0,Tottenham,GK,
Lucas Moura,br BRA,27.0,1,90.0,90.0,100.0,1.0,1,90.0,0,0.0,0,0.0,0.0,1.0,-1.0,-1.0,0.0,1.0,1.4,-0.4,-0.44,0.0,Tottenham,FW,
Matt Doherty,ie IRL,28.0,1,75.0,75.0,83.3,0.8,1,75.0,0,0.0,0,0.0,0.0,1.0,-1.0,-1.2,-1.2,0.6,1.3,-0.7,-0.81,-2.19,Tottenham,DF,
Harry Winks,eng ENG,24.0,1,59.0,59.0,65.6,0.7,1,59.0,0,0.0,0,0.0,0.0,1.0,-1.0,-1.53,-1.53,0.6,1.2,-0.6,-0.85,-1.17,Tottenham,MF,
Dele Alli,eng ENG,24.0,1,45.0,45.0,50.0,0.5,1,45.0,0,0.0,0,0.0,0.0,0.0,0.0,0.0,2.0,0.6,0.8,-0.2,-0.4,0.1,Tottenham,MF,
Moussa Sissoko,fr FRA,30.0,1,45.0,45.0,50.0,0.5,0,0.0,1,45.0,0,0.0,0.0,1.0,-1.0,-2.0,-2.0,0.4,0.6,-0.2,-0.49,-0.1,Tottenham,MF,DF
Steven Bergwijn,nl NED,22.0,1,31.0,31.0,34.4,0.3,0,0.0,1,31.0,0,0.0,0.0,0.0,0.0,0.0,1.53,0.4,0.3,0.1,0.32,1.17,Tottenham,FW,
Tanguy Ndombele,fr FRA,23.0,1,15.0,15.0,16.7,0.2,0,0.0,1,15.0,0,0.0,0.0,0.0,0.0,0.0,1.2,0.4,0.1,0.2,1.38,2.19,Tottenham,MF,
Serge Aurier,ci CIV,27.0,0,0.0,0.0,0.0,0.0,0,0.0,0,0.0,1,0.0,0.0,0.0,0.0,0.0,0.0,0.0,0.0,0.0,0.0,0.0,Tottenham,DF,
Joe Hart,eng ENG,33.0,0,0.0,0.0,0.0,0.0,0,0.0,0,0.0,1,0.0,0.0,0.0,0.0,0.0,0.0,0.0,0.0,0.0,0.0,0.0,Tottenham,GK,
Érik Lamela,ar ARG,28.0,0,0.0,0.0,0.0,0.0,0,0.0,0,0.0,1,0.0,0.0,0.0,0.0,0.0,0.0,0.0,0.0,0.0,0.0,0.0,Tottenham,FW,MF
Davinson Sánchez,co COL,24.0,0,0.0,0.0,0.0,0.0,0,0.0,0,0.0,1,0.0,0.0,0.0,0.0,0.0,0.0,0.0,0.0,0.0,0.0,0.0,Tottenham,DF,
Semi Ajayi,ng NGA,26.0,1,90.0,90.0,100.0,1.0,1,90.0,0,0.0,0,0.0,0.0,3.0,-3.0,-3.0,0.0,0.5,2.2,-1.8,-1.75,0.0,West Brom,DF,
Kyle Bartley,eng ENG,29.0,1,90.0,90.0,100.0,1.0,1,90.0,0,0.0,0,0.0,0.0,3.0,-3.0,-3.0,0.0,0.5,2.2,-1.8,-1.75,0.0,West Brom,DF,
Grady Diangana,eng ENG,22.0,1,90.0,90.0,100.0,1.0,1,90.0,0,0.0,0,0.0,0.0,3.0,-3.0,-3.0,0.0,0.5,2.2,-1.8,-1.75,0.0,West Brom,FW,
Kieran Gibbs,eng ENG,30.0,1,90.0,90.0,100.0,1.0,1,90.0,0,0.0,0,0.0,0.0,3.0,-3.0,-3.0,0.0,0.5,2.2,-1.8,-1.75,0.0,West Brom,DF,
Sam Johnstone,eng ENG,27.0,1,90.0,90.0,100.0,1.0,1,90.0,0,0.0,0,0.0,0.0,3.0,-3.0,-3.0,0.0,0.5,2.2,-1.8,-1.75,0.0,West Brom,GK,
Jake Livermore,eng ENG,30.0,1,90.0,90.0,100.0,1.0,1,90.0,0,0.0,0,0.0,0.0,3.0,-3.0,-3.0,0.0,0.5,2.2,-1.8,-1.75,0.0,West Brom,MF,
Dara O'Shea,ie IRL,21.0,1,90.0,90.0,100.0,1.0,1,90.0,0,0.0,0,0.0,0.0,3.0,-3.0,-3.0,0.0,0.5,2.2,-1.8,-1.75,0.0,West Brom,DF,
Matheus Pereira,br BRA,24.0,1,90.0,90.0,100.0,1.0,1,90.0,0,0.0,0,0.0,0.0,3.0,-3.0,-3.0,0.0,0.5,2.2,-1.8,-1.75,0.0,West Brom,FW,
Darnell Furlong,eng ENG,24.0,1,68.0,68.0,75.6,0.8,1,68.0,0,0.0,0,0.0,0.0,1.0,-1.0,-1.32,6.86,0.3,0.6,-0.3,-0.45,5.31,West Brom,DF,
Romaine Sawyers,kn SKN,28.0,1,67.0,67.0,74.4,0.7,1,67.0,0,0.0,0,0.0,0.0,1.0,-1.0,-1.34,6.48,0.3,0.6,-0.3,-0.46,5.05,West Brom,MF,
Callum Robinson,ie IRL,25.0,1,59.0,59.0,65.6,0.7,1,59.0,0,0.0,0,0.0,0.0,1.0,-1.0,-1.53,4.28,0.3,0.6,-0.3,-0.45,3.77,West Brom,FW,
Hal Robson-Kanu,wal WAL,31.0,1,31.0,31.0,34.4,0.3,0,0.0,1,31.0,0,0.0,0.0,2.0,-2.0,-5.81,-4.28,0.2,1.6,-1.5,-4.22,-3.77,West Brom,FW,
Kyle Edwards,eng ENG,22.0,1,23.0,23.0,25.6,0.3,0,0.0,1,23.0,0,0.0,0.0,2.0,-2.0,-7.83,-6.48,0.2,1.6,-1.4,-5.51,-5.05,West Brom,MF,
Rekeem Harper,eng ENG,20.0,1,22.0,22.0,24.4,0.2,0,0.0,1,22.0,0,0.0,0.0,2.0,-2.0,-8.18,-6.86,0.2,1.6,-1.4,-5.76,-5.31,West Brom,MF,DF
Charlie Austin,eng ENG,31.0,0,0.0,0.0,0.0,0.0,0,0.0,0,0.0,1,0.0,0.0,0.0,0.0,0.0,0.0,0.0,0.0,0.0,0.0,0.0,West Brom,FW,
David Button,eng ENG,31.0,0,0.0,0.0,0.0,0.0,0,0.0,0,0.0,1,0.0,0.0,0.0,0.0,0.0,0.0,0.0,0.0,0.0,0.0,0.0,West Brom,GK,
Kamil Grosicki,pl POL,32.0,0,0.0,0.0,0.0,0.0,0,0.0,0,0.0,1,0.0,0.0,0.0,0.0,0.0,0.0,0.0,0.0,0.0,0.0,0.0,West Brom,MF,
Ahmed Hegazi,eg EGY,29.0,0,0.0,0.0,0.0,0.0,0,0.0,0,0.0,1,0.0,0.0,0.0,0.0,0.0,0.0,0.0,0.0,0.0,0.0,0.0,West Brom,DF,
Michail Antonio,eng ENG,30.0,1,90.0,90.0,100.0,1.0,1,90.0,0,0.0,0,0.0,0.0,2.0,-2.0,-2.0,0.0,1.1,1.2,-0.2,-0.18,0.0,West Ham,FW,MF
Aaron Cresswell,eng ENG,30.0,1,90.0,90.0,100.0,1.0,1,90.0,0,0.0,0,0.0,0.0,2.0,-2.0,-2.0,0.0,1.1,1.2,-0.2,-0.18,0.0,West Ham,DF,
Issa Diop,fr FRA,23.0,1,90.0,90.0,100.0,1.0,1,90.0,0,0.0,0,0.0,0.0,2.0,-2.0,-2.0,0.0,1.1,1.2,-0.2,-0.18,0.0,West Ham,DF,
Łukasz Fabiański,pl POL,35.0,1,90.0,90.0,100.0,1.0,1,90.0,0,0.0,0,0.0,0.0,2.0,-2.0,-2.0,0.0,1.1,1.2,-0.2,-0.18,0.0,West Ham,GK,
Ryan Fredericks,eng ENG,27.0,1,90.0,90.0,100.0,1.0,1,90.0,0,0.0,0,0.0,0.0,2.0,-2.0,-2.0,0.0,1.1,1.2,-0.2,-0.18,0.0,West Ham,DF,
Angelo Ogbonna,it ITA,32.0,1,90.0,90.0,100.0,1.0,1,90.0,0,0.0,0,0.0,0.0,2.0,-2.0,-2.0,0.0,1.1,1.2,-0.2,-0.18,0.0,West Ham,DF,
Declan Rice,eng ENG,21.0,1,90.0,90.0,100.0,1.0,1,90.0,0,0.0,0,0.0,0.0,2.0,-2.0,-2.0,0.0,1.1,1.2,-0.2,-0.18,0.0,West Ham,MF,
Tomáš Souček,cz CZE,25.0,1,90.0,90.0,100.0,1.0,1,90.0,0,0.0,0,0.0,0.0,2.0,-2.0,-2.0,0.0,1.1,1.2,-0.2,-0.18,0.0,West Ham,MF,
Jarrod Bowen,eng ENG,23.0,1,88.0,88.0,97.8,1.0,1,88.0,0,0.0,0,0.0,0.0,2.0,-2.0,-2.05,-2.05,1.0,1.2,-0.2,-0.21,-1.38,West Ham,FW,
Pablo Fornals,es ESP,24.0,1,66.0,66.0,73.3,0.7,1,66.0,0,0.0,0,0.0,0.0,1.0,-1.0,-1.36,2.39,0.5,1.0,-0.5,-0.72,-2.03,West Ham,FW,
Mark Noble,eng ENG,33.0,1,66.0,66.0,73.3,0.7,1,66.0,0,0.0,0,0.0,0.0,1.0,-1.0,-1.36,2.39,0.5,1.0,-0.5,-0.72,-2.03,West Ham,MF,
Sébastien Haller,fr FRA,26.0,1,24.0,24.0,26.7,0.3,0,0.0,1,24.0,0,0.0,0.0,1.0,-1.0,-3.75,-2.39,0.6,0.3,0.4,1.31,2.03,West Ham,FW,
Andriy Yarmolenko,ua UKR,30.0,1,24.0,24.0,26.7,0.3,0,0.0,1,24.0,0,0.0,0.0,1.0,-1.0,-3.75,-2.39,0.6,0.3,0.4,1.31,2.03,West Ham,FW,MF
Felipe Anderson,br BRA,27.0,1,2.0,2.0,2.2,0.0,0,0.0,1,2.0,0,0.0,0.0,0.0,0.0,0.0,2.05,0.1,0.1,0.0,1.18,1.38,West Ham,FW,
Fabián Balbuena,py PAR,28.0,0,0.0,0.0,0.0,0.0,0,0.0,0,0.0,1,0.0,0.0,0.0,0.0,0.0,0.0,0.0,0.0,0.0,0.0,0.0,West Ham,DF,
Ben Johnson,eng ENG,20.0,0,0.0,0.0,0.0,0.0,0,0.0,0,0.0,1,0.0,0.0,0.0,0.0,0.0,0.0,0.0,0.0,0.0,0.0,0.0,West Ham,DF,
Manuel Lanzini,ar ARG,27.0,0,0.0,0.0,0.0,0.0,0,0.0,0,0.0,1,0.0,0.0,0.0,0.0,0.0,0.0,0.0,0.0,0.0,0.0,0.0,West Ham,MF,
Darren Randolph,ie IRL,33.0,0,0.0,0.0,0.0,0.0,0,0.0,0,0.0,1,0.0,0.0,0.0,0.0,0.0,0.0,0.0,0.0,0.0,0.0,0.0,West Ham,GK,
Willy Boly,fr FRA,29.0,1,90.0,90.0,100.0,1.0,1,90.0,0,0.0,0,3.0,2.0,0.0,2.0,2.0,0.0,1.1,0.6,0.5,0.47,0.0,Wolves,DF,
Conor Coady,eng ENG,27.0,1,90.0,90.0,100.0,1.0,1,90.0,0,0.0,0,3.0,2.0,0.0,2.0,2.0,0.0,1.1,0.6,0.5,0.47,0.0,Wolves,DF,MF
Leander Dendoncker,be BEL,25.0,1,90.0,90.0,100.0,1.0,1,90.0,0,0.0,0,3.0,2.0,0.0,2.0,2.0,0.0,1.1,0.6,0.5,0.47,0.0,Wolves,DF,MF
Raúl Jiménez,mx MEX,29.0,1,90.0,90.0,100.0,1.0,1,90.0,0,0.0,0,3.0,2.0,0.0,2.0,2.0,0.0,1.1,0.6,0.5,0.47,0.0,Wolves,FW,
Fernando Marçal,br BRA,31.0,1,90.0,90.0,100.0,1.0,1,90.0,0,0.0,0,3.0,2.0,0.0,2.0,2.0,0.0,1.1,0.6,0.5,0.47,0.0,Wolves,DF,
Rui Patrício,pt POR,32.0,1,90.0,90.0,100.0,1.0,1,90.0,0,0.0,0,3.0,2.0,0.0,2.0,2.0,0.0,1.1,0.6,0.5,0.47,0.0,Wolves,GK,
Romain Saïss,ma MAR,30.0,1,90.0,90.0,100.0,1.0,1,90.0,0,0.0,0,3.0,2.0,0.0,2.0,2.0,0.0,1.1,0.6,0.5,0.47,0.0,Wolves,DF,MF
Adama Traoré,es ESP,24.0,1,90.0,90.0,100.0,1.0,1,90.0,0,0.0,0,3.0,2.0,0.0,2.0,2.0,0.0,1.1,0.6,0.5,0.47,0.0,Wolves,FW,MF
João Moutinho,pt POR,33.0,1,85.0,85.0,94.4,0.9,1,85.0,0,0.0,0,3.0,2.0,0.0,2.0,2.12,2.12,1.1,0.4,0.6,0.68,3.83,Wolves,MF,
Daniel Podence,pt POR,24.0,1,75.0,75.0,83.3,0.8,1,75.0,0,0.0,0,3.0,2.0,0.0,2.0,2.4,2.4,1.0,0.4,0.5,0.66,1.15,Wolves,FW,MF
Pedro Neto,pt POR,20.0,1,68.0,68.0,75.6,0.8,1,68.0,0,0.0,0,3.0,2.0,0.0,2.0,2.65,2.65,0.2,0.2,0.1,0.09,-1.56,Wolves,FW,
Oskar Buur,dk DEN,22.0,1,22.0,22.0,24.4,0.2,0,0.0,1,22.0,0,3.0,0.0,0.0,0.0,0.0,-2.65,0.9,0.5,0.4,1.64,1.56,Wolves,DF,MF
Rúben Neves,pt POR,23.0,1,15.0,15.0,16.7,0.2,0,0.0,1,15.0,0,3.0,0.0,0.0,0.0,0.0,-2.4,0.1,0.2,-0.1,-0.49,-1.15,Wolves,MF,
Vitinha,pt POR,20.0,1,5.0,5.0,5.6,0.1,0,0.0,1,5.0,0,3.0,0.0,0.0,0.0,0.0,-2.12,0.0,0.2,-0.2,-3.15,-3.83,Wolves,MF,
Diogo Jota,pt POR,23.0,0,0.0,0.0,0.0,0.0,0,0.0,0,0.0,1,0.0,0.0,0.0,0.0,0.0,0.0,0.0,0.0,0.0,0.0,0.0,Wolves,FW,MF
John Ruddy,eng ENG,33.0,0,0.0,0.0,0.0,0.0,0,0.0,0,0.0,1,0.0,0.0,0.0,0.0,0.0,0.0,0.0,0.0,0.0,0.0,0.0,Wolves,GK,
Fábio Silva,pt POR,18.0,0,0.0,0.0,0.0,0.0,0,0.0,0,0.0,1,0.0,0.0,0.0,0.0,0.0,0.0,0.0,0.0,0.0,0.0,0.0,Wolves,FW,
Rúben Vinagre,pt POR,21.0,0,0.0,0.0,0.0,0.0,0,0.0,0,0.0,1,0.0,0.0,0.0,0.0,0.0,0.0,0.0,0.0,0.0,0.0,0.0,Wolves,DF,MF
