player,nationality,age,games,games_starts,minutes,goals,assists,pens_made,pens_att,cards_yellow,cards_red,goals_per90,assists_per90,goals_assists_per90,goals_pens_per90,goals_assists_pens_per90,xg,npxg,xa,xg_per90,xa_per90,xg_xa_per90,npxg_per90,npxg_xa_per90,team,Pos1,Pos2
Pierre-Emerick Aubameyang,ga GAB,30.0,36,35,"3,136",22.0,3.0,2.0,2.0,3.0,1.0,0.63,0.09,0.72,0.57,0.66,15.7,14.2,3.0,0.45,0.09,0.54,0.41,0.49,Arsenal,FW,
David Luiz,br BRA,32.0,33,32,"2,809",2.0,1.0,0.0,0.0,5.0,2.0,0.06,0.03,0.1,0.06,0.1,1.8,1.8,1.0,0.06,0.03,0.09,0.06,0.09,Arsenal,DF,
Bernd Leno,de GER,27.0,30,30,"2,649",0.0,0.0,0.0,0.0,2.0,0.0,0.0,0.0,0.0,0.0,0.0,0.0,0.0,0.0,0.0,0.0,0.0,0.0,0.0,Arsenal,GK,
Granit Xhaka,ch SUI,26.0,31,30,"2,586",1.0,2.0,0.0,0.0,10.0,0.0,0.03,0.07,0.1,0.03,0.1,0.4,0.4,1.0,0.01,0.03,0.05,0.01,0.05,Arsenal,MF,
Nicolas Pépé,ci CIV,24.0,31,22,"2,010",5.0,6.0,1.0,1.0,4.0,0.0,0.22,0.27,0.49,0.18,0.45,4.7,3.9,4.4,0.21,0.2,0.41,0.17,0.37,Arsenal,FW,
Alexandre Lacazette,fr FRA,28.0,30,22,"1,874",10.0,4.0,0.0,0.0,8.0,0.0,0.48,0.19,0.67,0.48,0.67,8.5,8.5,3.1,0.41,0.15,0.56,0.41,0.56,Arsenal,FW,
Bukayo Saka,eng ENG,17.0,26,19,"1,753",1.0,5.0,0.0,0.0,6.0,0.0,0.05,0.26,0.31,0.05,0.31,1.3,1.3,3.6,0.07,0.19,0.25,0.07,0.25,Arsenal,DF,FW
Mattéo Guendouzi,fr FRA,20.0,24,19,"1,748",0.0,1.0,0.0,0.0,6.0,0.0,0.0,0.05,0.05,0.0,0.05,0.7,0.7,1.3,0.03,0.07,0.1,0.03,0.1,Arsenal,MF,
Sead Kolašinac,ba BIH,26.0,26,19,"1,701",0.0,2.0,0.0,0.0,4.0,0.0,0.0,0.11,0.11,0.0,0.11,0.6,0.6,1.0,0.03,0.05,0.09,0.03,0.09,Arsenal,DF,
Sokratis Papastathopoulos,gr GRE,31.0,19,19,"1,696",2.0,0.0,0.0,0.0,6.0,0.0,0.11,0.0,0.11,0.11,0.11,1.0,1.0,0.2,0.05,0.01,0.06,0.05,0.06,Arsenal,DF,
Dani Ceballos,es ESP,22.0,24,18,"1,692",0.0,2.0,0.0,0.0,1.0,0.0,0.0,0.11,0.11,0.0,0.11,0.5,0.5,1.8,0.03,0.1,0.12,0.03,0.12,Arsenal,MF,
Mesut Özil,de GER,30.0,18,18,"1,438",1.0,2.0,0.0,0.0,1.0,0.0,0.06,0.13,0.19,0.06,0.19,1.3,1.3,2.3,0.08,0.14,0.22,0.08,0.22,Arsenal,MF,
Lucas Torreira,uy URU,23.0,29,17,"1,512",1.0,1.0,0.0,0.0,7.0,0.0,0.06,0.06,0.12,0.06,0.12,1.6,1.6,1.1,0.09,0.07,0.16,0.09,0.16,Arsenal,MF,
Ainsley Maitland-Niles,eng ENG,21.0,20,15,"1,386",0.0,2.0,0.0,0.0,6.0,1.0,0.0,0.13,0.13,0.0,0.13,0.3,0.3,1.4,0.02,0.09,0.11,0.02,0.11,Arsenal,DF,
Shkodran Mustafi,de GER,27.0,15,13,"1,207",0.0,1.0,0.0,0.0,2.0,0.0,0.0,0.07,0.07,0.0,0.07,0.8,0.8,0.0,0.06,0.0,0.06,0.06,0.06,Arsenal,DF,
Héctor Bellerín,es ESP,24.0,15,13,"1,158",1.0,0.0,0.0,0.0,2.0,0.0,0.08,0.0,0.08,0.08,0.08,0.5,0.5,0.3,0.04,0.03,0.06,0.04,0.06,Arsenal,DF,
Calum Chambers,eng ENG,24.0,14,13,"1,102",1.0,1.0,0.0,0.0,5.0,0.0,0.08,0.08,0.16,0.08,0.16,0.8,0.8,0.7,0.06,0.06,0.12,0.06,0.12,Arsenal,DF,
Kieran Tierney,sco SCO,22.0,15,12,989,1.0,1.0,0.0,0.0,2.0,0.0,0.09,0.09,0.18,0.09,0.18,0.2,0.2,1.1,0.02,0.1,0.12,0.02,0.12,Arsenal,DF,
Joe Willock,eng ENG,19.0,29,8,857,1.0,1.0,0.0,0.0,2.0,0.0,0.11,0.11,0.21,0.11,0.21,2.3,2.3,0.8,0.24,0.09,0.33,0.24,0.33,Arsenal,MF,FW
Emiliano Martínez,ar ARG,26.0,9,8,771,0.0,0.0,0.0,0.0,2.0,0.0,0.0,0.0,0.0,0.0,0.0,0.0,0.0,0.0,0.0,0.0,0.0,0.0,0.0,Arsenal,GK,
Eddie Nketiah,eng ENG,20.0,13,7,633,2.0,0.0,0.0,0.0,0.0,1.0,0.28,0.0,0.28,0.28,0.28,3.2,3.2,0.7,0.46,0.09,0.56,0.46,0.56,Arsenal,FW,
Reiss Nelson,eng ENG,19.0,17,7,631,1.0,0.0,0.0,0.0,1.0,0.0,0.14,0.0,0.14,0.14,0.14,0.9,0.9,0.7,0.12,0.1,0.22,0.12,0.22,Arsenal,FW,
Martinelli,br BRA,18.0,14,6,663,3.0,0.0,0.0,0.0,1.0,0.0,0.41,0.0,0.41,0.41,0.41,2.2,2.2,0.2,0.3,0.03,0.33,0.3,0.33,Arsenal,FW,
Rob Holding,eng ENG,23.0,8,6,581,0.0,0.0,0.0,0.0,1.0,0.0,0.0,0.0,0.0,0.0,0.0,0.1,0.1,0.0,0.01,0.0,0.01,0.01,0.01,Arsenal,DF,
Nacho Monreal,es ESP,33.0,3,3,270,0.0,0.0,0.0,0.0,0.0,0.0,0.0,0.0,0.0,0.0,0.0,0.1,0.1,0.2,0.03,0.08,0.11,0.03,0.11,Arsenal,DF,
Cédric Soares,pt POR,27.0,5,3,249,1.0,0.0,0.0,0.0,0.0,0.0,0.36,0.0,0.36,0.36,0.36,0.0,0.0,0.0,0.01,0.02,0.02,0.01,0.02,Arsenal,DF,
Pablo Marí,es ESP,25.0,2,2,113,0.0,0.0,0.0,0.0,0.0,0.0,0.0,0.0,0.0,0.0,0.0,0.0,0.0,0.0,0.0,0.0,0.0,0.0,0.0,Arsenal,DF,
Henrikh Mkhitaryan,am ARM,30.0,3,1,112,0.0,0.0,0.0,0.0,1.0,0.0,0.0,0.0,0.0,0.0,0.0,0.2,0.2,0.2,0.19,0.18,0.37,0.19,0.37,Arsenal,FW,
Emile Smith-Rowe,eng ENG,19.0,2,1,97,0.0,0.0,0.0,0.0,0.0,0.0,0.0,0.0,0.0,0.0,0.0,0.0,0.0,0.0,0.0,0.0,0.0,0.0,0.0,Arsenal,MF,
Tyreece John-Jules,eng ENG,18.0,0,0,0,0.0,0.0,0.0,0.0,0.0,0.0,0.0,0.0,0.0,0.0,0.0,0.0,0.0,0.0,0.0,0.0,0.0,0.0,0.0,Arsenal,FW,
Matt Macey,eng ENG,24.0,0,0,0,0.0,0.0,0.0,0.0,0.0,0.0,0.0,0.0,0.0,0.0,0.0,0.0,0.0,0.0,0.0,0.0,0.0,0.0,0.0,Arsenal,GK,
Konstantinos Mavropanos,gr GRE,21.0,0,0,0,0.0,0.0,0.0,0.0,0.0,0.0,0.0,0.0,0.0,0.0,0.0,0.0,0.0,0.0,0.0,0.0,0.0,0.0,0.0,Arsenal,DF,
Zechariah Medley,eng ENG,19.0,0,0,0,0.0,0.0,0.0,0.0,0.0,0.0,0.0,0.0,0.0,0.0,0.0,0.0,0.0,0.0,0.0,0.0,0.0,0.0,0.0,Arsenal,DF,
Matthew Smith,eng ENG,18.0,0,0,0,0.0,0.0,0.0,0.0,0.0,0.0,0.0,0.0,0.0,0.0,0.0,0.0,0.0,0.0,0.0,0.0,0.0,0.0,0.0,Arsenal,MF,
Jack Grealish,eng ENG,23.0,36,36,"3,233",8.0,6.0,0.0,1.0,8.0,0.0,0.22,0.17,0.39,0.22,0.39,6.4,5.6,6.9,0.18,0.19,0.37,0.16,0.35,Aston Villa,FW,MF
Tyrone Mings,eng ENG,26.0,33,33,"2,902",2.0,2.0,0.0,0.0,7.0,0.0,0.06,0.06,0.12,0.06,0.12,1.1,1.1,0.7,0.03,0.02,0.06,0.03,0.06,Aston Villa,DF,
Douglas Luiz,br BRA,21.0,36,28,"2,612",3.0,2.0,0.0,0.0,8.0,0.0,0.1,0.07,0.17,0.1,0.17,2.4,2.4,1.4,0.08,0.05,0.13,0.08,0.13,Aston Villa,MF,
John McGinn,sco SCO,24.0,28,27,"2,312",3.0,3.0,0.0,0.0,3.0,0.0,0.12,0.12,0.23,0.12,0.23,3.9,3.9,2.4,0.15,0.09,0.24,0.15,0.24,Aston Villa,MF,
Matt Targett,eng ENG,23.0,28,27,"2,291",1.0,2.0,0.0,0.0,4.0,0.0,0.04,0.08,0.12,0.04,0.12,0.5,0.5,2.7,0.02,0.11,0.12,0.02,0.12,Aston Villa,DF,
Anwar El Ghazi,nl NED,24.0,34,26,"2,051",4.0,4.0,1.0,1.0,3.0,0.0,0.18,0.18,0.35,0.13,0.31,5.8,5.1,2.8,0.26,0.12,0.38,0.22,0.34,Aston Villa,FW,MF
Ezri Konsa,eng ENG,21.0,25,24,"2,039",1.0,2.0,0.0,0.0,3.0,0.0,0.04,0.09,0.13,0.04,0.13,1.5,1.5,0.4,0.07,0.02,0.09,0.07,0.09,Aston Villa,DF,
Frederic Guilbert,fr FRA,24.0,25,22,"2,041",0.0,2.0,0.0,0.0,7.0,0.0,0.0,0.09,0.09,0.0,0.09,0.4,0.4,1.4,0.02,0.06,0.08,0.02,0.08,Aston Villa,DF,
Wesley Moraes,br BRA,22.0,21,21,"1,782",5.0,1.0,0.0,1.0,3.0,0.0,0.25,0.05,0.3,0.25,0.3,5.2,4.3,0.8,0.26,0.04,0.3,0.22,0.26,Aston Villa,FW,
Trézéguet,eg EGY,24.0,34,20,"1,950",6.0,1.0,0.0,0.0,4.0,1.0,0.28,0.05,0.32,0.28,0.32,3.7,3.7,0.8,0.17,0.04,0.21,0.17,0.21,Aston Villa,FW,MF
Tom Heaton,eng ENG,33.0,20,20,"1,794",0.0,0.0,0.0,0.0,0.0,0.0,0.0,0.0,0.0,0.0,0.0,0.0,0.0,0.0,0.0,0.0,0.0,0.0,0.0,Aston Villa,GK,
Marvelous Nakamba,zw ZIM,25.0,29,19,"1,836",0.0,0.0,0.0,0.0,5.0,0.0,0.0,0.0,0.0,0.0,0.0,0.2,0.2,0.5,0.01,0.02,0.03,0.01,0.03,Aston Villa,MF,
Conor Hourihane,ie IRL,28.0,27,18,"1,534",3.0,5.0,0.0,0.0,4.0,0.0,0.18,0.29,0.47,0.18,0.47,1.7,1.7,5.2,0.1,0.3,0.4,0.1,0.4,Aston Villa,MF,
Kortney Hause,eng ENG,24.0,18,17,"1,545",1.0,0.0,0.0,0.0,3.0,0.0,0.06,0.0,0.06,0.06,0.06,2.2,2.2,0.2,0.13,0.01,0.14,0.13,0.14,Aston Villa,DF,
Björn Engels,be BEL,24.0,17,15,"1,447",1.0,0.0,0.0,0.0,1.0,0.0,0.06,0.0,0.06,0.06,0.06,0.8,0.8,0.1,0.05,0.0,0.05,0.05,0.05,Aston Villa,DF,
Pepe Reina,es ESP,36.0,12,12,"1,080",0.0,0.0,0.0,0.0,1.0,0.0,0.0,0.0,0.0,0.0,0.0,0.0,0.0,0.0,0.0,0.0,0.0,0.0,0.0,Aston Villa,GK,
Neil Taylor,wal WAL,30.0,14,11,"1,091",0.0,0.0,0.0,0.0,2.0,0.0,0.0,0.0,0.0,0.0,0.0,0.3,0.3,0.2,0.03,0.02,0.04,0.03,0.04,Aston Villa,DF,
Ahmed Elmohamady,eg EGY,31.0,18,11,"1,031",1.0,1.0,0.0,0.0,1.0,0.0,0.09,0.09,0.17,0.09,0.17,0.2,0.2,2.6,0.02,0.23,0.25,0.02,0.25,Aston Villa,DF,
Mbwana Samatta,tz TAN,26.0,14,11,943,1.0,0.0,0.0,0.0,1.0,0.0,0.1,0.0,0.1,0.1,0.1,1.8,1.8,0.2,0.18,0.02,0.2,0.18,0.2,Aston Villa,FW,
Ørjan Nyland,no NOR,28.0,7,5,539,0.0,0.0,0.0,0.0,0.0,0.0,0.0,0.0,0.0,0.0,0.0,0.0,0.0,0.0,0.0,0.0,0.0,0.0,0.0,Aston Villa,GK,
Keinan Davis,eng ENG,21.0,18,4,548,0.0,0.0,0.0,0.0,0.0,0.0,0.0,0.0,0.0,0.0,0.0,1.9,1.9,0.2,0.32,0.04,0.35,0.32,0.35,Aston Villa,FW,
Jota,es ESP,28.0,10,4,335,0.0,1.0,0.0,0.0,0.0,0.0,0.0,0.27,0.27,0.0,0.27,0.2,0.2,0.7,0.06,0.18,0.24,0.06,0.24,Aston Villa,FW,MF
Danny Drinkwater,eng ENG,29.0,4,4,259,0.0,0.0,0.0,0.0,1.0,0.0,0.0,0.0,0.0,0.0,0.0,0.1,0.1,0.0,0.03,0.01,0.04,0.03,0.04,Aston Villa,MF,
Henri Lansbury,eng ENG,28.0,10,2,195,0.0,0.0,0.0,0.0,0.0,0.0,0.0,0.0,0.0,0.0,0.0,0.1,0.1,0.1,0.05,0.03,0.09,0.05,0.09,Aston Villa,MF,
Jed Steer,eng ENG,26.0,1,1,7,0.0,0.0,0.0,0.0,0.0,0.0,0.0,0.0,0.0,0.0,0.0,0.0,0.0,0.0,0.0,0.0,0.0,0.0,0.0,Aston Villa,GK,
Jonathan Kodjia,ci CIV,29.0,6,0,117,0.0,0.0,0.0,0.0,1.0,0.0,0.0,0.0,0.0,0.0,0.0,0.1,0.1,0.0,0.04,0.0,0.04,0.04,0.04,Aston Villa,FW,MF
Indiana Vassilev,us USA,18.0,4,0,51,0.0,0.0,0.0,0.0,0.0,0.0,0.0,0.0,0.0,0.0,0.0,0.0,0.0,0.0,0.05,0.0,0.05,0.05,0.05,Aston Villa,FW,MF
Borja Bastón,es ESP,26.0,2,0,18,0.0,0.0,0.0,0.0,0.0,0.0,0.0,0.0,0.0,0.0,0.0,0.0,0.0,0.0,0.0,0.0,0.0,0.0,0.0,Aston Villa,MF,FW
James Chester,wal WAL,30.0,0,0,0,0.0,0.0,0.0,0.0,0.0,0.0,0.0,0.0,0.0,0.0,0.0,0.0,0.0,0.0,0.0,0.0,0.0,0.0,0.0,Aston Villa,DF,
Kaine Hayden,,,0,0,0,0.0,0.0,0.0,0.0,0.0,0.0,0.0,0.0,0.0,0.0,0.0,0.0,0.0,0.0,0.0,0.0,0.0,0.0,0.0,Aston Villa,MF,
Lovre Kalinić,hr CRO,29.0,0,0,0,0.0,0.0,0.0,0.0,0.0,0.0,0.0,0.0,0.0,0.0,0.0,0.0,0.0,0.0,0.0,0.0,0.0,0.0,0.0,Aston Villa,GK,
Aaron Ramsdale,eng ENG,21.0,37,37,"3,330",0.0,1.0,0.0,0.0,0.0,0.0,0.0,0.03,0.03,0.0,0.03,0.0,0.0,0.1,0.0,0.0,0.0,0.0,0.0,Bournemouth,GK,
Callum Wilson,eng ENG,27.0,35,32,"2,908",8.0,1.0,0.0,0.0,10.0,0.0,0.25,0.03,0.28,0.25,0.28,10.0,10.0,3.2,0.31,0.1,0.41,0.31,0.41,Bournemouth,FW,
Jefferson Lerma,co COL,24.0,33,31,"2,703",1.0,2.0,0.0,0.0,13.0,1.0,0.03,0.07,0.1,0.03,0.1,1.3,1.3,1.8,0.04,0.06,0.1,0.04,0.1,Bournemouth,MF,
Philip Billing,dk DEN,23.0,34,29,"2,530",1.0,1.0,0.0,0.0,8.0,0.0,0.04,0.04,0.07,0.04,0.07,2.5,2.5,1.1,0.09,0.04,0.13,0.09,0.13,Bournemouth,MF,
Nathan Aké,nl NED,24.0,29,29,"2,503",2.0,2.0,0.0,0.0,2.0,0.0,0.07,0.07,0.14,0.07,0.14,2.5,2.5,0.5,0.09,0.02,0.11,0.09,0.11,Bournemouth,DF,
Steve Cook,eng ENG,28.0,29,28,"2,428",1.0,0.0,0.0,0.0,6.0,1.0,0.04,0.0,0.04,0.04,0.04,0.8,0.8,0.3,0.03,0.01,0.04,0.03,0.04,Bournemouth,DF,
Diego Rico,es ESP,26.0,27,27,"2,332",0.0,4.0,0.0,0.0,6.0,0.0,0.0,0.15,0.15,0.0,0.15,0.3,0.3,2.8,0.01,0.11,0.12,0.01,0.12,Bournemouth,DF,
Adam Smith,eng ENG,28.0,24,24,"2,055",0.0,1.0,0.0,0.0,7.0,0.0,0.0,0.04,0.04,0.0,0.04,0.6,0.6,0.9,0.03,0.04,0.06,0.03,0.06,Bournemouth,DF,
Joshua King,no NOR,27.0,26,24,"2,011",6.0,4.0,3.0,3.0,0.0,0.0,0.27,0.18,0.45,0.13,0.31,6.5,4.3,3.7,0.29,0.17,0.46,0.19,0.36,Bournemouth,FW,MF
Ryan Fraser,sco SCO,25.0,28,21,"2,067",1.0,4.0,0.0,0.0,2.0,0.0,0.04,0.17,0.22,0.04,0.22,3.2,3.2,4.1,0.14,0.18,0.32,0.14,0.32,Bournemouth,MF,FW
Harry Wilson,wal WAL,22.0,31,20,"1,646",7.0,0.0,0.0,0.0,2.0,0.0,0.38,0.0,0.38,0.38,0.38,4.4,4.4,1.6,0.24,0.09,0.33,0.24,0.33,Bournemouth,MF,FW
Dominic Solanke,eng ENG,21.0,32,17,"1,651",3.0,1.0,0.0,0.0,1.0,0.0,0.16,0.05,0.22,0.16,0.22,3.6,3.6,0.9,0.2,0.05,0.25,0.2,0.25,Bournemouth,FW,MF
Jack Stacey,eng ENG,23.0,19,17,"1,549",0.0,2.0,0.0,0.0,2.0,0.0,0.0,0.12,0.12,0.0,0.12,0.3,0.3,2.2,0.02,0.13,0.14,0.02,0.14,Bournemouth,DF,
Lewis Cook,eng ENG,22.0,27,14,"1,352",0.0,0.0,0.0,0.0,5.0,0.0,0.0,0.0,0.0,0.0,0.0,0.3,0.3,0.9,0.02,0.06,0.08,0.02,0.08,Bournemouth,MF,
Dan Gosling,eng ENG,29.0,24,14,"1,264",3.0,1.0,0.0,0.0,3.0,0.0,0.21,0.07,0.28,0.21,0.28,2.1,2.1,1.0,0.15,0.07,0.22,0.15,0.22,Bournemouth,MF,
Simon Francis,eng ENG,34.0,15,10,969,0.0,0.0,0.0,0.0,5.0,1.0,0.0,0.0,0.0,0.0,0.0,0.2,0.2,0.3,0.02,0.03,0.04,0.02,0.04,Bournemouth,DF,
Chris Mepham,wal WAL,21.0,12,10,912,1.0,0.0,0.0,0.0,1.0,0.0,0.1,0.0,0.1,0.1,0.1,0.6,0.6,0.1,0.06,0.01,0.07,0.06,0.07,Bournemouth,DF,
David Brooks,wal WAL,22.0,9,8,506,1.0,0.0,0.0,0.0,1.0,0.0,0.18,0.0,0.18,0.18,0.18,0.8,0.8,0.4,0.14,0.07,0.21,0.14,0.21,Bournemouth,MF,
Junior Stanislas,eng ENG,29.0,15,7,712,3.0,0.0,1.0,1.0,1.0,0.0,0.38,0.0,0.38,0.25,0.25,1.6,0.8,0.8,0.2,0.1,0.3,0.1,0.2,Bournemouth,MF,DF
Lloyd Kelly,eng ENG,20.0,8,7,639,0.0,0.0,0.0,0.0,2.0,0.0,0.0,0.0,0.0,0.0,0.0,0.0,0.0,0.2,0.0,0.03,0.03,0.0,0.03,Bournemouth,DF,
Arnaut Groeneveld,nl NED,22.0,14,6,630,0.0,0.0,0.0,0.0,0.0,0.0,0.0,0.0,0.0,0.0,0.0,1.2,1.2,0.3,0.16,0.04,0.2,0.16,0.2,Bournemouth,MF,
Andrew Surman,eng ENG,32.0,5,2,235,0.0,0.0,0.0,0.0,1.0,0.0,0.0,0.0,0.0,0.0,0.0,0.0,0.0,0.0,0.01,0.01,0.02,0.01,0.02,Bournemouth,MF,
Charlie Daniels,eng ENG,32.0,2,2,126,0.0,0.0,0.0,0.0,0.0,0.0,0.0,0.0,0.0,0.0,0.0,0.0,0.0,0.1,0.0,0.05,0.05,0.0,0.05,Bournemouth,DF,
Jack Simpson,eng ENG,22.0,4,1,241,0.0,0.0,0.0,0.0,0.0,0.0,0.0,0.0,0.0,0.0,0.0,0.0,0.0,0.0,0.01,0.0,0.01,0.01,0.01,Bournemouth,DF,
Mark Travers,ie IRL,20.0,1,1,90,0.0,0.0,0.0,0.0,0.0,0.0,0.0,0.0,0.0,0.0,0.0,0.0,0.0,0.0,0.0,0.0,0.0,0.0,0.0,Bournemouth,GK,
Jordon Ibe,eng ENG,23.0,2,0,50,0.0,0.0,0.0,0.0,0.0,0.0,0.0,0.0,0.0,0.0,0.0,0.0,0.0,0.0,0.0,0.0,0.0,0.0,0.0,Bournemouth,DF,
Sam Surridge,eng ENG,21.0,4,0,27,0.0,0.0,0.0,0.0,0.0,0.0,0.0,0.0,0.0,0.0,0.0,0.4,0.4,0.0,1.45,0.0,1.45,1.45,1.45,Bournemouth,FW,
Artur Boruc,pl POL,39.0,0,0,0,0.0,0.0,0.0,0.0,0.0,0.0,0.0,0.0,0.0,0.0,0.0,0.0,0.0,0.0,0.0,0.0,0.0,0.0,0.0,Bournemouth,GK,
Mihai Dobre,ro ROU,20.0,0,0,0,0.0,0.0,0.0,0.0,0.0,0.0,0.0,0.0,0.0,0.0,0.0,0.0,0.0,0.0,0.0,0.0,0.0,0.0,0.0,Bournemouth,MF,
Gavin Kilkenny,ie IRL,19.0,0,0,0,0.0,0.0,0.0,0.0,0.0,0.0,0.0,0.0,0.0,0.0,0.0,0.0,0.0,0.0,0.0,0.0,0.0,0.0,0.0,Bournemouth,MF,
Christian Saydee,lr LBR,17.0,0,0,0,0.0,0.0,0.0,0.0,0.0,0.0,0.0,0.0,0.0,0.0,0.0,0.0,0.0,0.0,0.0,0.0,0.0,0.0,0.0,Bournemouth,MF,
Mathew Ryan,au AUS,27.0,38,38,"3,420",0.0,0.0,0.0,0.0,0.0,0.0,0.0,0.0,0.0,0.0,0.0,0.0,0.0,0.0,0.0,0.0,0.0,0.0,0.0,Brighton,GK,
Lewis Dunk,eng ENG,27.0,36,36,"3,230",3.0,3.0,0.0,0.0,9.0,0.0,0.08,0.08,0.17,0.08,0.17,4.2,4.2,1.1,0.12,0.03,0.15,0.12,0.15,Brighton,DF,
Dan Burn,eng ENG,27.0,34,33,"2,880",0.0,0.0,0.0,0.0,5.0,0.0,0.0,0.0,0.0,0.0,0.0,1.3,1.3,1.2,0.04,0.04,0.08,0.04,0.08,Brighton,DF,
Davy Pröpper,nl NED,27.0,35,32,"2,829",1.0,2.0,0.0,0.0,4.0,0.0,0.03,0.06,0.1,0.03,0.1,1.3,1.3,2.2,0.04,0.07,0.11,0.04,0.11,Brighton,MF,
Adam Webster,eng ENG,24.0,31,31,"2,668",3.0,1.0,0.0,0.0,4.0,0.0,0.1,0.03,0.13,0.1,0.13,1.1,1.1,1.0,0.04,0.03,0.07,0.04,0.07,Brighton,DF,
Neal Maupay,fr FRA,22.0,37,30,"2,766",10.0,3.0,1.0,2.0,3.0,0.0,0.33,0.1,0.42,0.29,0.39,11.2,9.7,2.5,0.37,0.08,0.44,0.32,0.4,Brighton,FW,
Dale Stephens,eng ENG,30.0,33,28,"2,530",0.0,1.0,0.0,0.0,8.0,0.0,0.0,0.04,0.04,0.0,0.04,0.5,0.5,1.1,0.02,0.04,0.06,0.02,0.06,Brighton,MF,
Aaron Mooy,au AUS,28.0,31,25,"2,085",2.0,2.0,0.0,0.0,3.0,1.0,0.09,0.09,0.17,0.09,0.17,2.0,2.0,3.3,0.09,0.14,0.23,0.09,0.23,Brighton,MF,FW
Martín Montoya,es ESP,28.0,27,23,"1,896",0.0,1.0,0.0,0.0,5.0,0.0,0.0,0.05,0.05,0.0,0.05,1.3,1.3,1.4,0.06,0.07,0.13,0.06,0.13,Brighton,DF,
Leandro Trossard,be BEL,24.0,31,22,"2,011",5.0,3.0,0.0,0.0,0.0,0.0,0.22,0.13,0.36,0.22,0.36,4.7,4.7,3.7,0.21,0.17,0.37,0.21,0.37,Brighton,FW,MF
Pascal Groß,de GER,28.0,29,22,"1,796",2.0,4.0,0.0,0.0,4.0,0.0,0.1,0.2,0.3,0.1,0.3,1.8,1.8,5.1,0.09,0.26,0.35,0.09,0.35,Brighton,FW,MF
Yves Bissouma,ml MLI,22.0,22,15,"1,259",1.0,0.0,0.0,0.0,4.0,0.0,0.07,0.0,0.07,0.07,0.07,0.4,0.4,0.2,0.03,0.01,0.04,0.03,0.04,Brighton,MF,
Aaron Connolly,ie IRL,19.0,24,14,"1,258",3.0,1.0,0.0,0.0,0.0,0.0,0.21,0.07,0.29,0.21,0.29,3.1,3.1,0.3,0.22,0.02,0.24,0.22,0.24,Brighton,FW,
Shane Duffy,ie IRL,27.0,19,12,"1,238",1.0,0.0,0.0,0.0,2.0,0.0,0.07,0.0,0.07,0.07,0.07,1.5,1.5,0.0,0.11,0.0,0.11,0.11,0.11,Brighton,DF,
Steven Alzate,co COL,20.0,19,12,"1,188",0.0,0.0,0.0,0.0,1.0,0.0,0.0,0.0,0.0,0.0,0.0,1.2,1.2,0.7,0.09,0.05,0.15,0.09,0.15,Brighton,MF,DF
Solly March,eng ENG,25.0,19,11,"1,143",0.0,1.0,0.0,0.0,2.0,0.0,0.0,0.08,0.08,0.0,0.08,1.4,1.4,0.7,0.11,0.06,0.17,0.11,0.17,Brighton,DF,FW
Glenn Murray,eng ENG,35.0,23,7,797,1.0,1.0,0.0,0.0,0.0,0.0,0.11,0.11,0.23,0.11,0.23,2.1,2.1,0.5,0.24,0.06,0.3,0.24,0.3,Brighton,FW,
Bernardo,br BRA,24.0,14,7,679,0.0,0.0,0.0,0.0,1.0,0.0,0.0,0.0,0.0,0.0,0.0,0.2,0.2,0.2,0.03,0.02,0.06,0.03,0.06,Brighton,DF,
Tariq Lamptey,eng ENG,18.0,8,7,588,0.0,1.0,0.0,0.0,2.0,0.0,0.0,0.15,0.15,0.0,0.15,0.1,0.1,0.6,0.01,0.09,0.1,0.01,0.1,Brighton,DF,
Ezequiel Schelotto,it ITA,30.0,8,4,361,0.0,0.0,0.0,0.0,2.0,0.0,0.0,0.0,0.0,0.0,0.0,0.4,0.4,0.0,0.09,0.0,0.09,0.09,0.09,Brighton,DF,
Alexis Mac Allister,ar ARG,20.0,9,4,352,0.0,0.0,0.0,0.0,0.0,0.0,0.0,0.0,0.0,0.0,0.0,0.4,0.4,0.3,0.09,0.07,0.16,0.09,0.16,Brighton,MF,FW
Alireza Jahanbakhsh,ir IRN,25.0,10,3,311,2.0,0.0,0.0,0.0,0.0,0.0,0.58,0.0,0.58,0.58,0.58,0.5,0.5,0.0,0.15,0.01,0.17,0.15,0.17,Brighton,FW,MF
Jürgen Locadia,nl NED,25.0,2,1,86,0.0,0.0,0.0,0.0,0.0,0.0,0.0,0.0,0.0,0.0,0.0,0.3,0.3,0.0,0.28,0.0,0.28,0.28,0.28,Brighton,MF,FW
Florin Andone,ro ROU,26.0,3,1,73,1.0,0.0,0.0,0.0,0.0,1.0,1.23,0.0,1.23,1.23,1.23,0.1,0.1,0.0,0.14,0.06,0.2,0.14,0.2,Brighton,MF,FW
Gaëtan Bong,cm CMR,31.0,4,0,59,0.0,0.0,0.0,0.0,0.0,0.0,0.0,0.0,0.0,0.0,0.0,0.0,0.0,0.1,0.0,0.21,0.21,0.0,0.21,Brighton,MF,DF
Leon Balogun,ng NGA,31.0,0,0,0,0.0,0.0,0.0,0.0,0.0,0.0,0.0,0.0,0.0,0.0,0.0,0.0,0.0,0.0,0.0,0.0,0.0,0.0,0.0,Brighton,DF,
Tudor Băluță,ro ROU,20.0,0,0,0,0.0,0.0,0.0,0.0,0.0,0.0,0.0,0.0,0.0,0.0,0.0,0.0,0.0,0.0,0.0,0.0,0.0,0.0,0.0,Brighton,DF,MF
David Button,eng ENG,30.0,0,0,0,0.0,0.0,0.0,0.0,0.0,0.0,0.0,0.0,0.0,0.0,0.0,0.0,0.0,0.0,0.0,0.0,0.0,0.0,0.0,Brighton,GK,
Alexander Cochrane,eng ENG,,0,0,0,0.0,0.0,0.0,0.0,0.0,0.0,0.0,0.0,0.0,0.0,0.0,0.0,0.0,0.0,0.0,0.0,0.0,0.0,0.0,Brighton,DF,
Nick Pope,eng ENG,27.0,38,38,"3,420",0.0,0.0,0.0,0.0,1.0,0.0,0.0,0.0,0.0,0.0,0.0,0.0,0.0,0.7,0.0,0.02,0.02,0.0,0.02,Burnley,GK,
James Tarkowski,eng ENG,26.0,38,38,"3,420",2.0,2.0,0.0,0.0,10.0,0.0,0.05,0.05,0.11,0.05,0.11,2.3,2.3,2.1,0.06,0.05,0.12,0.06,0.12,Burnley,DF,
Dwight McNeil,eng ENG,19.0,38,38,"3,338",2.0,6.0,0.0,0.0,5.0,0.0,0.05,0.16,0.22,0.05,0.22,2.2,2.2,6.7,0.06,0.18,0.24,0.06,0.24,Burnley,MF,
Ashley Westwood,eng ENG,29.0,35,35,"3,150",2.0,6.0,0.0,0.0,9.0,0.0,0.06,0.17,0.23,0.06,0.23,1.2,1.2,5.1,0.03,0.14,0.18,0.03,0.18,Burnley,MF,
Ben Mee,eng ENG,29.0,32,32,"2,880",1.0,1.0,0.0,0.0,7.0,0.0,0.03,0.03,0.06,0.03,0.06,1.7,1.7,0.6,0.05,0.02,0.07,0.05,0.07,Burnley,DF,
Jack Cork,eng ENG,30.0,30,30,"2,613",0.0,0.0,0.0,0.0,1.0,0.0,0.0,0.0,0.0,0.0,0.0,1.7,1.7,0.7,0.06,0.02,0.08,0.06,0.08,Burnley,MF,
Chris Wood,nz NZL,27.0,32,29,"2,437",14.0,1.0,1.0,1.0,1.0,0.0,0.52,0.04,0.55,0.48,0.52,12.9,12.1,0.9,0.48,0.03,0.51,0.45,0.48,Burnley,FW,
Charlie Taylor,eng ENG,25.0,24,22,"1,945",0.0,1.0,0.0,0.0,3.0,0.0,0.0,0.05,0.05,0.0,0.05,0.0,0.0,1.4,0.0,0.06,0.07,0.0,0.07,Burnley,DF,
Jeff Hendrick,ie IRL,27.0,24,22,"1,931",2.0,2.0,0.0,0.0,8.0,0.0,0.09,0.09,0.19,0.09,0.19,1.6,1.6,0.8,0.07,0.04,0.11,0.07,0.11,Burnley,MF,
Phil Bardsley,sco SCO,34.0,21,21,"1,890",0.0,1.0,0.0,0.0,6.0,0.0,0.0,0.05,0.05,0.0,0.05,0.2,0.2,0.7,0.01,0.03,0.05,0.01,0.05,Burnley,DF,
Erik Pieters,nl NED,30.0,24,21,"1,878",0.0,4.0,0.0,0.0,2.0,0.0,0.0,0.19,0.19,0.0,0.19,0.6,0.6,2.6,0.03,0.12,0.15,0.03,0.15,Burnley,DF,MF
Jay Rodriguez,eng ENG,30.0,36,20,"2,016",8.0,1.0,1.0,1.0,1.0,0.0,0.36,0.04,0.4,0.31,0.36,8.0,7.2,1.0,0.36,0.04,0.4,0.32,0.37,Burnley,FW,
Matthew Lowton,eng ENG,30.0,17,17,"1,530",0.0,1.0,0.0,0.0,2.0,0.0,0.0,0.06,0.06,0.0,0.06,0.0,0.0,1.1,0.0,0.07,0.07,0.0,0.07,Burnley,DF,
Ashley Barnes,at AUT,29.0,19,17,"1,352",6.0,0.0,1.0,1.0,4.0,0.0,0.4,0.0,0.4,0.33,0.33,5.6,4.8,0.5,0.37,0.03,0.41,0.32,0.36,Burnley,FW,
Josh Brownhill,eng ENG,23.0,10,9,805,0.0,0.0,0.0,0.0,2.0,0.0,0.0,0.0,0.0,0.0,0.0,0.4,0.4,0.1,0.04,0.02,0.06,0.04,0.06,Burnley,MF,
Matěj Vydra,cz CZE,27.0,19,7,819,2.0,1.0,0.0,0.0,0.0,0.0,0.22,0.11,0.33,0.22,0.33,3.7,3.7,1.0,0.4,0.11,0.51,0.4,0.51,Burnley,FW,
Jóhann Berg Guðmundsson,is ISL,28.0,12,6,621,1.0,1.0,0.0,0.0,0.0,0.0,0.14,0.14,0.29,0.14,0.29,1.1,1.1,0.8,0.16,0.12,0.28,0.16,0.28,Burnley,MF,
Kevin Long,ie IRL,28.0,8,6,564,0.0,0.0,0.0,0.0,0.0,0.0,0.0,0.0,0.0,0.0,0.0,0.2,0.2,0.0,0.03,0.0,0.03,0.03,0.03,Burnley,DF,
Robbie Brady,ie IRL,27.0,17,5,454,1.0,2.0,0.0,0.0,1.0,0.0,0.2,0.4,0.59,0.2,0.59,1.1,1.1,0.3,0.21,0.06,0.27,0.21,0.27,Burnley,MF,
Aaron Lennon,eng ENG,32.0,16,4,496,0.0,0.0,0.0,0.0,4.0,0.0,0.0,0.0,0.0,0.0,0.0,0.0,0.0,0.1,0.0,0.02,0.02,0.0,0.02,Burnley,MF,
Danny Drinkwater,eng ENG,29.0,1,1,58,0.0,0.0,0.0,0.0,0.0,0.0,0.0,0.0,0.0,0.0,0.0,0.0,0.0,0.0,0.0,0.0,0.0,0.0,0.0,Burnley,MF,
Max Thompson,eng ENG,17.0,1,0,3,0.0,0.0,0.0,0.0,0.0,0.0,0.0,0.0,0.0,0.0,0.0,0.0,0.0,0.0,0.0,0.0,0.0,0.0,0.0,Burnley,FW,
Josh Benson,eng ENG,19.0,0,0,0,0.0,0.0,0.0,0.0,0.0,0.0,0.0,0.0,0.0,0.0,0.0,0.0,0.0,0.0,0.0,0.0,0.0,0.0,0.0,Burnley,MF,
Anthony Driscoll-Glennon,eng ENG,19.0,0,0,0,0.0,0.0,0.0,0.0,0.0,0.0,0.0,0.0,0.0,0.0,0.0,0.0,0.0,0.0,0.0,0.0,0.0,0.0,0.0,Burnley,DF,
Jimmy Dunne,ie IRL,21.0,0,0,0,0.0,0.0,0.0,0.0,0.0,0.0,0.0,0.0,0.0,0.0,0.0,0.0,0.0,0.0,0.0,0.0,0.0,0.0,0.0,Burnley,DF,
Ben Gibson,eng ENG,26.0,0,0,0,0.0,0.0,0.0,0.0,0.0,0.0,0.0,0.0,0.0,0.0,0.0,0.0,0.0,0.0,0.0,0.0,0.0,0.0,0.0,Burnley,DF,
Mace Goodridge,eng ENG,19.0,0,0,0,0.0,0.0,0.0,0.0,0.0,0.0,0.0,0.0,0.0,0.0,0.0,0.0,0.0,0.0,0.0,0.0,0.0,0.0,0.0,Burnley,MF,
Joe Hart,eng ENG,32.0,0,0,0,0.0,0.0,0.0,0.0,0.0,0.0,0.0,0.0,0.0,0.0,0.0,0.0,0.0,0.0,0.0,0.0,0.0,0.0,0.0,Burnley,GK,
Lukas Jensen,dk DEN,,0,0,0,0.0,0.0,0.0,0.0,0.0,0.0,0.0,0.0,0.0,0.0,0.0,0.0,0.0,0.0,0.0,0.0,0.0,0.0,0.0,Burnley,GK,
Ali Koiki,eng ENG,18.0,0,0,0,0.0,0.0,0.0,0.0,0.0,0.0,0.0,0.0,0.0,0.0,0.0,0.0,0.0,0.0,0.0,0.0,0.0,0.0,0.0,Burnley,DF,
Joel Mumbongo,se SWE,20.0,0,0,0,0.0,0.0,0.0,0.0,0.0,0.0,0.0,0.0,0.0,0.0,0.0,0.0,0.0,0.0,0.0,0.0,0.0,0.0,0.0,Burnley,FW,
Bailey Peacock-Farrell,nir NIR,22.0,0,0,0,0.0,0.0,0.0,0.0,0.0,0.0,0.0,0.0,0.0,0.0,0.0,0.0,0.0,0.0,0.0,0.0,0.0,0.0,0.0,Burnley,GK,
Bobby Thomas,,,0,0,0,0.0,0.0,0.0,0.0,0.0,0.0,0.0,0.0,0.0,0.0,0.0,0.0,0.0,0.0,0.0,0.0,0.0,0.0,0.0,Burnley,DF,
César Azpilicueta,es ESP,29.0,36,36,"3,229",2.0,6.0,0.0,0.0,1.0,0.0,0.06,0.17,0.22,0.06,0.22,2.7,2.7,5.7,0.07,0.16,0.23,0.07,0.23,Chelsea,DF,
Kepa Arrizabalaga,es ESP,24.0,33,33,"2,970",0.0,0.0,0.0,0.0,0.0,0.0,0.0,0.0,0.0,0.0,0.0,0.0,0.0,0.0,0.0,0.0,0.0,0.0,0.0,Chelsea,GK,
Mason Mount,eng ENG,20.0,37,32,"2,867",7.0,5.0,0.0,0.0,3.0,0.0,0.22,0.16,0.38,0.22,0.38,7.0,7.0,4.6,0.22,0.15,0.37,0.22,0.37,Chelsea,MF,FW
Willian,br BRA,30.0,36,29,"2,600",9.0,7.0,4.0,4.0,4.0,0.0,0.31,0.24,0.55,0.17,0.42,7.2,4.1,6.9,0.25,0.24,0.49,0.14,0.38,Chelsea,FW,
Jorginho,it ITA,27.0,31,27,"2,379",4.0,2.0,3.0,3.0,10.0,0.0,0.15,0.08,0.23,0.04,0.11,3.4,1.1,2.4,0.13,0.09,0.22,0.04,0.13,Chelsea,MF,
Kurt Zouma,fr FRA,24.0,28,25,"2,344",0.0,0.0,0.0,0.0,6.0,0.0,0.0,0.0,0.0,0.0,0.0,0.7,0.7,0.2,0.03,0.01,0.04,0.03,0.04,Chelsea,DF,
Tammy Abraham,eng ENG,21.0,34,25,"2,215",15.0,3.0,0.0,0.0,2.0,0.0,0.61,0.12,0.73,0.61,0.73,14.6,14.6,2.6,0.59,0.1,0.7,0.59,0.7,Chelsea,FW,
Mateo Kovačić,hr CRO,25.0,31,23,"2,073",1.0,3.0,0.0,0.0,8.0,0.0,0.04,0.13,0.17,0.04,0.17,1.4,1.4,1.9,0.06,0.08,0.14,0.06,0.14,Chelsea,MF,
Andreas Christensen,dk DEN,23.0,21,21,"1,751",0.0,0.0,0.0,0.0,5.0,0.0,0.0,0.0,0.0,0.0,0.0,0.7,0.7,1.1,0.04,0.06,0.09,0.04,0.09,Chelsea,DF,
N'Golo Kanté,fr FRA,28.0,22,20,"1,732",3.0,0.0,0.0,0.0,4.0,0.0,0.16,0.0,0.16,0.16,0.16,1.5,1.5,2.0,0.08,0.11,0.19,0.08,0.19,Chelsea,MF,
Christian Pulisic,us USA,20.0,25,19,"1,722",9.0,4.0,0.0,0.0,0.0,0.0,0.47,0.21,0.68,0.47,0.68,7.9,7.9,3.4,0.41,0.18,0.59,0.41,0.59,Chelsea,FW,
Antonio Rüdiger,de GER,26.0,20,19,"1,710",2.0,0.0,0.0,0.0,3.0,0.0,0.11,0.0,0.11,0.11,0.11,0.5,0.5,0.4,0.03,0.02,0.05,0.03,0.05,Chelsea,DF,
Reece James,eng ENG,19.0,24,16,"1,515",0.0,2.0,0.0,0.0,1.0,0.0,0.0,0.12,0.12,0.0,0.12,0.8,0.8,3.4,0.05,0.2,0.24,0.05,0.24,Chelsea,DF,
Marcos Alonso,es ESP,28.0,18,15,"1,430",4.0,2.0,0.0,0.0,4.0,0.0,0.25,0.13,0.38,0.25,0.38,2.0,2.0,2.0,0.13,0.13,0.26,0.13,0.26,Chelsea,DF,
Fikayo Tomori,eng ENG,21.0,15,15,"1,291",1.0,0.0,0.0,0.0,3.0,0.0,0.07,0.0,0.07,0.07,0.07,0.6,0.6,0.2,0.04,0.01,0.06,0.04,0.06,Chelsea,DF,
Ross Barkley,eng ENG,25.0,21,13,"1,103",1.0,4.0,0.0,0.0,0.0,0.0,0.08,0.33,0.41,0.08,0.41,2.1,2.1,2.7,0.17,0.22,0.4,0.17,0.4,Chelsea,MF,
Emerson Palmieri,it ITA,24.0,15,13,"1,024",0.0,0.0,0.0,0.0,3.0,0.0,0.0,0.0,0.0,0.0,0.0,1.0,1.0,1.4,0.09,0.12,0.21,0.09,0.21,Chelsea,DF,
Olivier Giroud,fr FRA,32.0,18,12,993,8.0,0.0,0.0,0.0,1.0,0.0,0.73,0.0,0.73,0.73,0.73,6.7,6.7,1.3,0.61,0.12,0.73,0.61,0.73,Chelsea,FW,
Pedro,es ESP,32.0,11,8,661,1.0,1.0,0.0,0.0,1.0,0.0,0.14,0.14,0.27,0.14,0.27,2.9,2.9,0.8,0.39,0.11,0.5,0.39,0.5,Chelsea,FW,
Callum Hudson-Odoi,eng ENG,18.0,22,7,863,1.0,5.0,0.0,0.0,1.0,0.0,0.1,0.52,0.63,0.1,0.63,1.7,1.7,2.8,0.17,0.29,0.46,0.17,0.46,Chelsea,FW,
Willy Caballero,ar ARG,37.0,5,5,450,0.0,0.0,0.0,0.0,0.0,0.0,0.0,0.0,0.0,0.0,0.0,0.0,0.0,0.0,0.0,0.0,0.0,0.0,0.0,Chelsea,GK,
Ruben Loftus-Cheek,eng ENG,23.0,7,2,208,0.0,1.0,0.0,0.0,0.0,0.0,0.0,0.43,0.43,0.0,0.43,0.5,0.5,0.2,0.24,0.1,0.34,0.24,0.34,Chelsea,MF,FW
Billy Gilmour,sco SCO,18.0,6,2,194,0.0,0.0,0.0,0.0,0.0,0.0,0.0,0.0,0.0,0.0,0.0,0.0,0.0,0.1,0.01,0.06,0.08,0.01,0.08,Chelsea,MF,
Michy Batshuayi,be BEL,25.0,16,1,239,1.0,1.0,0.0,0.0,0.0,0.0,0.38,0.38,0.75,0.38,0.75,2.2,2.2,0.2,0.83,0.07,0.9,0.83,0.9,Chelsea,FW,
Tariq Lamptey,eng ENG,18.0,1,0,32,0.0,0.0,0.0,0.0,0.0,0.0,0.0,0.0,0.0,0.0,0.0,0.0,0.0,0.1,0.0,0.34,0.34,0.0,0.34,Chelsea,DF,
Faustino Anjorin,eng ENG,17.0,1,0,20,0.0,0.0,0.0,0.0,0.0,0.0,0.0,0.0,0.0,0.0,0.0,0.0,0.0,0.0,0.04,0.0,0.04,0.04,0.04,Chelsea,FW,
Armando Broja,al ALB,17.0,1,0,5,0.0,0.0,0.0,0.0,0.0,0.0,0.0,0.0,0.0,0.0,0.0,0.0,0.0,0.0,0.0,0.0,0.0,0.0,0.0,Chelsea,FW,
Lewis Bate,eng ENG,16.0,0,0,0,0.0,0.0,0.0,0.0,0.0,0.0,0.0,0.0,0.0,0.0,0.0,0.0,0.0,0.0,0.0,0.0,0.0,0.0,0.0,Chelsea,MF,
Marc Guéhi,eng ENG,19.0,0,0,0,0.0,0.0,0.0,0.0,0.0,0.0,0.0,0.0,0.0,0.0,0.0,0.0,0.0,0.0,0.0,0.0,0.0,0.0,0.0,Chelsea,DF,
Kenedy,br BRA,23.0,0,0,0,0.0,0.0,0.0,0.0,0.0,0.0,0.0,0.0,0.0,0.0,0.0,0.0,0.0,0.0,0.0,0.0,0.0,0.0,0.0,Chelsea,FW,MF
Wilfried Zaha,ci CIV,26.0,38,37,"3,280",4.0,3.0,0.0,0.0,5.0,0.0,0.11,0.08,0.19,0.11,0.19,5.3,5.3,3.3,0.15,0.09,0.24,0.15,0.24,Crystal Palace,MF,FW
Jordan Ayew,gh GHA,27.0,37,37,"3,148",9.0,2.0,0.0,0.0,6.0,0.0,0.26,0.06,0.31,0.26,0.31,6.3,6.3,1.9,0.18,0.05,0.24,0.18,0.24,Crystal Palace,FW,MF
James McArthur,sco SCO,31.0,37,37,"3,090",0.0,3.0,0.0,0.0,6.0,0.0,0.0,0.09,0.09,0.0,0.09,2.4,2.4,2.6,0.07,0.08,0.15,0.07,0.15,Crystal Palace,MF,
Vicente Guaita,es ESP,32.0,35,35,"3,150",0.0,0.0,0.0,0.0,1.0,0.0,0.0,0.0,0.0,0.0,0.0,0.0,0.0,0.0,0.0,0.0,0.0,0.0,0.0,Crystal Palace,GK,
Cheikhou Kouyaté,sn SEN,29.0,35,29,"2,528",1.0,1.0,0.0,0.0,4.0,0.0,0.04,0.04,0.07,0.04,0.07,1.8,1.8,0.8,0.07,0.03,0.09,0.07,0.09,Crystal Palace,MF,DF
Patrick van Aanholt,nl NED,28.0,29,29,"2,507",3.0,2.0,1.0,1.0,0.0,0.0,0.11,0.07,0.18,0.07,0.14,2.4,1.6,3.1,0.08,0.11,0.2,0.06,0.17,Crystal Palace,DF,
Luka Milivojević,rs SRB,28.0,31,28,"2,513",3.0,1.0,2.0,2.0,12.0,0.0,0.11,0.04,0.14,0.04,0.07,2.5,0.9,1.8,0.09,0.07,0.15,0.03,0.1,Crystal Palace,MF,
Joel Ward,eng ENG,29.0,29,27,"2,382",0.0,0.0,0.0,0.0,4.0,0.0,0.0,0.0,0.0,0.0,0.0,0.3,0.3,0.2,0.01,0.01,0.02,0.01,0.02,Crystal Palace,DF,
Gary Cahill,eng ENG,33.0,25,25,"2,167",0.0,1.0,0.0,0.0,1.0,0.0,0.0,0.04,0.04,0.0,0.04,1.2,1.2,0.2,0.05,0.01,0.06,0.05,0.06,Crystal Palace,DF,
James Tomkins,eng ENG,30.0,18,18,"1,582",1.0,1.0,0.0,0.0,5.0,0.0,0.06,0.06,0.11,0.06,0.11,1.3,1.3,0.1,0.07,0.01,0.08,0.07,0.08,Crystal Palace,DF,
Martin Kelly,eng ENG,29.0,19,17,"1,549",0.0,1.0,0.0,0.0,0.0,0.0,0.0,0.06,0.06,0.0,0.06,0.1,0.1,0.9,0.0,0.05,0.06,0.0,0.06,Crystal Palace,DF,
James McCarthy,ie IRL,28.0,33,16,"1,680",0.0,0.0,0.0,0.0,9.0,0.0,0.0,0.0,0.0,0.0,0.0,0.5,0.5,0.9,0.03,0.05,0.07,0.03,0.07,Crystal Palace,MF,
Andros Townsend,eng ENG,28.0,24,14,"1,294",1.0,1.0,0.0,0.0,0.0,0.0,0.07,0.07,0.14,0.07,0.14,0.4,0.4,2.0,0.03,0.14,0.16,0.03,0.16,Crystal Palace,MF,
Scott Dann,eng ENG,32.0,16,14,"1,266",0.0,1.0,0.0,0.0,0.0,0.0,0.0,0.07,0.07,0.0,0.07,0.4,0.4,0.5,0.03,0.03,0.06,0.03,0.06,Crystal Palace,DF,
Christian Benteke,be BEL,28.0,24,13,"1,261",2.0,1.0,0.0,0.0,4.0,1.0,0.14,0.07,0.21,0.14,0.21,4.9,4.9,2.1,0.35,0.15,0.5,0.35,0.5,Crystal Palace,FW,
Jeffrey Schlupp,gh GHA,26.0,17,11,"1,036",3.0,1.0,0.0,0.0,2.0,0.0,0.26,0.09,0.35,0.26,0.35,1.8,1.8,1.1,0.15,0.09,0.25,0.15,0.25,Crystal Palace,MF,DF
Mamadou Sakho,fr FRA,29.0,14,11,931,0.0,0.0,0.0,0.0,1.0,1.0,0.0,0.0,0.0,0.0,0.0,0.0,0.0,0.1,0.0,0.01,0.01,0.0,0.01,Crystal Palace,DF,
Jaïro Riedewald,nl NED,22.0,17,7,769,0.0,0.0,0.0,0.0,0.0,0.0,0.0,0.0,0.0,0.0,0.0,0.1,0.1,0.4,0.01,0.05,0.06,0.01,0.06,Crystal Palace,DF,MF
Max Meyer,de GER,23.0,17,6,655,0.0,0.0,0.0,0.0,1.0,0.0,0.0,0.0,0.0,0.0,0.0,0.7,0.7,0.7,0.09,0.1,0.19,0.09,0.19,Crystal Palace,MF,FW
Wayne Hennessey,wal WAL,32.0,3,3,270,0.0,0.0,0.0,0.0,0.0,0.0,0.0,0.0,0.0,0.0,0.0,0.0,0.0,0.0,0.0,0.0,0.0,0.0,0.0,Crystal Palace,GK,
Tyrick Mitchell,eng ENG,19.0,4,2,195,0.0,0.0,0.0,0.0,1.0,0.0,0.0,0.0,0.0,0.0,0.0,0.0,0.0,0.2,0.0,0.1,0.1,0.0,0.1,Crystal Palace,DF,
Cenk Tosun,tr TUR,28.0,5,2,177,1.0,0.0,0.0,0.0,0.0,0.0,0.51,0.0,0.51,0.51,0.51,0.6,0.6,0.0,0.32,0.0,0.32,0.32,0.32,Crystal Palace,FW,
Connor Wickham,eng ENG,26.0,6,0,96,1.0,1.0,0.0,0.0,0.0,0.0,0.94,0.94,1.87,0.94,1.87,1.3,1.3,0.5,1.26,0.47,1.73,1.26,1.73,Crystal Palace,FW,MF
Brandon Pierrick,eng ENG,17.0,2,0,15,0.0,0.0,0.0,0.0,0.0,0.0,0.0,0.0,0.0,0.0,0.0,0.0,0.0,0.0,0.0,0.0,0.0,0.0,0.0,Crystal Palace,MF,
Víctor Camarasa,es ESP,25.0,1,0,6,0.0,0.0,0.0,0.0,0.0,0.0,0.0,0.0,0.0,0.0,0.0,0.0,0.0,0.0,0.0,0.0,0.0,0.0,0.0,Crystal Palace,MF,
James Daly,eng ENG,19.0,0,0,0,0.0,0.0,0.0,0.0,0.0,0.0,0.0,0.0,0.0,0.0,0.0,0.0,0.0,0.0,0.0,0.0,0.0,0.0,0.0,Crystal Palace,FW,
John-Kymani Gordon,eng ENG,16.0,0,0,0,0.0,0.0,0.0,0.0,0.0,0.0,0.0,0.0,0.0,0.0,0.0,0.0,0.0,0.0,0.0,0.0,0.0,0.0,0.0,Crystal Palace,FW,
Stephen Henderson,ie IRL,31.0,0,0,0,0.0,0.0,0.0,0.0,0.0,0.0,0.0,0.0,0.0,0.0,0.0,0.0,0.0,0.0,0.0,0.0,0.0,0.0,0.0,Crystal Palace,GK,
Nya Kirby,eng ENG,19.0,0,0,0,0.0,0.0,0.0,0.0,0.0,0.0,0.0,0.0,0.0,0.0,0.0,0.0,0.0,0.0,0.0,0.0,0.0,0.0,0.0,Crystal Palace,MF,
Giovanni McGregor,eng ENG,20.0,0,0,0,0.0,0.0,0.0,0.0,0.0,0.0,0.0,0.0,0.0,0.0,0.0,0.0,0.0,0.0,0.0,0.0,0.0,0.0,0.0,Crystal Palace,MF,
Nikola Tavares,hr CRO,20.0,0,0,0,0.0,0.0,0.0,0.0,0.0,0.0,0.0,0.0,0.0,0.0,0.0,0.0,0.0,0.0,0.0,0.0,0.0,0.0,0.0,Crystal Palace,DF,
Sam Woods,eng ENG,20.0,0,0,0,0.0,0.0,0.0,0.0,0.0,0.0,0.0,0.0,0.0,0.0,0.0,0.0,0.0,0.0,0.0,0.0,0.0,0.0,0.0,Crystal Palace,DF,
Jordan Pickford,eng ENG,25.0,38,38,"3,420",0.0,0.0,0.0,0.0,2.0,0.0,0.0,0.0,0.0,0.0,0.0,0.0,0.0,0.1,0.0,0.0,0.0,0.0,0.0,Everton,GK,
Richarlison,br BRA,22.0,36,36,"3,070",13.0,3.0,0.0,0.0,8.0,0.0,0.38,0.09,0.47,0.38,0.47,9.0,9.0,4.9,0.26,0.14,0.41,0.26,0.41,Everton,FW,
Lucas Digne,fr FRA,26.0,35,35,"3,030",0.0,7.0,0.0,0.0,6.0,0.0,0.0,0.21,0.21,0.0,0.21,1.5,1.5,5.7,0.04,0.17,0.21,0.04,0.21,Everton,DF,
Dominic Calvert-Lewin,eng ENG,22.0,36,30,"2,626",13.0,1.0,0.0,0.0,9.0,0.0,0.45,0.03,0.48,0.45,0.48,13.9,13.9,1.0,0.48,0.03,0.51,0.48,0.51,Everton,FW,
Gylfi Sigurðsson,is ISL,29.0,35,28,"2,560",2.0,3.0,1.0,1.0,3.0,0.0,0.07,0.11,0.18,0.04,0.14,4.2,3.4,3.8,0.15,0.13,0.28,0.12,0.26,Everton,MF,
Michael Keane,eng ENG,26.0,31,28,"2,559",2.0,0.0,0.0,0.0,3.0,0.0,0.07,0.0,0.07,0.07,0.07,1.6,1.6,0.7,0.06,0.02,0.08,0.06,0.08,Everton,DF,
Yerry Mina,co COL,24.0,29,25,"2,284",2.0,1.0,0.0,0.0,3.0,0.0,0.08,0.04,0.12,0.08,0.12,2.2,2.2,0.2,0.08,0.01,0.09,0.08,0.09,Everton,DF,
Mason Holgate,eng ENG,22.0,27,24,"2,054",0.0,3.0,0.0,0.0,5.0,0.0,0.0,0.13,0.13,0.0,0.13,2.2,2.2,0.4,0.1,0.02,0.12,0.1,0.12,Everton,DF,
Tom Davies,eng ENG,21.0,30,23,"2,027",1.0,0.0,0.0,0.0,8.0,0.0,0.04,0.0,0.04,0.04,0.04,1.9,1.9,0.3,0.08,0.01,0.1,0.08,0.1,Everton,MF,
Séamus Coleman,ie IRL,30.0,27,21,"1,839",0.0,1.0,0.0,0.0,5.0,1.0,0.0,0.05,0.05,0.0,0.05,0.7,0.7,0.5,0.03,0.02,0.06,0.03,0.06,Everton,DF,
Alex Iwobi,ng NGA,23.0,25,19,"1,596",1.0,0.0,0.0,0.0,0.0,0.0,0.06,0.0,0.06,0.06,0.06,2.3,2.3,2.3,0.13,0.13,0.26,0.13,0.26,Everton,MF,FW
Djibril Sidibé,fr FRA,27.0,25,18,"1,824",0.0,4.0,0.0,0.0,3.0,0.0,0.0,0.2,0.2,0.0,0.2,0.4,0.4,2.1,0.02,0.1,0.12,0.02,0.12,Everton,DF,
André Gomes,pt POR,26.0,19,17,"1,458",0.0,1.0,0.0,0.0,6.0,0.0,0.0,0.06,0.06,0.0,0.06,0.2,0.2,0.8,0.02,0.05,0.06,0.02,0.06,Everton,MF,
Theo Walcott,eng ENG,30.0,25,17,"1,287",2.0,3.0,0.0,0.0,1.0,0.0,0.14,0.21,0.35,0.14,0.35,2.7,2.7,2.8,0.19,0.2,0.39,0.19,0.39,Everton,MF,FW
Bernard,br BRA,26.0,27,15,"1,280",3.0,2.0,0.0,0.0,2.0,0.0,0.21,0.14,0.35,0.21,0.35,1.1,1.1,2.0,0.08,0.14,0.22,0.08,0.22,Everton,MF,FW
Fabian Delph,eng ENG,29.0,16,13,"1,190",0.0,0.0,0.0,0.0,5.0,1.0,0.0,0.0,0.0,0.0,0.0,0.1,0.1,0.3,0.01,0.02,0.03,0.01,0.03,Everton,MF,
Morgan Schneiderlin,fr FRA,29.0,15,12,"1,001",0.0,0.0,0.0,0.0,6.0,1.0,0.0,0.0,0.0,0.0,0.0,0.3,0.3,0.2,0.03,0.02,0.04,0.03,0.04,Everton,MF,
Moise Kean,it ITA,19.0,29,6,852,2.0,2.0,0.0,0.0,1.0,0.0,0.21,0.21,0.42,0.21,0.42,4.2,4.2,1.0,0.45,0.11,0.56,0.45,0.56,Everton,FW,
Anthony Gordon,eng ENG,18.0,11,4,440,0.0,1.0,0.0,0.0,0.0,0.0,0.0,0.2,0.2,0.0,0.2,0.3,0.3,0.4,0.05,0.07,0.12,0.05,0.12,Everton,MF,FW
Leighton Baines,eng ENG,34.0,8,4,404,0.0,0.0,0.0,0.0,0.0,0.0,0.0,0.0,0.0,0.0,0.0,0.0,0.0,0.8,0.01,0.18,0.19,0.01,0.19,Everton,DF,
Jarrad Branthwaite,eng ENG,17.0,4,2,300,0.0,0.0,0.0,0.0,0.0,0.0,0.0,0.0,0.0,0.0,0.0,0.0,0.0,0.0,0.0,0.0,0.0,0.0,0.0,Everton,DF,
Cenk Tosun,tr TUR,28.0,5,2,291,1.0,0.0,0.0,0.0,0.0,0.0,0.31,0.0,0.31,0.31,0.31,0.7,0.7,0.1,0.21,0.04,0.25,0.21,0.25,Everton,FW,
Jean-Philippe Gbamin,ci CIV,23.0,2,1,136,0.0,0.0,0.0,0.0,0.0,0.0,0.0,0.0,0.0,0.0,0.0,0.0,0.0,0.0,0.0,0.0,0.0,0.0,0.0,Everton,MF,
Oumar Niasse,sn SEN,29.0,3,0,22,0.0,0.0,0.0,0.0,0.0,0.0,0.0,0.0,0.0,0.0,0.0,0.0,0.0,0.0,0.0,0.0,0.0,0.0,0.0,Everton,FW,
Beni Baningime,cd COD,20.0,0,0,0,0.0,0.0,0.0,0.0,0.0,0.0,0.0,0.0,0.0,0.0,0.0,0.0,0.0,0.0,0.0,0.0,0.0,0.0,0.0,Everton,MF,
Lewis Gibson,eng ENG,19.0,0,0,0,0.0,0.0,0.0,0.0,0.0,0.0,0.0,0.0,0.0,0.0,0.0,0.0,0.0,0.0,0.0,0.0,0.0,0.0,0.0,Everton,DF,
Jonas Lössl,dk DEN,30.0,0,0,0,0.0,0.0,0.0,0.0,0.0,0.0,0.0,0.0,0.0,0.0,0.0,0.0,0.0,0.0,0.0,0.0,0.0,0.0,0.0,Everton,GK,
Cuco Martina,cw CUW,29.0,0,0,0,0.0,0.0,0.0,0.0,0.0,0.0,0.0,0.0,0.0,0.0,0.0,0.0,0.0,0.0,0.0,0.0,0.0,0.0,0.0,Everton,DF,MF
Ellis Simms,eng ENG,18.0,0,0,0,0.0,0.0,0.0,0.0,0.0,0.0,0.0,0.0,0.0,0.0,0.0,0.0,0.0,0.0,0.0,0.0,0.0,0.0,0.0,Everton,FW,
Maarten Stekelenburg,nl NED,36.0,0,0,0,0.0,0.0,0.0,0.0,0.0,0.0,0.0,0.0,0.0,0.0,0.0,0.0,0.0,0.0,0.0,0.0,0.0,0.0,0.0,Everton,GK,
João Virgínia,pt POR,19.0,0,0,0,0.0,0.0,0.0,0.0,0.0,0.0,0.0,0.0,0.0,0.0,0.0,0.0,0.0,0.0,0.0,0.0,0.0,0.0,0.0,Everton,GK,
Kasper Schmeichel,dk DEN,32.0,38,38,"3,420",0.0,0.0,0.0,0.0,2.0,0.0,0.0,0.0,0.0,0.0,0.0,0.0,0.0,0.4,0.0,0.01,0.01,0.0,0.01,Leicester City,GK,
Jonny Evans,nir NIR,31.0,38,38,"3,383",1.0,1.0,0.0,0.0,8.0,1.0,0.03,0.03,0.05,0.03,0.05,2.6,2.6,0.6,0.07,0.01,0.08,0.07,0.08,Leicester City,DF,
Çağlar Söyüncü,tr TUR,23.0,34,34,"3,036",1.0,1.0,0.0,0.0,4.0,1.0,0.03,0.03,0.06,0.03,0.06,2.2,2.2,0.3,0.06,0.01,0.07,0.06,0.07,Leicester City,DF,
Jamie Vardy,eng ENG,32.0,35,34,"3,033",23.0,5.0,4.0,5.0,2.0,0.0,0.68,0.15,0.83,0.56,0.71,19.8,16.0,5.4,0.59,0.16,0.75,0.47,0.63,Leicester City,FW,
Youri Tielemans,be BEL,22.0,37,32,"2,828",3.0,6.0,0.0,0.0,2.0,0.0,0.1,0.19,0.29,0.1,0.29,3.2,3.2,5.6,0.1,0.18,0.28,0.1,0.28,Leicester City,MF,
Wilfred Ndidi,ng NGA,22.0,32,29,"2,674",2.0,1.0,0.0,0.0,6.0,0.0,0.07,0.03,0.1,0.07,0.1,1.8,1.8,0.4,0.06,0.01,0.07,0.06,0.07,Leicester City,MF,
James Maddison,eng ENG,22.0,31,29,"2,624",6.0,3.0,0.0,0.0,4.0,0.0,0.21,0.1,0.31,0.21,0.31,4.9,4.9,7.1,0.17,0.24,0.41,0.17,0.41,Leicester City,MF,
Ricardo Pereira,pt POR,25.0,28,28,"2,520",3.0,2.0,0.0,0.0,1.0,0.0,0.11,0.07,0.18,0.11,0.18,1.2,1.1,3.6,0.04,0.13,0.17,0.04,0.17,Leicester City,DF,
Ben Chilwell,eng ENG,22.0,27,27,"2,373",3.0,3.0,0.0,0.0,3.0,0.0,0.11,0.11,0.23,0.11,0.23,0.9,0.9,3.5,0.04,0.13,0.17,0.04,0.17,Leicester City,DF,
Ayoze Pérez,es ESP,26.0,33,26,"2,004",8.0,4.0,1.0,1.0,0.0,0.0,0.36,0.18,0.54,0.31,0.49,5.7,4.9,3.8,0.25,0.17,0.42,0.22,0.39,Leicester City,MF,FW
Harvey Barnes,eng ENG,21.0,36,24,"2,083",6.0,8.0,0.0,0.0,0.0,0.0,0.26,0.35,0.6,0.26,0.6,8.6,8.6,3.5,0.37,0.15,0.52,0.37,0.52,Leicester City,MF,FW
Dennis Praet,be BEL,25.0,27,12,"1,134",1.0,2.0,0.0,0.0,2.0,0.0,0.08,0.16,0.24,0.08,0.24,1.3,1.3,0.8,0.11,0.06,0.17,0.11,0.17,Leicester City,MF,
Kelechi Iheanacho,ng NGA,22.0,20,12,960,5.0,3.0,0.0,0.0,1.0,0.0,0.47,0.28,0.75,0.47,0.75,4.8,4.8,2.5,0.45,0.23,0.68,0.45,0.68,Leicester City,FW,
James Justin,eng ENG,21.0,13,11,"1,012",0.0,1.0,0.0,0.0,1.0,0.0,0.0,0.09,0.09,0.0,0.09,0.3,0.3,1.2,0.03,0.1,0.13,0.03,0.13,Leicester City,DF,
Hamza Choudhury,eng ENG,21.0,20,10,893,1.0,1.0,0.0,0.0,4.0,1.0,0.1,0.1,0.2,0.1,0.2,0.5,0.5,0.1,0.05,0.01,0.05,0.05,0.05,Leicester City,MF,
Marc Albrighton,eng ENG,29.0,20,9,867,0.0,3.0,0.0,0.0,2.0,0.0,0.0,0.31,0.31,0.0,0.31,0.6,0.6,1.9,0.06,0.19,0.26,0.06,0.26,Leicester City,MF,DF
Christian Fuchs,at AUT,33.0,11,8,772,0.0,0.0,0.0,0.0,0.0,0.0,0.0,0.0,0.0,0.0,0.0,0.2,0.2,0.1,0.02,0.01,0.03,0.02,0.03,Leicester City,DF,
Wes Morgan,jm JAM,35.0,11,4,436,0.0,0.0,0.0,0.0,0.0,0.0,0.0,0.0,0.0,0.0,0.0,0.1,0.1,0.0,0.03,0.0,0.03,0.03,0.03,Leicester City,DF,
Nampalys Mendy,fr FRA,27.0,7,4,291,0.0,0.0,0.0,0.0,0.0,0.0,0.0,0.0,0.0,0.0,0.0,0.0,0.0,0.1,0.0,0.03,0.03,0.0,0.03,Leicester City,MF,
Demarai Gray,eng ENG,23.0,21,3,622,2.0,3.0,0.0,1.0,1.0,0.0,0.29,0.43,0.72,0.29,0.72,2.5,1.8,1.6,0.36,0.23,0.59,0.25,0.48,Leicester City,MF,FW
Ryan Bennett,eng ENG,29.0,5,3,331,0.0,0.0,0.0,0.0,0.0,0.0,0.0,0.0,0.0,0.0,0.0,0.0,0.0,0.0,0.0,0.0,0.0,0.0,0.0,Leicester City,DF,
Luke Thomas,eng ENG,,3,3,267,0.0,1.0,0.0,0.0,0.0,0.0,0.0,0.34,0.34,0.0,0.34,0.0,0.0,0.9,0.0,0.29,0.29,0.0,0.29,Leicester City,DF,
George Hirst,eng ENG,20.0,2,0,11,0.0,0.0,0.0,0.0,0.0,0.0,0.0,0.0,0.0,0.0,0.0,0.1,0.1,0.0,0.96,0.0,0.96,0.96,0.96,Leicester City,FW,
Matty James,eng ENG,28.0,1,0,6,0.0,0.0,0.0,0.0,0.0,0.0,0.0,0.0,0.0,0.0,0.0,0.0,0.0,0.0,0.0,0.0,0.0,0.0,0.0,Leicester City,MF,
Filip Benković,hr CRO,22.0,0,0,0,0.0,0.0,0.0,0.0,0.0,0.0,0.0,0.0,0.0,0.0,0.0,0.0,0.0,0.0,0.0,0.0,0.0,0.0,0.0,Leicester City,DF,
Darnell Johnson,eng ENG,20.0,0,0,0,0.0,0.0,0.0,0.0,0.0,0.0,0.0,0.0,0.0,0.0,0.0,0.0,0.0,0.0,0.0,0.0,0.0,0.0,0.0,Leicester City,DF,
Danny Ward,wal WAL,26.0,0,0,0,0.0,0.0,0.0,0.0,0.0,0.0,0.0,0.0,0.0,0.0,0.0,0.0,0.0,0.0,0.0,0.0,0.0,0.0,0.0,Leicester City,GK,
Virgil van Dijk,nl NED,28.0,38,38,"3,420",5.0,1.0,0.0,0.0,1.0,0.0,0.13,0.03,0.16,0.13,0.16,2.8,2.8,1.3,0.07,0.03,0.11,0.07,0.11,Liverpool,DF,
Trent Alexander-Arnold,eng ENG,20.0,38,35,"3,175",4.0,13.0,0.0,0.0,5.0,0.0,0.11,0.37,0.48,0.11,0.48,2.9,2.9,9.7,0.08,0.27,0.36,0.08,0.36,Liverpool,DF,
Georginio Wijnaldum,nl NED,28.0,37,35,"2,935",4.0,0.0,0.0,0.0,0.0,0.0,0.12,0.0,0.12,0.12,0.12,3.0,3.0,1.3,0.09,0.04,0.13,0.09,0.13,Liverpool,MF,
Andrew Robertson,sco SCO,25.0,36,34,"3,111",2.0,12.0,0.0,0.0,2.0,0.0,0.06,0.35,0.41,0.06,0.41,1.6,1.6,7.3,0.05,0.21,0.26,0.05,0.26,Liverpool,DF,
Roberto Firmino,br BRA,27.0,38,34,"2,988",9.0,8.0,0.0,0.0,0.0,0.0,0.27,0.24,0.51,0.27,0.51,13.4,13.4,6.1,0.4,0.18,0.59,0.4,0.59,Liverpool,FW,
Mohamed Salah,eg EGY,27.0,34,33,"2,876",19.0,10.0,3.0,3.0,1.0,0.0,0.59,0.31,0.91,0.5,0.81,19.1,16.9,7.1,0.6,0.22,0.82,0.53,0.75,Liverpool,FW,
Sadio Mané,sn SEN,27.0,35,31,"2,747",18.0,7.0,0.0,0.0,3.0,0.0,0.59,0.23,0.82,0.59,0.82,13.5,13.5,7.0,0.44,0.23,0.67,0.44,0.67,Liverpool,FW,
Alisson,br BRA,26.0,29,29,"2,543",0.0,1.0,0.0,0.0,0.0,1.0,0.0,0.04,0.04,0.0,0.04,0.0,0.0,0.4,0.0,0.02,0.02,0.0,0.02,Liverpool,GK,
Jordan Henderson,eng ENG,29.0,30,26,"2,238",4.0,5.0,0.0,0.0,2.0,0.0,0.16,0.2,0.36,0.16,0.36,1.4,1.4,3.0,0.06,0.12,0.17,0.06,0.17,Liverpool,MF,
Fabinho,br BRA,25.0,28,22,"2,079",2.0,3.0,0.0,0.0,6.0,0.0,0.09,0.13,0.22,0.09,0.22,0.4,0.4,1.8,0.02,0.08,0.09,0.02,0.09,Liverpool,MF,
Joe Gomez,eng ENG,22.0,28,22,"2,004",0.0,0.0,0.0,0.0,7.0,0.0,0.0,0.0,0.0,0.0,0.0,0.0,0.0,0.2,0.0,0.01,0.01,0.0,0.01,Liverpool,DF,
Alex Oxlade-Chamberlain,eng ENG,25.0,30,17,"1,485",4.0,1.0,0.0,0.0,1.0,0.0,0.24,0.06,0.3,0.24,0.3,3.1,3.1,1.3,0.19,0.08,0.27,0.19,0.27,Liverpool,MF,FW
James Milner,eng ENG,33.0,22,9,937,2.0,2.0,2.0,2.0,4.0,0.0,0.19,0.19,0.38,0.0,0.19,2.1,0.6,0.7,0.2,0.07,0.27,0.05,0.12,Liverpool,MF,DF
Adrián,es ESP,32.0,11,9,875,0.0,0.0,0.0,0.0,1.0,0.0,0.0,0.0,0.0,0.0,0.0,0.0,0.0,0.0,0.0,0.0,0.0,0.0,0.0,Liverpool,GK,
Naby Keïta,gn GUI,24.0,18,9,815,2.0,3.0,0.0,0.0,1.0,0.0,0.22,0.33,0.55,0.22,0.55,1.6,1.6,2.2,0.17,0.25,0.42,0.17,0.42,Liverpool,MF,
Dejan Lovren,hr CRO,30.0,10,9,777,0.0,1.0,0.0,0.0,1.0,0.0,0.0,0.12,0.12,0.0,0.12,0.3,0.3,0.3,0.04,0.04,0.07,0.04,0.07,Liverpool,DF,
Joël Matip,cm CMR,27.0,9,8,703,1.0,0.0,0.0,0.0,0.0,0.0,0.13,0.0,0.13,0.13,0.13,0.3,0.3,0.0,0.04,0.0,0.04,0.04,0.04,Liverpool,DF,
Divock Origi,be BEL,24.0,28,7,717,4.0,1.0,0.0,0.0,1.0,0.0,0.5,0.13,0.63,0.5,0.63,2.0,2.0,0.2,0.25,0.03,0.28,0.25,0.28,Liverpool,FW,
Adam Lallana,eng ENG,31.0,15,3,382,1.0,1.0,0.0,0.0,1.0,0.0,0.24,0.24,0.47,0.24,0.47,1.0,1.0,0.8,0.25,0.18,0.42,0.25,0.42,Liverpool,MF,FW
Neco Williams,wal WAL,18.0,6,3,230,0.0,0.0,0.0,0.0,1.0,0.0,0.0,0.0,0.0,0.0,0.0,0.3,0.3,0.1,0.1,0.04,0.14,0.1,0.14,Liverpool,DF,
Takumi Minamino,jp JPN,24.0,10,2,249,0.0,0.0,0.0,0.0,0.0,0.0,0.0,0.0,0.0,0.0,0.0,1.4,1.4,0.0,0.52,0.01,0.53,0.52,0.53,Liverpool,FW,MF
Xherdan Shaqiri,ch SUI,27.0,7,2,185,1.0,0.0,0.0,0.0,0.0,0.0,0.49,0.0,0.49,0.49,0.49,0.5,0.5,0.2,0.23,0.11,0.34,0.23,0.34,Liverpool,FW,
Curtis Jones,eng ENG,18.0,6,1,126,1.0,0.0,0.0,0.0,0.0,0.0,0.71,0.0,0.71,0.71,0.71,0.9,0.9,0.0,0.63,0.0,0.63,0.63,0.63,Liverpool,MF,
Harvey Elliot,eng ENG,16.0,2,0,8,0.0,0.0,0.0,0.0,0.0,0.0,0.0,0.0,0.0,0.0,0.0,0.0,0.0,0.0,0.0,0.0,0.0,0.0,0.0,Liverpool,DF,
Rhian Brewster,eng ENG,19.0,0,0,0,0.0,0.0,0.0,0.0,0.0,0.0,0.0,0.0,0.0,0.0,0.0,0.0,0.0,0.0,0.0,0.0,0.0,0.0,0.0,Liverpool,FW,
Ki-Jana Hoever,nl NED,17.0,0,0,0,0.0,0.0,0.0,0.0,0.0,0.0,0.0,0.0,0.0,0.0,0.0,0.0,0.0,0.0,0.0,0.0,0.0,0.0,0.0,Liverpool,DF,
Caoimhin Kelleher,ie IRL,20.0,0,0,0,0.0,0.0,0.0,0.0,0.0,0.0,0.0,0.0,0.0,0.0,0.0,0.0,0.0,0.0,0.0,0.0,0.0,0.0,0.0,Liverpool,GK,
Andy Lonergan,ie IRL,35.0,0,0,0,0.0,0.0,0.0,0.0,0.0,0.0,0.0,0.0,0.0,0.0,0.0,0.0,0.0,0.0,0.0,0.0,0.0,0.0,0.0,Liverpool,GK,
Nathaniel Phillips,eng ENG,22.0,0,0,0,0.0,0.0,0.0,0.0,0.0,0.0,0.0,0.0,0.0,0.0,0.0,0.0,0.0,0.0,0.0,0.0,0.0,0.0,0.0,Liverpool,DF,
Ederson,br BRA,25.0,35,35,"3,071",0.0,0.0,0.0,0.0,3.0,1.0,0.0,0.0,0.0,0.0,0.0,0.0,0.0,0.1,0.0,0.0,0.0,0.0,0.0,Manchester City,GK,
Kevin De Bruyne,be BEL,28.0,35,32,"2,791",13.0,20.0,2.0,2.0,3.0,0.0,0.42,0.64,1.06,0.35,1.0,7.6,6.1,18.4,0.24,0.59,0.84,0.2,0.79,Manchester City,MF,
Raheem Sterling,eng ENG,24.0,33,30,"2,651",20.0,1.0,0.0,2.0,5.0,0.0,0.68,0.03,0.71,0.68,0.71,17.3,15.3,7.1,0.59,0.24,0.83,0.52,0.76,Manchester City,FW,
Rodri,es ESP,23.0,35,29,"2,486",3.0,2.0,0.0,0.0,8.0,0.0,0.11,0.07,0.18,0.11,0.18,1.0,1.0,1.6,0.04,0.06,0.09,0.04,0.09,Manchester City,MF,
Kyle Walker,eng ENG,29.0,29,28,"2,392",1.0,4.0,0.0,0.0,5.0,0.0,0.04,0.15,0.19,0.04,0.19,0.9,0.9,2.2,0.03,0.08,0.12,0.03,0.12,Manchester City,DF,
Fernandinho,br BRA,34.0,30,26,"2,397",0.0,1.0,0.0,0.0,9.0,2.0,0.0,0.04,0.04,0.0,0.04,1.1,1.1,0.6,0.04,0.02,0.06,0.04,0.06,Manchester City,DF,
Bernardo Silva,pt POR,24.0,34,23,"2,030",6.0,7.0,0.0,0.0,5.0,0.0,0.27,0.31,0.58,0.27,0.58,6.7,6.7,5.2,0.3,0.23,0.53,0.3,0.53,Manchester City,FW,MF
David Silva,es ESP,33.0,27,22,"1,826",6.0,10.0,0.0,0.0,0.0,0.0,0.3,0.49,0.79,0.3,0.79,6.4,6.4,5.2,0.31,0.26,0.57,0.31,0.57,Manchester City,MF,
Gabriel Jesus,br BRA,22.0,34,21,"2,030",14.0,7.0,0.0,1.0,3.0,0.0,0.62,0.31,0.93,0.62,0.93,18.6,17.8,3.7,0.82,0.17,0.99,0.79,0.96,Manchester City,FW,
İlkay Gündoğan,de GER,28.0,31,21,"2,020",2.0,1.0,1.0,2.0,7.0,0.0,0.09,0.04,0.13,0.04,0.09,4.5,3.0,2.8,0.2,0.12,0.32,0.13,0.26,Manchester City,MF,
Riyad Mahrez,dz ALG,28.0,33,21,"1,944",11.0,9.0,1.0,1.0,0.0,0.0,0.51,0.42,0.93,0.46,0.88,7.2,6.5,9.0,0.34,0.42,0.75,0.3,0.72,Manchester City,FW,
Nicolás Otamendi,ar ARG,31.0,24,18,"1,715",2.0,0.0,0.0,0.0,3.0,0.0,0.1,0.0,0.1,0.1,0.1,2.4,2.4,0.2,0.13,0.01,0.13,0.13,0.13,Manchester City,DF,
Benjamin Mendy,fr FRA,25.0,19,18,"1,492",0.0,2.0,0.0,0.0,3.0,0.0,0.0,0.12,0.12,0.0,0.12,0.3,0.3,1.4,0.02,0.08,0.1,0.02,0.1,Manchester City,DF,
Sergio Agüero,ar ARG,31.0,24,18,"1,452",16.0,3.0,2.0,3.0,1.0,0.0,0.99,0.19,1.18,0.87,1.05,13.8,11.5,2.4,0.85,0.15,1.0,0.71,0.86,Manchester City,FW,
Aymeric Laporte,fr FRA,25.0,15,14,"1,097",1.0,0.0,0.0,0.0,1.0,0.0,0.08,0.0,0.08,0.08,0.08,0.4,0.4,0.1,0.03,0.01,0.04,0.03,0.04,Manchester City,DF,
Oleksandr Zinchenko,ua UKR,22.0,19,13,"1,276",0.0,0.0,0.0,0.0,2.0,1.0,0.0,0.0,0.0,0.0,0.0,0.4,0.4,1.7,0.03,0.12,0.15,0.03,0.15,Manchester City,DF,
João Cancelo,pt POR,25.0,17,13,"1,208",0.0,0.0,0.0,0.0,4.0,0.0,0.0,0.0,0.0,0.0,0.0,0.5,0.5,1.7,0.04,0.13,0.17,0.04,0.17,Manchester City,DF,
John Stones,eng ENG,25.0,16,12,"1,122",0.0,0.0,0.0,0.0,0.0,0.0,0.0,0.0,0.0,0.0,0.0,0.6,0.6,0.1,0.05,0.01,0.05,0.05,0.05,Manchester City,DF,
Phil Foden,eng ENG,19.0,23,9,901,5.0,2.0,0.0,0.0,0.0,0.0,0.5,0.2,0.7,0.5,0.7,4.3,4.3,2.0,0.43,0.2,0.63,0.43,0.63,Manchester City,FW,MF
Eric García,es ESP,18.0,13,8,793,0.0,0.0,0.0,0.0,1.0,0.0,0.0,0.0,0.0,0.0,0.0,0.6,0.6,0.2,0.07,0.02,0.09,0.07,0.09,Manchester City,DF,
Angeliño,es ESP,22.0,6,4,423,0.0,0.0,0.0,0.0,1.0,0.0,0.0,0.0,0.0,0.0,0.0,0.2,0.2,1.2,0.05,0.26,0.31,0.05,0.31,Manchester City,DF,
Claudio Bravo,cl CHI,36.0,4,3,347,0.0,0.0,0.0,0.0,0.0,0.0,0.0,0.0,0.0,0.0,0.0,0.0,0.0,0.0,0.0,0.0,0.0,0.0,0.0,Manchester City,GK,
Thomas Doyle,eng ENG,17.0,1,0,16,0.0,0.0,0.0,0.0,0.0,0.0,0.0,0.0,0.0,0.0,0.0,0.1,0.1,0.0,0.46,0.0,0.46,0.46,0.46,Manchester City,MF,FW
Leroy Sané,de GER,23.0,1,0,12,0.0,0.0,0.0,0.0,0.0,0.0,0.0,0.0,0.0,0.0,0.0,0.1,0.1,0.0,0.83,0.0,0.83,0.83,0.83,Manchester City,FW,
Scott Carson,eng ENG,33.0,0,0,0,0.0,0.0,0.0,0.0,0.0,0.0,0.0,0.0,0.0,0.0,0.0,0.0,0.0,0.0,0.0,0.0,0.0,0.0,0.0,Manchester City,GK,
Taylor Harwood-Bellis,eng ENG,17.0,0,0,0,0.0,0.0,0.0,0.0,0.0,0.0,0.0,0.0,0.0,0.0,0.0,0.0,0.0,0.0,0.0,0.0,0.0,0.0,0.0,Manchester City,DF,
Cole Palmer,eng ENG,17.0,0,0,0,0.0,0.0,0.0,0.0,0.0,0.0,0.0,0.0,0.0,0.0,0.0,0.0,0.0,0.0,0.0,0.0,0.0,0.0,0.0,Manchester City,MF,
David de Gea,es ESP,28.0,38,38,"3,420",0.0,0.0,0.0,0.0,2.0,0.0,0.0,0.0,0.0,0.0,0.0,0.0,0.0,0.0,0.0,0.0,0.0,0.0,0.0,Manchester Utd,GK,
Harry Maguire,eng ENG,26.0,38,38,"3,420",1.0,1.0,0.0,0.0,6.0,0.0,0.03,0.03,0.05,0.03,0.05,2.0,2.0,0.5,0.05,0.01,0.07,0.05,0.07,Manchester Utd,DF,
Victor Lindelöf,se SWE,25.0,35,35,"3,092",1.0,0.0,0.0,0.0,6.0,0.0,0.03,0.0,0.03,0.03,0.03,0.4,0.4,0.3,0.01,0.01,0.02,0.01,0.02,Manchester Utd,DF,
Aaron Wan-Bissaka,eng ENG,21.0,35,34,"3,070",0.0,4.0,0.0,0.0,8.0,0.0,0.0,0.12,0.12,0.0,0.12,0.9,0.9,3.0,0.03,0.09,0.12,0.03,0.12,Manchester Utd,DF,
Marcus Rashford,eng ENG,21.0,31,31,"2,643",17.0,7.0,6.0,8.0,3.0,0.0,0.58,0.24,0.82,0.37,0.61,17.6,11.5,4.6,0.6,0.16,0.76,0.39,0.55,Manchester Utd,FW,
Anthony Martial,fr FRA,23.0,32,31,"2,624",17.0,6.0,0.0,1.0,1.0,0.0,0.58,0.21,0.79,0.58,0.79,11.0,10.2,4.2,0.38,0.14,0.52,0.35,0.49,Manchester Utd,FW,
Daniel James,wal WAL,21.0,33,26,"2,287",3.0,6.0,0.0,0.0,4.0,0.0,0.12,0.24,0.35,0.12,0.35,3.6,3.6,4.0,0.14,0.16,0.3,0.14,0.3,Manchester Utd,FW,
Fred,br BRA,26.0,29,23,"2,163",0.0,0.0,0.0,0.0,8.0,0.0,0.0,0.0,0.0,0.0,0.0,1.9,1.9,2.5,0.08,0.1,0.18,0.08,0.18,Manchester Utd,MF,
Scott McTominay,sco SCO,22.0,27,20,"1,772",4.0,1.0,0.0,0.0,2.0,0.0,0.2,0.05,0.25,0.2,0.25,1.5,1.5,0.7,0.07,0.03,0.11,0.07,0.11,Manchester Utd,MF,
Luke Shaw,eng ENG,24.0,24,20,"1,733",0.0,0.0,0.0,0.0,7.0,0.0,0.0,0.0,0.0,0.0,0.0,0.5,0.5,1.3,0.03,0.07,0.09,0.03,0.09,Manchester Utd,DF,
Nemanja Matić,rs SRB,30.0,21,18,"1,581",0.0,2.0,0.0,0.0,3.0,0.0,0.0,0.11,0.11,0.0,0.11,0.2,0.2,1.3,0.01,0.07,0.08,0.01,0.08,Manchester Utd,MF,
Andreas Pereira,br BRA,23.0,25,18,"1,484",1.0,3.0,0.0,0.0,3.0,0.0,0.06,0.18,0.24,0.06,0.24,2.4,2.4,4.0,0.15,0.24,0.39,0.15,0.39,Manchester Utd,MF,FW
Bruno Fernandes,pt POR,24.0,14,14,"1,186",8.0,7.0,4.0,4.0,2.0,0.0,0.61,0.53,1.14,0.3,0.83,5.9,2.8,2.6,0.45,0.19,0.64,0.22,0.41,Manchester Utd,MF,
Paul Pogba,fr FRA,26.0,16,13,"1,204",1.0,3.0,0.0,1.0,1.0,0.0,0.07,0.22,0.3,0.07,0.3,1.9,1.2,2.7,0.14,0.2,0.35,0.09,0.29,Manchester Utd,MF,
Mason Greenwood,eng ENG,17.0,31,12,"1,320",10.0,1.0,0.0,0.0,0.0,0.0,0.68,0.07,0.75,0.68,0.75,3.7,3.7,0.7,0.25,0.05,0.3,0.25,0.3,Manchester Utd,FW,
Brandon Williams,eng ENG,18.0,17,11,"1,006",1.0,0.0,0.0,0.0,6.0,0.0,0.09,0.0,0.09,0.09,0.09,0.7,0.7,0.6,0.06,0.05,0.11,0.06,0.11,Manchester Utd,DF,
Ashley Young,eng ENG,34.0,12,10,955,0.0,0.0,0.0,0.0,5.0,0.0,0.0,0.0,0.0,0.0,0.0,0.1,0.1,1.2,0.01,0.12,0.13,0.01,0.13,Manchester Utd,DF,
Jesse Lingard,eng ENG,26.0,22,9,935,1.0,0.0,0.0,0.0,3.0,0.0,0.1,0.0,0.1,0.1,0.1,2.7,2.7,0.9,0.26,0.09,0.35,0.26,0.35,Manchester Utd,MF,FW
Juan Mata,es ESP,31.0,19,8,758,0.0,2.0,0.0,0.0,1.0,0.0,0.0,0.24,0.24,0.0,0.24,1.2,1.2,1.9,0.14,0.23,0.37,0.14,0.37,Manchester Utd,MF,FW
Axel Tuanzebe,eng ENG,21.0,5,2,189,0.0,0.0,0.0,0.0,0.0,0.0,0.0,0.0,0.0,0.0,0.0,0.0,0.0,0.0,0.0,0.0,0.0,0.0,0.0,Manchester Utd,DF,
Timothy Fosu-Mensah,nl NED,21.0,3,2,136,0.0,0.0,0.0,0.0,1.0,0.0,0.0,0.0,0.0,0.0,0.0,0.1,0.1,0.1,0.04,0.08,0.13,0.04,0.13,Manchester Utd,DF,
Phil Jones,eng ENG,27.0,2,2,135,0.0,0.0,0.0,0.0,0.0,0.0,0.0,0.0,0.0,0.0,0.0,0.2,0.2,0.0,0.1,0.0,0.1,0.1,0.1,Manchester Utd,DF,
Eric Bailly,ci CIV,25.0,4,1,150,0.0,0.0,0.0,0.0,0.0,0.0,0.0,0.0,0.0,0.0,0.0,0.0,0.0,0.0,0.0,0.0,0.0,0.0,0.0,Manchester Utd,DF,
Marcos Rojo,ar ARG,29.0,3,1,122,0.0,0.0,0.0,0.0,1.0,0.0,0.0,0.0,0.0,0.0,0.0,0.1,0.1,0.0,0.08,0.0,0.08,0.08,0.08,Manchester Utd,DF,
Diogo Dalot,pt POR,20.0,4,1,67,0.0,0.0,0.0,0.0,0.0,0.0,0.0,0.0,0.0,0.0,0.0,0.2,0.2,0.0,0.22,0.0,0.22,0.22,0.22,Manchester Utd,DF,
Odion Ighalo,ng NGA,30.0,11,0,101,0.0,0.0,0.0,0.0,0.0,0.0,0.0,0.0,0.0,0.0,0.0,1.5,1.5,0.2,1.32,0.15,1.48,1.32,1.48,Manchester Utd,FW,
Tahith Chong,nl NED,19.0,3,0,37,0.0,0.0,0.0,0.0,0.0,0.0,0.0,0.0,0.0,0.0,0.0,0.1,0.1,0.0,0.13,0.0,0.13,0.13,0.13,Manchester Utd,FW,MF
Angel Gomes,eng ENG,18.0,2,0,21,0.0,0.0,0.0,0.0,0.0,0.0,0.0,0.0,0.0,0.0,0.0,0.0,0.0,0.1,0.0,0.54,0.54,0.0,0.54,Manchester Utd,MF,
James Garner,eng ENG,18.0,1,0,9,0.0,0.0,0.0,0.0,0.0,0.0,0.0,0.0,0.0,0.0,0.0,0.0,0.0,0.0,0.0,0.0,0.0,0.0,0.0,Manchester Utd,MF,
Lee Grant,eng ENG,36.0,0,0,0,0.0,0.0,0.0,0.0,0.0,0.0,0.0,0.0,0.0,0.0,0.0,0.0,0.0,0.0,0.0,0.0,0.0,0.0,0.0,Manchester Utd,GK,
Sergio Romero,ar ARG,32.0,0,0,0,0.0,0.0,0.0,0.0,0.0,0.0,0.0,0.0,0.0,0.0,0.0,0.0,0.0,0.0,0.0,0.0,0.0,0.0,0.0,Manchester Utd,GK,
Martin Dúbravka,sk SVK,30.0,38,38,"3,420",0.0,0.0,0.0,0.0,0.0,0.0,0.0,0.0,0.0,0.0,0.0,0.0,0.0,0.0,0.0,0.0,0.0,0.0,0.0,Newcastle Utd,GK,
Miguel Almirón,py PAR,25.0,36,35,"3,021",4.0,2.0,0.0,0.0,5.0,0.0,0.12,0.06,0.18,0.12,0.18,6.4,6.4,1.4,0.19,0.04,0.23,0.19,0.23,Newcastle Utd,MF,FW
Joelinton,br BRA,22.0,38,32,"2,683",2.0,2.0,0.0,0.0,7.0,0.0,0.07,0.07,0.13,0.07,0.13,4.8,4.8,2.4,0.16,0.08,0.24,0.16,0.24,Newcastle Utd,FW,
Federico Fernández,ar ARG,30.0,32,29,"2,620",2.0,2.0,0.0,0.0,8.0,0.0,0.07,0.07,0.14,0.07,0.14,1.7,1.7,0.2,0.06,0.01,0.07,0.06,0.07,Newcastle Utd,DF,
Isaac Hayden,eng ENG,24.0,29,26,"2,223",1.0,2.0,0.0,0.0,4.0,1.0,0.04,0.08,0.12,0.04,0.12,1.2,1.2,1.5,0.05,0.06,0.11,0.05,0.11,Newcastle Utd,MF,
Jonjo Shelvey,eng ENG,27.0,26,25,"2,119",6.0,2.0,0.0,0.0,3.0,0.0,0.25,0.08,0.34,0.25,0.34,2.4,2.4,3.7,0.1,0.16,0.26,0.1,0.26,Newcastle Utd,MF,
Jamaal Lascelles,eng ENG,25.0,24,24,"2,076",1.0,0.0,0.0,0.0,5.0,0.0,0.04,0.0,0.04,0.04,0.04,0.3,0.3,0.1,0.01,0.01,0.02,0.01,0.02,Newcastle Utd,DF,
Allan Saint-Maximin,fr FRA,22.0,26,23,"1,863",3.0,4.0,0.0,0.0,0.0,0.0,0.14,0.19,0.34,0.14,0.34,3.0,3.0,3.6,0.15,0.17,0.32,0.15,0.32,Newcastle Utd,MF,FW
Fabian Schär,ch SUI,27.0,22,18,"1,672",2.0,0.0,0.0,0.0,5.0,0.0,0.11,0.0,0.11,0.11,0.11,1.1,1.1,0.1,0.06,0.01,0.07,0.06,0.07,Newcastle Utd,DF,MF
Javier Manquillo,es ESP,25.0,21,18,"1,599",0.0,1.0,0.0,0.0,5.0,0.0,0.0,0.06,0.06,0.0,0.06,0.1,0.1,0.4,0.0,0.02,0.03,0.0,0.03,Newcastle Utd,DF,
Jetro Willems,nl NED,25.0,19,18,"1,493",2.0,2.0,0.0,0.0,0.0,0.0,0.12,0.12,0.24,0.12,0.24,0.6,0.6,1.2,0.03,0.07,0.11,0.03,0.11,Newcastle Utd,DF,
Sean Longstaff,eng ENG,21.0,23,14,"1,378",1.0,1.0,0.0,0.0,2.0,1.0,0.07,0.07,0.13,0.07,0.13,1.0,1.0,1.0,0.06,0.06,0.13,0.06,0.13,Newcastle Utd,MF,
Matt Ritchie,sco SCO,29.0,18,14,"1,315",2.0,1.0,0.0,1.0,4.0,0.0,0.14,0.07,0.21,0.14,0.21,1.5,0.7,2.2,0.1,0.15,0.25,0.05,0.2,Newcastle Utd,DF,MF
Paul Dummett,wal WAL,27.0,16,14,"1,228",0.0,0.0,0.0,0.0,2.0,0.0,0.0,0.0,0.0,0.0,0.0,0.1,0.1,0.1,0.0,0.01,0.01,0.0,0.01,Newcastle Utd,DF,
Ciaran Clark,ie IRL,29.0,14,14,"1,186",2.0,0.0,0.0,0.0,3.0,0.0,0.15,0.0,0.15,0.15,0.15,1.3,1.3,0.0,0.1,0.0,0.1,0.1,0.1,Newcastle Utd,DF,
Emil Krafth,se SWE,24.0,17,11,"1,020",0.0,1.0,0.0,0.0,0.0,0.0,0.0,0.09,0.09,0.0,0.09,0.3,0.3,0.4,0.03,0.04,0.06,0.03,0.06,Newcastle Utd,DF,
DeAndre Yedlin,us USA,26.0,16,10,938,1.0,0.0,0.0,0.0,3.0,0.0,0.1,0.0,0.1,0.1,0.1,0.6,0.6,0.3,0.06,0.03,0.09,0.06,0.09,Newcastle Utd,DF,
Danny Rose,eng ENG,29.0,11,10,863,0.0,0.0,0.0,0.0,2.0,0.0,0.0,0.0,0.0,0.0,0.0,0.0,0.0,0.2,0.0,0.02,0.02,0.0,0.02,Newcastle Utd,DF,
Dwight Gayle,eng ENG,28.0,20,10,850,4.0,2.0,0.0,0.0,2.0,0.0,0.42,0.21,0.64,0.42,0.64,4.5,4.5,0.8,0.48,0.08,0.56,0.48,0.56,Newcastle Utd,FW,
Nabil Bentaleb,dz ALG,24.0,12,8,751,0.0,0.0,0.0,0.0,2.0,0.0,0.0,0.0,0.0,0.0,0.0,0.1,0.1,0.2,0.01,0.03,0.04,0.01,0.04,Newcastle Utd,MF,
Christian Atsu,gh GHA,27.0,19,6,749,0.0,3.0,0.0,0.0,2.0,0.0,0.0,0.36,0.36,0.0,0.36,0.2,0.2,0.9,0.02,0.11,0.13,0.02,0.13,Newcastle Utd,FW,MF
Matthew Longstaff,eng ENG,19.0,9,6,575,2.0,0.0,0.0,0.0,1.0,0.0,0.31,0.0,0.31,0.31,0.31,0.4,0.4,0.2,0.07,0.03,0.1,0.07,0.1,Newcastle Utd,MF,
Andy Carroll,eng ENG,30.0,19,4,632,0.0,4.0,0.0,0.0,1.0,0.0,0.0,0.57,0.57,0.0,0.57,0.9,0.9,1.7,0.13,0.24,0.36,0.13,0.36,Newcastle Utd,FW,
Valentino Lazaro,at AUT,23.0,13,4,480,1.0,0.0,0.0,0.0,0.0,1.0,0.19,0.0,0.19,0.19,0.19,0.4,0.4,0.2,0.08,0.04,0.12,0.08,0.12,Newcastle Utd,DF,MF
Florian Lejeune,fr FRA,28.0,6,4,442,2.0,0.0,0.0,0.0,0.0,0.0,0.41,0.0,0.41,0.41,0.41,0.5,0.5,0.1,0.1,0.01,0.11,0.1,0.11,Newcastle Utd,DF,
Yoshinori Mutō,jp JPN,27.0,8,2,212,0.0,0.0,0.0,0.0,0.0,0.0,0.0,0.0,0.0,0.0,0.0,0.1,0.1,0.1,0.03,0.03,0.05,0.03,0.05,Newcastle Utd,FW,MF
Ki Sung-yueng,kr KOR,30.0,3,1,137,0.0,0.0,0.0,0.0,0.0,0.0,0.0,0.0,0.0,0.0,0.0,0.0,0.0,0.1,0.0,0.05,0.05,0.0,0.05,Newcastle Utd,MF,
Kelland Watts,eng ENG,19.0,1,0,17,0.0,0.0,0.0,0.0,0.0,0.0,0.0,0.0,0.0,0.0,0.0,0.0,0.0,0.0,0.0,0.0,0.0,0.0,0.0,Newcastle Utd,DF,
Thomas Allan,eng ENG,19.0,0,0,0,0.0,0.0,0.0,0.0,0.0,0.0,0.0,0.0,0.0,0.0,0.0,0.0,0.0,0.0,0.0,0.0,0.0,0.0,0.0,Newcastle Utd,MF,
Karl Darlow,eng ENG,28.0,0,0,0,0.0,0.0,0.0,0.0,0.0,0.0,0.0,0.0,0.0,0.0,0.0,0.0,0.0,0.0,0.0,0.0,0.0,0.0,0.0,Newcastle Utd,GK,
Rob Elliot,ie IRL,33.0,0,0,0,0.0,0.0,0.0,0.0,0.0,0.0,0.0,0.0,0.0,0.0,0.0,0.0,0.0,0.0,0.0,0.0,0.0,0.0,0.0,Newcastle Utd,GK,
Liam Gibson,eng ENG,22.0,0,0,0,0.0,0.0,0.0,0.0,0.0,0.0,0.0,0.0,0.0,0.0,0.0,0.0,0.0,0.0,0.0,0.0,0.0,0.0,0.0,Newcastle Utd,DF,
Jack Young,eng ENG,18.0,0,0,0,0.0,0.0,0.0,0.0,0.0,0.0,0.0,0.0,0.0,0.0,0.0,0.0,0.0,0.0,0.0,0.0,0.0,0.0,0.0,Newcastle Utd,MF,
Max Aarons,eng ENG,19.0,36,36,"3,240",0.0,1.0,0.0,0.0,7.0,0.0,0.0,0.03,0.03,0.0,0.03,0.5,0.5,3.4,0.01,0.09,0.11,0.01,0.11,Norwich City,DF,
Tim Krul,nl NED,31.0,36,36,"3,240",0.0,0.0,0.0,0.0,4.0,0.0,0.0,0.0,0.0,0.0,0.0,0.0,0.0,0.0,0.0,0.0,0.0,0.0,0.0,Norwich City,GK,
Teemu Pukki,fi FIN,29.0,36,33,"2,886",11.0,3.0,2.0,2.0,3.0,0.0,0.34,0.09,0.44,0.28,0.37,12.4,10.8,3.1,0.39,0.1,0.48,0.34,0.43,Norwich City,FW,
Kenny McLean,sco SCO,27.0,37,32,"2,968",1.0,1.0,0.0,0.0,5.0,0.0,0.03,0.03,0.06,0.03,0.06,1.4,1.4,2.1,0.04,0.07,0.11,0.04,0.11,Norwich City,MF,
Ben Godfrey,eng ENG,21.0,30,30,"2,644",0.0,0.0,0.0,0.0,3.0,1.0,0.0,0.0,0.0,0.0,0.0,0.8,0.8,0.1,0.03,0.0,0.03,0.03,0.03,Norwich City,DF,
Todd Cantwell,eng ENG,21.0,37,30,"2,489",6.0,2.0,0.0,0.0,6.0,0.0,0.22,0.07,0.29,0.22,0.29,5.9,5.9,2.7,0.21,0.1,0.31,0.21,0.31,Norwich City,FW,MF
Emi Buendía,ar ARG,22.0,36,28,"2,464",1.0,7.0,0.0,0.0,6.0,1.0,0.04,0.26,0.29,0.04,0.29,2.3,2.3,7.2,0.08,0.26,0.35,0.08,0.35,Norwich City,FW,MF
Alexander Tettey,no NOR,33.0,30,28,"2,338",1.0,1.0,0.0,0.0,5.0,0.0,0.04,0.04,0.08,0.04,0.08,0.8,0.8,0.8,0.03,0.03,0.06,0.03,0.06,Norwich City,MF,DF
Jamal Lewis,nir NIR,21.0,28,25,"2,304",1.0,0.0,0.0,0.0,4.0,0.0,0.04,0.0,0.04,0.04,0.04,0.3,0.3,1.0,0.01,0.04,0.05,0.01,0.05,Norwich City,DF,
Christoph Zimmermann,de GER,26.0,17,16,"1,430",0.0,1.0,0.0,0.0,3.0,0.0,0.0,0.06,0.06,0.0,0.06,0.3,0.3,0.1,0.02,0.01,0.03,0.02,0.03,Norwich City,DF,
Sam Byram,eng ENG,25.0,17,15,"1,293",0.0,0.0,0.0,0.0,4.0,0.0,0.0,0.0,0.0,0.0,0.0,1.1,1.1,0.5,0.08,0.04,0.12,0.08,0.12,Norwich City,DF,
Onel Hernández,cu CUB,26.0,26,14,"1,384",1.0,2.0,0.0,0.0,0.0,0.0,0.07,0.13,0.2,0.07,0.2,2.6,2.6,0.9,0.17,0.06,0.23,0.17,0.23,Norwich City,FW,MF
Grant Hanley,sco SCO,27.0,15,14,"1,262",0.0,0.0,0.0,0.0,4.0,0.0,0.0,0.0,0.0,0.0,0.0,0.5,0.5,0.0,0.03,0.0,0.03,0.03,0.03,Norwich City,DF,
Marco Stiepermann,de GER,28.0,24,14,"1,180",0.0,0.0,0.0,0.0,6.0,0.0,0.0,0.0,0.0,0.0,0.0,1.6,1.6,0.5,0.12,0.04,0.16,0.12,0.16,Norwich City,MF,
Tom Trybull,de GER,26.0,16,14,"1,130",0.0,0.0,0.0,0.0,2.0,0.0,0.0,0.0,0.0,0.0,0.0,0.4,0.4,0.1,0.03,0.0,0.04,0.03,0.04,Norwich City,MF,
Ondrej Duda,sk SVK,24.0,10,9,724,0.0,0.0,0.0,0.0,0.0,0.0,0.0,0.0,0.0,0.0,0.0,0.8,0.8,1.0,0.1,0.13,0.23,0.1,0.23,Norwich City,MF,
Ibrahim Amadou,fr FRA,26.0,11,8,759,0.0,0.0,0.0,0.0,1.0,0.0,0.0,0.0,0.0,0.0,0.0,1.0,1.0,0.0,0.12,0.0,0.12,0.12,0.12,Norwich City,DF,MF
Lukas Rupp,de GER,28.0,12,8,695,0.0,0.0,0.0,0.0,1.0,0.0,0.0,0.0,0.0,0.0,0.0,0.3,0.3,0.9,0.04,0.12,0.16,0.04,0.16,Norwich City,FW,MF
Moritz Leitner,de GER,26.0,9,7,685,0.0,0.0,0.0,0.0,1.0,0.0,0.0,0.0,0.0,0.0,0.0,0.2,0.2,0.3,0.02,0.05,0.07,0.02,0.07,Norwich City,MF,
Timm Klose,ch SUI,31.0,7,7,585,0.0,0.0,0.0,0.0,0.0,0.0,0.0,0.0,0.0,0.0,0.0,0.4,0.4,0.0,0.06,0.0,0.06,0.06,0.06,Norwich City,DF,
Mario Vrančić,ba BIH,30.0,20,6,636,1.0,0.0,0.0,0.0,3.0,0.0,0.14,0.0,0.14,0.14,0.14,1.6,1.6,1.1,0.23,0.16,0.39,0.23,0.39,Norwich City,MF,
Josip Drmić,ch SUI,26.0,21,5,647,1.0,0.0,0.0,0.0,0.0,1.0,0.14,0.0,0.14,0.14,0.14,2.6,2.6,0.4,0.36,0.06,0.42,0.36,0.42,Norwich City,FW,MF
Adam Idah,ie IRL,18.0,12,1,228,0.0,0.0,0.0,0.0,0.0,0.0,0.0,0.0,0.0,0.0,0.0,1.0,1.0,0.0,0.39,0.01,0.4,0.39,0.4,Norwich City,FW,MF
Michael McGovern,nir NIR,35.0,2,1,159,0.0,0.0,0.0,0.0,0.0,0.0,0.0,0.0,0.0,0.0,0.0,0.0,0.0,0.0,0.0,0.0,0.0,0.0,0.0,Norwich City,GK,
Ralf Fährmann,de GER,30.0,1,1,21,0.0,0.0,0.0,0.0,0.0,0.0,0.0,0.0,0.0,0.0,0.0,0.0,0.0,0.0,0.0,0.0,0.0,0.0,0.0,Norwich City,GK,
Dennis Srbeny,de GER,25.0,8,0,47,1.0,0.0,0.0,0.0,0.0,0.0,1.91,0.0,1.91,1.91,1.91,0.6,0.6,0.0,1.07,0.0,1.07,1.07,1.07,Norwich City,MF,FW
Josh Martin,eng ENG,17.0,5,0,37,0.0,0.0,0.0,0.0,0.0,0.0,0.0,0.0,0.0,0.0,0.0,0.2,0.2,0.0,0.58,0.0,0.58,0.58,0.58,Norwich City,FW,
Patrick Roberts,eng ENG,22.0,3,0,26,0.0,0.0,0.0,0.0,0.0,0.0,0.0,0.0,0.0,0.0,0.0,0.0,0.0,0.0,0.0,0.0,0.0,0.0,0.0,Norwich City,MF,FW
Akin Famewo,eng ENG,20.0,1,0,1,0.0,0.0,0.0,0.0,0.0,0.0,0.0,0.0,0.0,0.0,0.0,0.0,0.0,0.0,0.0,0.0,0.0,0.0,0.0,Norwich City,MF,
Jordan Thomas,eng ENG,,1,0,1,0.0,0.0,0.0,0.0,0.0,0.0,0.0,0.0,0.0,0.0,0.0,0.0,0.0,0.0,0.0,0.0,0.0,0.0,0.0,Norwich City,FW,
Daniel Adshead,eng ENG,17.0,0,0,0,0.0,0.0,0.0,0.0,0.0,0.0,0.0,0.0,0.0,0.0,0.0,0.0,0.0,0.0,0.0,0.0,0.0,0.0,0.0,Norwich City,MF,
Philip Heise,de GER,28.0,0,0,0,0.0,0.0,0.0,0.0,0.0,0.0,0.0,0.0,0.0,0.0,0.0,0.0,0.0,0.0,0.0,0.0,0.0,0.0,0.0,Norwich City,DF,MF
Archie Mair,sco SCO,18.0,0,0,0,0.0,0.0,0.0,0.0,0.0,0.0,0.0,0.0,0.0,0.0,0.0,0.0,0.0,0.0,0.0,0.0,0.0,0.0,0.0,Norwich City,GK,
George Baldock,eng ENG,26.0,38,38,"3,420",2.0,3.0,0.0,0.0,7.0,0.0,0.05,0.08,0.13,0.05,0.13,0.9,0.9,2.5,0.02,0.07,0.09,0.02,0.09,Sheffield Utd,DF,
Enda Stevens,ie IRL,29.0,38,38,"3,345",2.0,4.0,0.0,0.0,7.0,0.0,0.05,0.11,0.16,0.05,0.16,1.2,1.2,4.5,0.03,0.12,0.15,0.03,0.15,Sheffield Utd,DF,
Chris Basham,eng ENG,31.0,38,38,"3,242",0.0,1.0,0.0,0.0,4.0,0.0,0.0,0.03,0.03,0.0,0.03,0.5,0.5,1.0,0.01,0.03,0.04,0.01,0.04,Sheffield Utd,DF,
Oliver Norwood,nir NIR,28.0,38,37,"3,090",1.0,1.0,1.0,1.0,8.0,0.0,0.03,0.03,0.06,0.0,0.03,1.5,0.7,4.2,0.04,0.12,0.17,0.02,0.14,Sheffield Utd,MF,
Dean Henderson,eng ENG,22.0,36,36,"3,240",0.0,0.0,0.0,0.0,2.0,0.0,0.0,0.0,0.0,0.0,0.0,0.0,0.0,0.0,0.0,0.0,0.0,0.0,0.0,Sheffield Utd,GK,
John Egan,ie IRL,26.0,36,36,"3,187",2.0,0.0,0.0,0.0,5.0,1.0,0.06,0.0,0.06,0.06,0.06,2.3,2.3,0.1,0.06,0.0,0.07,0.06,0.07,Sheffield Utd,DF,
Jack O'Connell,eng ENG,25.0,33,32,"2,916",0.0,1.0,0.0,0.0,4.0,0.0,0.0,0.03,0.03,0.0,0.03,1.2,1.2,2.1,0.04,0.06,0.1,0.04,0.1,Sheffield Utd,DF,
John Fleck,sco SCO,27.0,30,28,"2,516",5.0,2.0,0.0,0.0,8.0,0.0,0.18,0.07,0.25,0.18,0.25,3.3,3.3,3.4,0.12,0.12,0.24,0.12,0.24,Sheffield Utd,MF,
John Lundstram,eng ENG,25.0,34,26,"2,458",5.0,3.0,0.0,0.0,5.0,0.0,0.18,0.11,0.29,0.18,0.29,5.3,5.3,2.4,0.19,0.09,0.28,0.19,0.28,Sheffield Utd,MF,
Oliver McBurnie,sco SCO,23.0,36,24,"2,113",6.0,0.0,0.0,0.0,4.0,0.0,0.26,0.0,0.26,0.26,0.26,7.7,7.7,1.5,0.33,0.06,0.39,0.33,0.39,Sheffield Utd,FW,
David McGoldrick,ie IRL,31.0,28,22,"1,815",2.0,2.0,0.0,0.0,2.0,0.0,0.1,0.1,0.2,0.1,0.2,7.1,7.1,2.1,0.35,0.1,0.46,0.35,0.46,Sheffield Utd,FW,
Sander Berge,no NOR,21.0,14,12,943,1.0,1.0,0.0,0.0,0.0,0.0,0.1,0.1,0.19,0.1,0.19,0.5,0.5,0.4,0.04,0.04,0.08,0.04,0.08,Sheffield Utd,MF,
Lys Mousset,fr FRA,23.0,30,11,"1,240",6.0,4.0,0.0,0.0,1.0,0.0,0.44,0.29,0.73,0.44,0.73,4.9,4.9,2.5,0.36,0.18,0.54,0.36,0.54,Sheffield Utd,FW,
Billy Sharp,eng ENG,33.0,25,10,"1,051",3.0,2.0,0.0,0.0,1.0,1.0,0.26,0.17,0.43,0.26,0.43,2.8,2.8,2.6,0.24,0.22,0.46,0.24,0.46,Sheffield Utd,FW,
Callum Robinson,ie IRL,24.0,16,9,676,1.0,1.0,0.0,0.0,1.0,0.0,0.13,0.13,0.27,0.13,0.27,2.1,2.1,0.5,0.28,0.07,0.35,0.28,0.35,Sheffield Utd,FW,
Ben Osborn,eng ENG,24.0,13,6,594,0.0,0.0,0.0,0.0,0.0,0.0,0.0,0.0,0.0,0.0,0.0,0.3,0.3,0.9,0.05,0.13,0.18,0.05,0.18,Sheffield Utd,MF,DF
Jack Robinson,eng ENG,25.0,6,6,504,0.0,0.0,0.0,0.0,0.0,0.0,0.0,0.0,0.0,0.0,0.0,0.0,0.0,0.2,0.0,0.04,0.04,0.0,0.04,Sheffield Utd,DF,
Luke Freeman,eng ENG,27.0,11,3,366,0.0,0.0,0.0,0.0,2.0,0.0,0.0,0.0,0.0,0.0,0.0,0.1,0.1,0.3,0.01,0.07,0.08,0.01,0.08,Sheffield Utd,MF,
Muhamed Bešić,ba BIH,26.0,9,2,250,0.0,0.0,0.0,0.0,2.0,0.0,0.0,0.0,0.0,0.0,0.0,0.1,0.1,0.1,0.05,0.03,0.08,0.05,0.08,Sheffield Utd,MF,
Phil Jagielka,eng ENG,36.0,6,2,244,0.0,0.0,0.0,0.0,0.0,0.0,0.0,0.0,0.0,0.0,0.0,0.0,0.0,0.0,0.0,0.0,0.0,0.0,0.0,Sheffield Utd,DF,
Simon Moore,eng ENG,29.0,2,2,180,0.0,0.0,0.0,0.0,0.0,0.0,0.0,0.0,0.0,0.0,0.0,0.0,0.0,0.0,0.0,0.0,0.0,0.0,0.0,Sheffield Utd,GK,
Richairo Živković,nl NED,22.0,5,0,112,0.0,0.0,0.0,0.0,0.0,0.0,0.0,0.0,0.0,0.0,0.0,0.0,0.0,0.2,0.04,0.12,0.16,0.04,0.16,Sheffield Utd,FW,
Leon Clarke,eng ENG,34.0,2,0,35,0.0,0.0,0.0,0.0,0.0,0.0,0.0,0.0,0.0,0.0,0.0,0.4,0.4,0.0,1.0,0.0,1.0,1.0,1.0,Sheffield Utd,FW,MF
Jack Rodwell,eng ENG,28.0,1,0,16,0.0,0.0,0.0,0.0,0.0,0.0,0.0,0.0,0.0,0.0,0.0,0.0,0.0,0.0,0.0,0.0,0.0,0.0,0.0,Sheffield Utd,MF,
Ravel Morrison,eng ENG,26.0,1,0,13,0.0,0.0,0.0,0.0,0.0,0.0,0.0,0.0,0.0,0.0,0.0,0.0,0.0,0.0,0.17,0.0,0.17,0.17,0.17,Sheffield Utd,MF,
Kieron Freeman,wal WAL,27.0,2,0,7,0.0,0.0,0.0,0.0,0.0,0.0,0.0,0.0,0.0,0.0,0.0,0.0,0.0,0.0,0.0,0.0,0.0,0.0,0.0,Sheffield Utd,FW,
Jake Eastwood,eng ENG,22.0,0,0,0,0.0,0.0,0.0,0.0,0.0,0.0,0.0,0.0,0.0,0.0,0.0,0.0,0.0,0.0,0.0,0.0,0.0,0.0,0.0,Sheffield Utd,GK,
Panagiotis Retsos,gr GRE,20.0,0,0,0,0.0,0.0,0.0,0.0,0.0,0.0,0.0,0.0,0.0,0.0,0.0,0.0,0.0,0.0,0.0,0.0,0.0,0.0,0.0,Sheffield Utd,DF,
Richard Stearman,eng ENG,31.0,0,0,0,0.0,0.0,0.0,0.0,0.0,0.0,0.0,0.0,0.0,0.0,0.0,0.0,0.0,0.0,0.0,0.0,0.0,0.0,0.0,Sheffield Utd,DF,
Michael Verrips,nl NED,22.0,0,0,0,0.0,0.0,0.0,0.0,0.0,0.0,0.0,0.0,0.0,0.0,0.0,0.0,0.0,0.0,0.0,0.0,0.0,0.0,0.0,Sheffield Utd,GK,
James Ward-Prowse,eng ENG,24.0,38,38,"3,420",5.0,3.0,1.0,3.0,9.0,0.0,0.13,0.08,0.21,0.11,0.18,7.0,4.6,5.2,0.18,0.14,0.32,0.12,0.26,Southampton,MF,DF
Jan Bednarek,pl POL,23.0,34,34,"3,057",1.0,1.0,0.0,0.0,4.0,0.0,0.03,0.03,0.06,0.03,0.06,0.9,0.9,0.1,0.03,0.0,0.03,0.03,0.03,Southampton,DF,
Danny Ings,eng ENG,27.0,38,32,"2,804",22.0,2.0,1.0,2.0,3.0,0.0,0.71,0.06,0.77,0.67,0.74,17.0,15.4,2.7,0.54,0.09,0.63,0.5,0.58,Southampton,FW,
Nathan Redmond,eng ENG,25.0,32,32,"2,762",4.0,4.0,0.0,0.0,2.0,0.0,0.13,0.13,0.26,0.13,0.26,5.0,5.0,3.1,0.16,0.1,0.26,0.16,0.26,Southampton,MF,FW
Ryan Bertrand,eng ENG,29.0,32,31,"2,742",1.0,1.0,0.0,0.0,3.0,1.0,0.03,0.03,0.07,0.03,0.07,1.7,1.7,3.6,0.05,0.12,0.17,0.05,0.17,Southampton,DF,
Pierre Højbjerg,dk DEN,23.0,33,30,"2,752",0.0,1.0,0.0,0.0,5.0,0.0,0.0,0.03,0.03,0.0,0.03,2.6,2.6,2.0,0.09,0.07,0.15,0.09,0.15,Southampton,MF,
Alex McCarthy,eng ENG,29.0,28,28,"2,520",0.0,0.0,0.0,0.0,0.0,0.0,0.0,0.0,0.0,0.0,0.0,0.0,0.0,0.0,0.0,0.0,0.0,0.0,0.0,Southampton,GK,
Jack Stephens,eng ENG,25.0,28,27,"2,451",1.0,3.0,0.0,0.0,4.0,1.0,0.04,0.11,0.15,0.04,0.15,0.8,0.8,1.2,0.03,0.05,0.07,0.03,0.07,Southampton,DF,
Oriol Romeu,es ESP,27.0,30,20,"1,860",0.0,0.0,0.0,0.0,5.0,0.0,0.0,0.0,0.0,0.0,0.0,0.3,0.3,1.2,0.01,0.06,0.07,0.01,0.07,Southampton,MF,
Stuart Armstrong,sco SCO,27.0,30,19,"1,715",5.0,3.0,0.0,0.0,4.0,0.0,0.26,0.16,0.42,0.26,0.42,2.8,2.8,1.1,0.15,0.06,0.21,0.15,0.21,Southampton,MF,
Jannik Vestergaard,dk DEN,26.0,19,17,"1,497",1.0,0.0,0.0,0.0,3.0,0.0,0.06,0.0,0.06,0.06,0.06,0.9,0.9,0.1,0.05,0.01,0.06,0.05,0.06,Southampton,DF,
Cédric Soares,pt POR,27.0,16,16,"1,306",0.0,1.0,0.0,0.0,1.0,0.0,0.0,0.07,0.07,0.0,0.07,0.6,0.6,1.2,0.04,0.09,0.13,0.04,0.13,Southampton,DF,
Shane Long,ie IRL,32.0,26,15,"1,395",2.0,2.0,0.0,0.0,0.0,0.0,0.13,0.13,0.26,0.13,0.26,4.7,4.7,1.4,0.3,0.09,0.4,0.3,0.4,Southampton,FW,
Che Adams,eng ENG,23.0,30,12,"1,111",4.0,2.0,0.0,0.0,0.0,0.0,0.32,0.16,0.49,0.32,0.49,4.2,4.2,1.3,0.34,0.1,0.44,0.34,0.44,Southampton,FW,
Moussa Djenepo,ml MLI,21.0,18,10,928,2.0,2.0,0.0,0.0,4.0,1.0,0.19,0.19,0.39,0.19,0.39,2.5,2.5,1.3,0.24,0.12,0.37,0.24,0.37,Southampton,MF,DF
Angus Gunn,eng ENG,23.0,10,10,900,0.0,0.0,0.0,0.0,0.0,0.0,0.0,0.0,0.0,0.0,0.0,0.0,0.0,0.0,0.0,0.0,0.0,0.0,0.0,Southampton,GK,
Yan Valery,fr FRA,20.0,11,10,779,0.0,0.0,0.0,0.0,1.0,0.0,0.0,0.0,0.0,0.0,0.0,0.3,0.3,0.8,0.04,0.1,0.13,0.04,0.13,Southampton,DF,
Sofiane Boufal,ma MAR,25.0,20,8,764,0.0,2.0,0.0,0.0,2.0,0.0,0.0,0.24,0.24,0.0,0.24,1.0,1.0,2.7,0.12,0.32,0.44,0.12,0.44,Southampton,MF,FW
Michael Obafemi,ie IRL,19.0,21,8,665,3.0,2.0,0.0,0.0,1.0,0.0,0.41,0.27,0.68,0.41,0.68,1.9,1.9,1.2,0.25,0.17,0.42,0.25,0.42,Southampton,FW,
Kyle Walker-Peters,eng ENG,22.0,10,7,703,0.0,0.0,0.0,0.0,1.0,0.0,0.0,0.0,0.0,0.0,0.0,0.1,0.1,0.5,0.01,0.07,0.08,0.01,0.08,Southampton,DF,
Maya Yoshida,jp JPN,30.0,8,6,560,0.0,0.0,0.0,0.0,1.0,0.0,0.0,0.0,0.0,0.0,0.0,0.5,0.5,0.0,0.08,0.0,0.08,0.08,0.08,Southampton,DF,
William Smallbone,ie IRL,19.0,9,4,393,0.0,2.0,0.0,0.0,0.0,0.0,0.0,0.46,0.46,0.0,0.46,0.3,0.3,0.3,0.07,0.08,0.15,0.07,0.15,Southampton,MF,
Kevin Danso,at AUT,20.0,6,3,277,0.0,1.0,0.0,0.0,2.0,1.0,0.0,0.32,0.32,0.0,0.32,0.1,0.1,0.2,0.03,0.07,0.1,0.03,0.1,Southampton,DF,
Jake Vokins,eng ENG,19.0,1,1,90,0.0,0.0,0.0,0.0,0.0,0.0,0.0,0.0,0.0,0.0,0.0,0.0,0.0,0.1,0.02,0.07,0.09,0.02,0.09,Southampton,DF,
Nathan Tella,eng ENG,20.0,1,0,3,0.0,0.0,0.0,0.0,0.0,0.0,0.0,0.0,0.0,0.0,0.0,0.1,0.1,0.0,1.62,0.0,1.62,1.62,1.62,Southampton,FW,
Will Ferry,ie IRL,17.0,0,0,0,0.0,0.0,0.0,0.0,0.0,0.0,0.0,0.0,0.0,0.0,0.0,0.0,0.0,0.0,0.0,0.0,0.0,0.0,0.0,Southampton,MF,
Fraser Forster,eng ENG,31.0,0,0,0,0.0,0.0,0.0,0.0,0.0,0.0,0.0,0.0,0.0,0.0,0.0,0.0,0.0,0.0,0.0,0.0,0.0,0.0,0.0,Southampton,GK,
Alexandre Jankewitz,ch SUI,17.0,0,0,0,0.0,0.0,0.0,0.0,0.0,0.0,0.0,0.0,0.0,0.0,0.0,0.0,0.0,0.0,0.0,0.0,0.0,0.0,0.0,Southampton,MF,
Harry Lewis,eng ENG,21.0,0,0,0,0.0,0.0,0.0,0.0,0.0,0.0,0.0,0.0,0.0,0.0,0.0,0.0,0.0,0.0,0.0,0.0,0.0,0.0,0.0,Southampton,GK,
Jacob Maddox,eng ENG,20.0,0,0,0,0.0,0.0,0.0,0.0,0.0,0.0,0.0,0.0,0.0,0.0,0.0,0.0,0.0,0.0,0.0,0.0,0.0,0.0,0.0,Southampton,MF,
Dan Nlundulu,eng ENG,20.0,0,0,0,0.0,0.0,0.0,0.0,0.0,0.0,0.0,0.0,0.0,0.0,0.0,0.0,0.0,0.0,0.0,0.0,0.0,0.0,0.0,Southampton,FW,
Toby Alderweireld,be BEL,30.0,33,33,"2,957",2.0,2.0,0.0,0.0,7.0,0.0,0.06,0.06,0.12,0.06,0.12,1.1,1.1,1.1,0.03,0.03,0.07,0.03,0.07,Tottenham,DF,
Serge Aurier,ci CIV,26.0,33,31,"2,700",1.0,5.0,0.0,0.0,4.0,1.0,0.03,0.17,0.2,0.03,0.2,0.5,0.5,3.0,0.02,0.1,0.12,0.02,0.12,Tottenham,DF,
Harry Kane,eng ENG,26.0,29,29,"2,587",18.0,2.0,2.0,2.0,4.0,0.0,0.63,0.07,0.7,0.56,0.63,10.6,9.1,2.5,0.37,0.09,0.45,0.32,0.4,Tottenham,FW,
Son Heung-min,kr KOR,27.0,30,28,"2,476",11.0,10.0,0.0,1.0,0.0,2.0,0.4,0.36,0.76,0.4,0.76,8.7,7.8,6.8,0.31,0.25,0.56,0.28,0.53,Tottenham,FW,MF
Moussa Sissoko,fr FRA,29.0,29,28,"2,452",2.0,1.0,0.0,0.0,8.0,0.0,0.07,0.04,0.11,0.07,0.11,2.4,2.4,1.0,0.09,0.04,0.12,0.09,0.12,Tottenham,MF,
Davinson Sánchez,co COL,23.0,29,27,"2,431",0.0,0.0,0.0,0.0,6.0,0.0,0.0,0.0,0.0,0.0,0.0,0.6,0.6,0.0,0.02,0.0,0.02,0.02,0.02,Tottenham,DF,
Harry Winks,eng ENG,23.0,31,26,"2,221",0.0,0.0,0.0,0.0,9.0,0.0,0.0,0.0,0.0,0.0,0.0,0.5,0.5,1.1,0.02,0.05,0.06,0.02,0.06,Tottenham,MF,
Lucas Moura,br BRA,26.0,35,25,"2,242",4.0,4.0,0.0,0.0,3.0,0.0,0.16,0.16,0.32,0.16,0.32,5.7,5.7,2.4,0.23,0.1,0.33,0.23,0.33,Tottenham,FW,MF
Dele Alli,eng ENG,23.0,25,21,"1,847",8.0,4.0,1.0,1.0,2.0,0.0,0.39,0.19,0.58,0.34,0.54,6.9,6.1,2.0,0.34,0.1,0.43,0.3,0.39,Tottenham,MF,FW
Hugo Lloris,fr FRA,32.0,21,21,"1,807",0.0,0.0,0.0,0.0,0.0,0.0,0.0,0.0,0.0,0.0,0.0,0.0,0.0,0.0,0.0,0.0,0.0,0.0,0.0,Tottenham,GK,
Jan Vertonghen,be BEL,32.0,23,19,"1,645",1.0,1.0,0.0,0.0,2.0,0.0,0.05,0.05,0.11,0.05,0.11,0.3,0.3,0.9,0.02,0.05,0.06,0.02,0.06,Tottenham,DF,
Paulo Gazzaniga,ar ARG,27.0,18,17,"1,613",0.0,0.0,0.0,0.0,1.0,0.0,0.0,0.0,0.0,0.0,0.0,0.0,0.0,0.3,0.0,0.02,0.02,0.0,0.02,Tottenham,GK,
Ben Davies,wal WAL,26.0,18,16,"1,431",0.0,0.0,0.0,0.0,6.0,0.0,0.0,0.0,0.0,0.0,0.0,0.2,0.2,0.6,0.01,0.04,0.05,0.01,0.05,Tottenham,DF,
Giovani Lo Celso,ar ARG,23.0,28,15,"1,492",0.0,2.0,0.0,0.0,6.0,0.0,0.0,0.12,0.12,0.0,0.12,1.3,1.3,2.0,0.08,0.12,0.2,0.08,0.2,Tottenham,MF,FW
Eric Dier,eng ENG,25.0,19,15,"1,344",0.0,2.0,0.0,0.0,5.0,0.0,0.0,0.13,0.13,0.0,0.13,1.0,1.0,0.1,0.07,0.01,0.07,0.07,0.07,Tottenham,DF,MF
Érik Lamela,ar ARG,27.0,25,12,"1,215",2.0,1.0,0.0,0.0,3.0,0.0,0.15,0.07,0.22,0.15,0.22,2.7,2.7,1.6,0.2,0.12,0.32,0.2,0.32,Tottenham,MF,FW
Tanguy Ndombele,fr FRA,22.0,21,12,"1,009",2.0,2.0,0.0,0.0,3.0,0.0,0.18,0.18,0.36,0.18,0.36,0.4,0.4,1.2,0.04,0.11,0.14,0.04,0.14,Tottenham,MF,
Christian Eriksen,dk DEN,27.0,20,10,"1,097",2.0,2.0,0.0,0.0,5.0,0.0,0.16,0.16,0.33,0.16,0.33,1.9,1.9,1.9,0.16,0.16,0.32,0.16,0.32,Tottenham,MF,FW
Danny Rose,eng ENG,29.0,12,10,893,0.0,0.0,0.0,0.0,5.0,0.0,0.0,0.0,0.0,0.0,0.0,0.1,0.1,0.7,0.02,0.07,0.08,0.02,0.08,Tottenham,DF,
Steven Bergwijn,nl NED,21.0,14,8,704,3.0,1.0,0.0,0.0,2.0,0.0,0.38,0.13,0.51,0.38,0.51,1.2,1.2,1.0,0.15,0.12,0.27,0.15,0.27,Tottenham,FW,MF
Japhet Tanganga,eng ENG,20.0,6,6,525,0.0,0.0,0.0,0.0,1.0,0.0,0.0,0.0,0.0,0.0,0.0,0.1,0.1,0.0,0.01,0.0,0.01,0.01,0.01,Tottenham,DF,
Ryan Sessegnon,eng ENG,19.0,6,4,342,0.0,0.0,0.0,0.0,0.0,0.0,0.0,0.0,0.0,0.0,0.0,0.1,0.1,0.0,0.03,0.01,0.04,0.03,0.04,Tottenham,DF,
Kyle Walker-Peters,eng ENG,22.0,3,3,241,0.0,0.0,0.0,0.0,0.0,0.0,0.0,0.0,0.0,0.0,0.0,0.0,0.0,0.1,0.01,0.03,0.04,0.01,0.04,Tottenham,DF,
Oliver Skipp,eng ENG,18.0,7,1,77,0.0,0.0,0.0,0.0,0.0,0.0,0.0,0.0,0.0,0.0,0.0,0.0,0.0,0.0,0.0,0.0,0.0,0.0,0.0,Tottenham,MF,DF
Juan Foyth,ar ARG,21.0,4,1,68,0.0,0.0,0.0,0.0,1.0,0.0,0.0,0.0,0.0,0.0,0.0,0.0,0.0,0.0,0.0,0.02,0.02,0.0,0.02,Tottenham,DF,
Gedson Fernandes,pt POR,20.0,7,0,68,0.0,0.0,0.0,0.0,0.0,0.0,0.0,0.0,0.0,0.0,0.0,0.0,0.0,0.2,0.06,0.22,0.28,0.06,0.28,Tottenham,MF,DF
Victor Wanyama,ke KEN,28.0,2,0,25,0.0,0.0,0.0,0.0,1.0,0.0,0.0,0.0,0.0,0.0,0.0,0.0,0.0,0.0,0.0,0.0,0.0,0.0,0.0,Tottenham,MF,
Troy Parrott,ie IRL,17.0,2,0,7,0.0,0.0,0.0,0.0,0.0,0.0,0.0,0.0,0.0,0.0,0.0,0.0,0.0,0.0,0.0,0.0,0.0,0.0,0.0,Tottenham,MF,
Georges-Kévin N'Koudou,fr FRA,24.0,1,0,3,0.0,0.0,0.0,0.0,0.0,0.0,0.0,0.0,0.0,0.0,0.0,0.0,0.0,0.0,0.71,0.0,0.71,0.71,0.71,Tottenham,FW,
Brandon Austin,eng ENG,20.0,0,0,0,0.0,0.0,0.0,0.0,0.0,0.0,0.0,0.0,0.0,0.0,0.0,0.0,0.0,0.0,0.0,0.0,0.0,0.0,0.0,Tottenham,GK,
Dennis Cirken,ie IRL,17.0,0,0,0,0.0,0.0,0.0,0.0,0.0,0.0,0.0,0.0,0.0,0.0,0.0,0.0,0.0,0.0,0.0,0.0,0.0,0.0,0.0,Tottenham,DF,
Michel Vorm,nl NED,35.0,0,0,0,0.0,0.0,0.0,0.0,0.0,0.0,0.0,0.0,0.0,0.0,0.0,0.0,0.0,0.0,0.0,0.0,0.0,0.0,0.0,Tottenham,GK,
Harvey White,eng ENG,17.0,0,0,0,0.0,0.0,0.0,0.0,0.0,0.0,0.0,0.0,0.0,0.0,0.0,0.0,0.0,0.0,0.0,0.0,0.0,0.0,0.0,Tottenham,MF,
Alfie Whiteman,eng ENG,20.0,0,0,0,0.0,0.0,0.0,0.0,0.0,0.0,0.0,0.0,0.0,0.0,0.0,0.0,0.0,0.0,0.0,0.0,0.0,0.0,0.0,Tottenham,GK,
Ben Foster,eng ENG,36.0,38,38,"3,420",0.0,0.0,0.0,0.0,1.0,0.0,0.0,0.0,0.0,0.0,0.0,0.1,0.1,0.0,0.0,0.0,0.0,0.0,0.0,Watford,GK,
Abdoulaye Doucouré,fr FRA,26.0,37,36,"3,156",4.0,2.0,0.0,0.0,9.0,0.0,0.11,0.06,0.17,0.11,0.17,5.0,5.0,2.6,0.14,0.08,0.22,0.14,0.22,Watford,MF,
Étienne Capoue,fr FRA,31.0,30,30,"2,627",0.0,3.0,0.0,0.0,8.0,0.0,0.0,0.1,0.1,0.0,0.1,0.8,0.8,3.0,0.03,0.1,0.13,0.03,0.13,Watford,MF,
Craig Cathcart,nir NIR,30.0,29,28,"2,488",0.0,0.0,0.0,0.0,7.0,0.0,0.0,0.0,0.0,0.0,0.0,0.3,0.3,0.0,0.01,0.0,0.01,0.01,0.01,Watford,DF,
Will Hughes,eng ENG,24.0,30,27,"2,252",1.0,1.0,0.0,0.0,9.0,0.0,0.04,0.04,0.08,0.04,0.08,2.7,2.7,1.3,0.11,0.05,0.16,0.11,0.16,Watford,MF,FW
Craig Dawson,eng ENG,29.0,29,26,"2,361",2.0,0.0,0.0,0.0,6.0,0.0,0.08,0.0,0.08,0.08,0.08,2.2,2.2,0.3,0.08,0.01,0.1,0.08,0.1,Watford,DF,
Christian Kabasele,be BEL,28.0,27,26,"2,250",0.0,2.0,0.0,0.0,3.0,2.0,0.0,0.08,0.08,0.0,0.08,1.1,1.1,0.5,0.04,0.02,0.06,0.04,0.06,Watford,DF,
Kiko Femenía,es ESP,28.0,28,26,"2,237",0.0,0.0,0.0,0.0,5.0,0.0,0.0,0.0,0.0,0.0,0.0,0.1,0.1,1.6,0.0,0.06,0.07,0.0,0.07,Watford,DF,
Troy Deeney,eng ENG,31.0,27,26,"2,225",10.0,2.0,5.0,6.0,3.0,0.0,0.4,0.08,0.49,0.2,0.28,9.9,5.3,3.4,0.4,0.14,0.54,0.21,0.35,Watford,FW,
Gerard Deulofeu,es ESP,25.0,28,25,"2,098",4.0,5.0,1.0,1.0,3.0,0.0,0.17,0.21,0.39,0.13,0.34,5.2,4.5,4.6,0.22,0.2,0.42,0.19,0.39,Watford,FW,
Ismaila Sarr,sn SEN,21.0,28,22,"2,028",5.0,4.0,0.0,0.0,1.0,0.0,0.22,0.18,0.4,0.22,0.4,5.7,5.7,3.3,0.25,0.15,0.4,0.25,0.4,Watford,FW,MF
Adam Masina,it ITA,25.0,26,20,"1,821",1.0,0.0,0.0,0.0,3.0,0.0,0.05,0.0,0.05,0.05,0.05,0.7,0.7,0.6,0.03,0.03,0.06,0.03,0.06,Watford,DF,
Roberto Pereyra,ar ARG,28.0,28,17,"1,648",3.0,0.0,1.0,1.0,4.0,0.0,0.16,0.0,0.16,0.11,0.11,2.6,1.8,1.8,0.14,0.1,0.24,0.1,0.2,Watford,FW,MF
Adrian Mariappa,jm JAM,32.0,20,15,"1,513",0.0,0.0,0.0,0.0,6.0,1.0,0.0,0.0,0.0,0.0,0.0,0.2,0.2,0.4,0.01,0.02,0.04,0.01,0.04,Watford,DF,
José Holebas,gr GRE,35.0,14,11,"1,025",0.0,0.0,0.0,0.0,5.0,0.0,0.0,0.0,0.0,0.0,0.0,0.5,0.5,0.7,0.05,0.06,0.11,0.05,0.11,Watford,DF,
Tom Cleverley,eng ENG,29.0,18,11,971,1.0,0.0,0.0,0.0,2.0,0.0,0.09,0.0,0.09,0.09,0.09,1.6,1.6,0.5,0.14,0.05,0.19,0.14,0.19,Watford,MF,
Nathaniel Chalobah,eng ENG,24.0,22,10,930,0.0,1.0,0.0,0.0,1.0,0.0,0.0,0.1,0.1,0.0,0.1,0.5,0.5,1.2,0.05,0.12,0.17,0.05,0.17,Watford,MF,
Danny Welbeck,eng ENG,28.0,18,8,822,2.0,0.0,0.0,0.0,0.0,0.0,0.22,0.0,0.22,0.22,0.22,3.6,3.6,0.2,0.39,0.02,0.42,0.39,0.42,Watford,FW,MF
Andre Gray,eng ENG,28.0,23,7,755,2.0,0.0,0.0,0.0,1.0,0.0,0.24,0.0,0.24,0.24,0.24,2.9,2.9,1.6,0.35,0.19,0.54,0.35,0.54,Watford,FW,
Daryl Janmaat,nl NED,30.0,8,7,607,0.0,1.0,0.0,0.0,1.0,0.0,0.0,0.15,0.15,0.0,0.15,0.3,0.3,0.4,0.05,0.07,0.11,0.05,0.11,Watford,DF,
Dimitri Foulquier,fr FRA,26.0,3,1,59,0.0,0.0,0.0,0.0,0.0,0.0,0.0,0.0,0.0,0.0,0.0,0.0,0.0,0.0,0.0,0.03,0.03,0.0,0.03,Watford,MF,DF
Sebastian Prödl,at AUT,32.0,1,1,56,0.0,0.0,0.0,0.0,0.0,0.0,0.0,0.0,0.0,0.0,0.0,0.1,0.1,0.0,0.1,0.0,0.1,0.1,0.1,Watford,DF,
Ignacio Pussetto,ar ARG,23.0,7,0,74,0.0,0.0,0.0,0.0,1.0,0.0,0.0,0.0,0.0,0.0,0.0,0.0,0.0,0.0,0.0,0.0,0.0,0.0,0.0,Watford,FW,DF
Isaac Success,ng NGA,23.0,5,0,70,0.0,0.0,0.0,0.0,1.0,0.0,0.0,0.0,0.0,0.0,0.0,0.1,0.1,0.1,0.12,0.13,0.25,0.12,0.25,Watford,FW,MF
João Pedro,br BRA,17.0,3,0,25,0.0,0.0,0.0,0.0,0.0,0.0,0.0,0.0,0.0,0.0,0.0,0.1,0.1,0.2,0.19,0.54,0.73,0.19,0.73,Watford,FW,MF
Domingos Quina,pt POR,19.0,4,0,22,0.0,0.0,0.0,0.0,0.0,0.0,0.0,0.0,0.0,0.0,0.0,0.0,0.0,0.0,0.08,0.0,0.08,0.08,0.08,Watford,MF,
Tom Dele-Bashiru,ng NGA,19.0,0,0,0,0.0,0.0,0.0,0.0,0.0,0.0,0.0,0.0,0.0,0.0,0.0,0.0,0.0,0.0,0.0,0.0,0.0,0.0,0.0,Watford,MF,
Heurelho Gomes,br BRA,38.0,0,0,0,0.0,0.0,0.0,0.0,0.0,0.0,0.0,0.0,0.0,0.0,0.0,0.0,0.0,0.0,0.0,0.0,0.0,0.0,0.0,Watford,GK,
Adalberto Peñaranda,ve VEN,22.0,0,0,0,0.0,0.0,0.0,0.0,0.0,0.0,0.0,0.0,0.0,0.0,0.0,0.0,0.0,0.0,0.0,0.0,0.0,0.0,0.0,Watford,FW,
Ken Sema,se SWE,25.0,0,0,0,0.0,0.0,0.0,0.0,0.0,0.0,0.0,0.0,0.0,0.0,0.0,0.0,0.0,0.0,0.0,0.0,0.0,0.0,0.0,Watford,DF,MF
Declan Rice,eng ENG,20.0,38,38,"3,420",1.0,3.0,0.0,0.0,6.0,0.0,0.03,0.08,0.11,0.03,0.11,1.1,1.1,1.4,0.03,0.04,0.07,0.03,0.07,West Ham,MF,
Mark Noble,eng ENG,32.0,33,32,"2,674",4.0,3.0,3.0,3.0,5.0,0.0,0.13,0.1,0.24,0.03,0.13,2.8,0.5,3.0,0.09,0.1,0.19,0.02,0.12,West Ham,MF,
Angelo Ogbonna,it ITA,31.0,31,31,"2,786",2.0,0.0,0.0,0.0,4.0,0.0,0.06,0.0,0.06,0.06,0.06,1.6,1.6,0.1,0.05,0.0,0.05,0.05,0.05,West Ham,DF,
Issa Diop,fr FRA,22.0,32,31,"2,766",3.0,1.0,0.0,0.0,8.0,0.0,0.1,0.03,0.13,0.1,0.13,1.5,1.5,0.8,0.05,0.03,0.08,0.05,0.08,West Ham,DF,
Aaron Cresswell,eng ENG,29.0,31,31,"2,727",3.0,0.0,0.0,0.0,7.0,0.0,0.1,0.0,0.1,0.1,0.1,1.2,1.2,2.0,0.04,0.06,0.1,0.04,0.1,West Ham,DF,
Ryan Fredericks,eng ENG,26.0,27,25,"2,237",0.0,3.0,0.0,0.0,7.0,0.0,0.0,0.12,0.12,0.0,0.12,0.2,0.2,2.4,0.01,0.1,0.1,0.01,0.1,West Ham,DF,
Łukasz Fabiański,pl POL,34.0,25,25,"2,117",0.0,0.0,0.0,0.0,1.0,0.0,0.0,0.0,0.0,0.0,0.0,0.0,0.0,0.0,0.0,0.0,0.0,0.0,0.0,West Ham,GK,
Sébastien Haller,fr FRA,25.0,32,24,"2,266",7.0,1.0,0.0,0.0,1.0,0.0,0.28,0.04,0.32,0.28,0.32,7.7,7.7,1.9,0.31,0.08,0.38,0.31,0.38,West Ham,FW,
Pablo Fornals,es ESP,23.0,36,24,"2,172",2.0,5.0,0.0,0.0,3.0,0.0,0.08,0.21,0.29,0.08,0.29,2.8,2.8,2.1,0.12,0.09,0.2,0.12,0.2,West Ham,MF,FW
Felipe Anderson,br BRA,26.0,25,20,"1,497",1.0,4.0,0.0,0.0,1.0,0.0,0.06,0.24,0.3,0.06,0.3,2.5,2.5,2.9,0.15,0.18,0.32,0.15,0.32,West Ham,MF,FW
Michail Antonio,eng ENG,29.0,24,19,"1,768",10.0,3.0,1.0,1.0,3.0,0.0,0.51,0.15,0.66,0.46,0.61,11.6,10.8,2.8,0.59,0.14,0.73,0.55,0.69,West Ham,FW,
Robert Snodgrass,sco SCO,31.0,24,17,"1,509",5.0,5.0,0.0,0.0,4.0,0.0,0.3,0.3,0.6,0.3,0.6,2.7,2.7,2.7,0.16,0.16,0.32,0.16,0.32,West Ham,MF,FW
Manuel Lanzini,ar ARG,26.0,24,14,"1,379",0.0,2.0,0.0,0.0,1.0,0.0,0.0,0.13,0.13,0.0,0.13,2.0,2.0,2.6,0.13,0.17,0.3,0.13,0.3,West Ham,MF,FW
Fabián Balbuena,py PAR,27.0,17,13,"1,177",1.0,0.0,0.0,0.0,2.0,0.0,0.08,0.0,0.08,0.08,0.08,1.8,1.8,0.0,0.14,0.0,0.14,0.14,0.14,West Ham,DF,
Tomáš Souček,cz CZE,24.0,13,12,"1,040",3.0,0.0,0.0,0.0,0.0,0.0,0.26,0.0,0.26,0.26,0.26,2.2,2.2,0.4,0.19,0.03,0.23,0.19,0.23,West Ham,MF,
Jarrod Bowen,eng ENG,22.0,13,11,917,1.0,4.0,0.0,0.0,0.0,0.0,0.1,0.39,0.49,0.1,0.49,1.8,1.8,2.3,0.17,0.22,0.4,0.17,0.4,West Ham,FW,
Andriy Yarmolenko,ua UKR,29.0,23,10,991,5.0,1.0,0.0,0.0,2.0,0.0,0.45,0.09,0.54,0.45,0.54,2.0,2.0,2.6,0.18,0.24,0.42,0.18,0.42,West Ham,MF,FW
Arthur Masuaku,cd COD,25.0,17,10,937,0.0,1.0,0.0,0.0,6.0,1.0,0.0,0.1,0.1,0.0,0.1,0.1,0.1,1.0,0.01,0.1,0.1,0.01,0.1,West Ham,DF,
Roberto,es ESP,33.0,8,7,687,0.0,0.0,0.0,0.0,0.0,0.0,0.0,0.0,0.0,0.0,0.0,0.0,0.0,0.0,0.0,0.0,0.0,0.0,0.0,West Ham,GK,
Pablo Zabaleta,ar ARG,34.0,10,6,592,0.0,0.0,0.0,0.0,2.0,0.0,0.0,0.0,0.0,0.0,0.0,0.0,0.0,0.4,0.01,0.06,0.06,0.01,0.06,West Ham,DF,
Jeremy Ngakia,eng ENG,18.0,5,5,440,0.0,0.0,0.0,0.0,0.0,0.0,0.0,0.0,0.0,0.0,0.0,0.0,0.0,0.0,0.01,0.0,0.01,0.01,0.01,West Ham,DF,
David Martin,eng ENG,33.0,5,4,436,0.0,0.0,0.0,0.0,1.0,0.0,0.0,0.0,0.0,0.0,0.0,0.0,0.0,0.0,0.0,0.0,0.0,0.0,0.0,West Ham,GK,
Ben Johnson,eng ENG,19.0,3,3,270,0.0,0.0,0.0,0.0,0.0,0.0,0.0,0.0,0.0,0.0,0.0,0.0,0.0,0.2,0.0,0.05,0.06,0.0,0.06,West Ham,DF,
Jack Wilshere,eng ENG,27.0,8,2,215,0.0,0.0,0.0,0.0,0.0,0.0,0.0,0.0,0.0,0.0,0.0,0.0,0.0,0.0,0.0,0.0,0.0,0.0,0.0,West Ham,MF,
Darren Randolph,ie IRL,32.0,2,2,180,0.0,0.0,0.0,0.0,0.0,0.0,0.0,0.0,0.0,0.0,0.0,0.0,0.0,0.0,0.0,0.0,0.0,0.0,0.0,West Ham,GK,
Carlos Sánchez,co COL,33.0,6,1,117,0.0,0.0,0.0,0.0,0.0,0.0,0.0,0.0,0.0,0.0,0.0,0.0,0.0,0.0,0.0,0.0,0.0,0.0,0.0,West Ham,MF,DF
Javier Hernández,mx MEX,31.0,2,1,107,1.0,0.0,0.0,0.0,0.0,0.0,0.84,0.0,0.84,0.84,0.84,0.7,0.7,0.0,0.62,0.0,0.62,0.62,0.62,West Ham,FW,
Albian Ajeti,ch SUI,22.0,9,0,139,0.0,0.0,0.0,0.0,0.0,0.0,0.0,0.0,0.0,0.0,0.0,0.1,0.1,0.1,0.07,0.03,0.11,0.07,0.11,West Ham,MF,FW
Nathan Holland,eng ENG,21.0,2,0,33,0.0,0.0,0.0,0.0,0.0,0.0,0.0,0.0,0.0,0.0,0.0,0.0,0.0,0.0,0.13,0.0,0.13,0.13,0.13,West Ham,MF,
Joseph Anang,gh GHA,19.0,0,0,0,0.0,0.0,0.0,0.0,0.0,0.0,0.0,0.0,0.0,0.0,0.0,0.0,0.0,0.0,0.0,0.0,0.0,0.0,0.0,West Ham,GK,
Gonçalo Cardoso,pt POR,18.0,0,0,0,0.0,0.0,0.0,0.0,0.0,0.0,0.0,0.0,0.0,0.0,0.0,0.0,0.0,0.0,0.0,0.0,0.0,0.0,0.0,West Ham,DF,
Conor Coventry,ie IRL,19.0,0,0,0,0.0,0.0,0.0,0.0,0.0,0.0,0.0,0.0,0.0,0.0,0.0,0.0,0.0,0.0,0.0,0.0,0.0,0.0,0.0,West Ham,MF,
Bernardo Costa Da Rosa,br BRA,18.0,0,0,0,0.0,0.0,0.0,0.0,0.0,0.0,0.0,0.0,0.0,0.0,0.0,0.0,0.0,0.0,0.0,0.0,0.0,0.0,0.0,West Ham,MF,
Alfie Lewis,eng ENG,19.0,0,0,0,0.0,0.0,0.0,0.0,0.0,0.0,0.0,0.0,0.0,0.0,0.0,0.0,0.0,0.0,0.0,0.0,0.0,0.0,0.0,West Ham,MF,
Winston Reid,nz NZL,31.0,0,0,0,0.0,0.0,0.0,0.0,0.0,0.0,0.0,0.0,0.0,0.0,0.0,0.0,0.0,0.0,0.0,0.0,0.0,0.0,0.0,West Ham,DF,
Xande Silva,pt POR,22.0,0,0,0,0.0,0.0,0.0,0.0,0.0,0.0,0.0,0.0,0.0,0.0,0.0,0.0,0.0,0.0,0.0,0.0,0.0,0.0,0.0,West Ham,FW,
Conor Coady,eng ENG,26.0,38,38,"3,420",0.0,0.0,0.0,0.0,5.0,0.0,0.0,0.0,0.0,0.0,0.0,0.0,0.0,0.7,0.0,0.02,0.02,0.0,0.02,Wolves,DF,
Rui Patrício,pt POR,31.0,38,38,"3,420",0.0,0.0,0.0,0.0,0.0,0.0,0.0,0.0,0.0,0.0,0.0,0.0,0.0,0.0,0.0,0.0,0.0,0.0,0.0,Wolves,GK,
Raúl Jiménez,mx MEX,28.0,38,37,"3,236",17.0,6.0,4.0,4.0,3.0,0.0,0.47,0.17,0.64,0.36,0.53,14.5,11.5,5.5,0.4,0.15,0.56,0.32,0.47,Wolves,FW,
Rúben Neves,pt POR,22.0,38,35,"3,056",2.0,2.0,0.0,0.0,9.0,0.0,0.06,0.06,0.12,0.06,0.12,1.7,1.7,2.0,0.05,0.06,0.11,0.05,0.11,Wolves,MF,
João Moutinho,pt POR,32.0,38,34,"3,108",1.0,6.0,0.0,0.0,7.0,0.0,0.03,0.17,0.2,0.03,0.2,0.8,0.8,6.3,0.02,0.18,0.21,0.02,0.21,Wolves,MF,
Jonny Castro,es ESP,25.0,35,33,"2,887",2.0,2.0,0.0,0.0,4.0,0.0,0.06,0.06,0.12,0.06,0.12,1.3,1.3,0.9,0.04,0.03,0.07,0.04,0.07,Wolves,DF,
Matt Doherty,ie IRL,27.0,36,32,"2,839",4.0,3.0,0.0,0.0,1.0,0.0,0.13,0.1,0.22,0.13,0.22,5.1,5.1,1.7,0.16,0.05,0.22,0.16,0.22,Wolves,DF,
Leander Dendoncker,be BEL,24.0,38,32,"2,795",4.0,0.0,0.0,0.0,5.0,0.0,0.13,0.0,0.13,0.13,0.13,1.7,1.7,0.6,0.05,0.02,0.07,0.05,0.07,Wolves,MF,DF
Romain Saïss,ma MAR,29.0,33,31,"2,705",2.0,1.0,0.0,0.0,12.0,1.0,0.07,0.03,0.1,0.07,0.1,2.7,2.7,0.5,0.09,0.02,0.11,0.09,0.11,Wolves,DF,
Adama Traoré,es ESP,23.0,37,27,"2,605",4.0,9.0,0.0,0.0,1.0,0.0,0.14,0.31,0.45,0.14,0.45,3.5,3.5,6.5,0.12,0.23,0.35,0.12,0.35,Wolves,FW,MF
Diogo Jota,pt POR,22.0,34,27,"2,284",7.0,1.0,0.0,0.0,4.0,0.0,0.28,0.04,0.32,0.28,0.32,9.7,9.7,3.8,0.38,0.15,0.53,0.38,0.53,Wolves,FW,MF
Willy Boly,fr FRA,28.0,22,22,"1,979",0.0,1.0,0.0,0.0,3.0,1.0,0.0,0.05,0.05,0.0,0.05,0.3,0.3,0.3,0.01,0.02,0.03,0.01,0.03,Wolves,DF,
Pedro Neto,pt POR,19.0,29,9,939,3.0,3.0,0.0,0.0,3.0,0.0,0.29,0.29,0.58,0.29,0.58,2.0,2.0,2.3,0.19,0.22,0.41,0.19,0.41,Wolves,FW,MF
Ryan Bennett,eng ENG,29.0,11,7,606,0.0,0.0,0.0,0.0,2.0,0.0,0.0,0.0,0.0,0.0,0.0,0.0,0.0,0.1,0.0,0.02,0.02,0.0,0.02,Wolves,DF,
Rúben Vinagre,pt POR,20.0,16,6,652,0.0,0.0,0.0,0.0,1.0,0.0,0.0,0.0,0.0,0.0,0.0,0.4,0.4,0.5,0.06,0.07,0.13,0.06,0.13,Wolves,DF,
Patrick Cutrone,it ITA,21.0,12,3,297,2.0,0.0,0.0,0.0,0.0,0.0,0.61,0.0,0.61,0.61,0.61,2.4,2.4,0.0,0.73,0.01,0.74,0.73,0.74,Wolves,FW,
Daniel Podence,pt POR,23.0,9,3,289,1.0,0.0,0.0,0.0,0.0,0.0,0.31,0.0,0.31,0.31,0.31,1.6,1.6,0.4,0.49,0.13,0.62,0.49,0.62,Wolves,FW,MF
Max Kilman,eng ENG,22.0,3,2,185,0.0,0.0,0.0,0.0,0.0,0.0,0.0,0.0,0.0,0.0,0.0,0.0,0.0,0.0,0.0,0.0,0.0,0.0,0.0,Wolves,DF,
Jesús Vallejo,es ESP,22.0,2,1,163,0.0,0.0,0.0,0.0,1.0,0.0,0.0,0.0,0.0,0.0,0.0,0.0,0.0,0.0,0.0,0.0,0.0,0.0,0.0,Wolves,DF,
Morgan Gibbs-White,eng ENG,19.0,7,1,129,0.0,0.0,0.0,0.0,0.0,0.0,0.0,0.0,0.0,0.0,0.0,0.1,0.1,0.1,0.05,0.07,0.12,0.05,0.12,Wolves,MF,FW
Bruno Jordão,pt POR,20.0,1,0,7,0.0,0.0,0.0,0.0,0.0,0.0,0.0,0.0,0.0,0.0,0.0,0.0,0.0,0.0,0.0,0.0,0.0,0.0,0.0,Wolves,FW,
Bernard Ashley-Seal,eng ENG,20.0,0,0,0,0.0,0.0,0.0,0.0,0.0,0.0,0.0,0.0,0.0,0.0,0.0,0.0,0.0,0.0,0.0,0.0,0.0,0.0,0.0,Wolves,FW,
Oskar Buur,dk DEN,21.0,0,0,0,0.0,0.0,0.0,0.0,0.0,0.0,0.0,0.0,0.0,0.0,0.0,0.0,0.0,0.0,0.0,0.0,0.0,0.0,0.0,Wolves,DF,MF
Leonardo Campana,ec ECU,19.0,0,0,0,0.0,0.0,0.0,0.0,0.0,0.0,0.0,0.0,0.0,0.0,0.0,0.0,0.0,0.0,0.0,0.0,0.0,0.0,0.0,Wolves,FW,
Luke Cundle,eng ENG,,0,0,0,0.0,0.0,0.0,0.0,0.0,0.0,0.0,0.0,0.0,0.0,0.0,0.0,0.0,0.0,0.0,0.0,0.0,0.0,0.0,Wolves,MF,
Ryan John Giles,eng ENG,19.0,0,0,0,0.0,0.0,0.0,0.0,0.0,0.0,0.0,0.0,0.0,0.0,0.0,0.0,0.0,0.0,0.0,0.0,0.0,0.0,0.0,Wolves,MF,
Owen Otasowie,eng ENG,18.0,0,0,0,0.0,0.0,0.0,0.0,0.0,0.0,0.0,0.0,0.0,0.0,0.0,0.0,0.0,0.0,0.0,0.0,0.0,0.0,0.0,Wolves,MF,
Taylor Perry,eng ENG,18.0,0,0,0,0.0,0.0,0.0,0.0,0.0,0.0,0.0,0.0,0.0,0.0,0.0,0.0,0.0,0.0,0.0,0.0,0.0,0.0,0.0,Wolves,MF,
John Ruddy,eng ENG,32.0,0,0,0,0.0,0.0,0.0,0.0,0.0,0.0,0.0,0.0,0.0,0.0,0.0,0.0,0.0,0.0,0.0,0.0,0.0,0.0,0.0,Wolves,GK,
