player,nationality,position,age,minutes_90s,sca,sca_per90,sca_passes_live,sca_passes_dead,sca_dribbles,sca_shots,sca_fouled,gca,gca_per90,gca_passes_live,gca_passes_dead,gca_dribbles,gca_shots,gca_fouled,gca_og_for,matches,team
Pierre-Emerick Aubameyang,ga GAB,FW,30,34.8,54,1.55,38,0,7,4,5,9,0.26,6,0,0,2,1,0,Matches,Arsenal
David Luiz,br BRA,DF,32,31.2,9,0.29,8,0,0,1,0,4,0.13,4,0,0,0,0,0,Matches,Arsenal
Bernd Leno,de GER,GK,27,29.4,1,0.03,1,0,0,0,0,0,0.00,0,0,0,0,0,0,Matches,Arsenal
Granit Xhaka,ch SUI,MF,26,28.7,39,1.36,33,1,2,1,2,4,0.14,3,0,0,0,1,0,Matches,Arsenal
Nicolas Pépé,ci CIV,FW,24,22.3,66,2.96,38,13,9,3,3,9,0.40,8,1,0,0,0,0,Matches,Arsenal
Alexandre Lacazette,fr FRA,FW,28,20.8,58,2.79,36,0,5,9,8,13,0.62,5,0,3,4,1,0,Matches,Arsenal
Bukayo Saka,eng ENG,"DF,FW",17,19.5,45,2.31,32,2,7,2,2,7,0.36,6,0,1,0,0,0,Matches,Arsenal
Mattéo Guendouzi,fr FRA,MF,20,19.4,34,1.75,26,0,3,2,3,2,0.10,1,0,0,0,1,0,Matches,Arsenal
Sead Kolašinac,ba BIH,DF,26,18.9,18,0.95,18,0,0,0,0,2,0.11,2,0,0,0,0,0,Matches,Arsenal
Sokratis Papastathopoulos,gr GRE,DF,31,18.8,4,0.21,3,0,0,1,0,0,0.00,0,0,0,0,0,0,Matches,Arsenal
Dani Ceballos,es ESP,MF,22,18.8,47,2.50,32,12,0,1,2,6,0.32,5,1,0,0,0,0,Matches,Arsenal
Mesut Özil,de GER,MF,30,16.0,63,3.94,42,17,2,0,2,7,0.44,6,1,0,0,0,0,Matches,Arsenal
Lucas Torreira,uy URU,MF,23,16.8,28,1.67,19,3,2,2,2,2,0.12,2,0,0,0,0,0,Matches,Arsenal
Ainsley Maitland-Niles,eng ENG,DF,21,15.4,20,1.30,17,1,1,0,1,2,0.13,2,0,0,0,0,0,Matches,Arsenal
Shkodran Mustafi,de GER,DF,27,13.4,3,0.22,2,0,0,1,0,1,0.07,0,0,0,1,0,0,Matches,Arsenal
Héctor Bellerín,es ESP,DF,24,12.9,14,1.09,11,0,2,1,0,0,0.00,0,0,0,0,0,0,Matches,Arsenal
Calum Chambers,eng ENG,DF,24,12.2,15,1.23,9,2,0,4,0,2,0.16,1,0,0,1,0,0,Matches,Arsenal
Kieran Tierney,sco SCO,DF,22,11.0,11,1.00,8,1,2,0,0,3,0.27,2,1,0,0,0,0,Matches,Arsenal
Joe Willock,eng ENG,"MF,FW",19,9.5,31,3.26,26,0,3,1,1,3,0.32,3,0,0,0,0,0,Matches,Arsenal
Emiliano Martínez,ar ARG,GK,26,8.6,0,0.00,0,0,0,0,0,0,0.00,0,0,0,0,0,0,Matches,Arsenal
Eddie Nketiah,eng ENG,FW,20,7.0,11,1.56,7,0,2,0,2,0,0.00,0,0,0,0,0,0,Matches,Arsenal
Reiss Nelson,eng ENG,FW,19,7.0,21,3.00,12,4,2,2,1,1,0.14,0,0,0,1,0,0,Matches,Arsenal
Martinelli,br BRA,FW,18,7.4,8,1.09,5,0,2,0,1,0,0.00,0,0,0,0,0,0,Matches,Arsenal
Rob Holding,eng ENG,DF,23,6.5,2,0.31,2,0,0,0,0,0,0.00,0,0,0,0,0,0,Matches,Arsenal
Nacho Monreal,es ESP,DF,33,3.0,4,1.33,3,0,0,0,1,0,0.00,0,0,0,0,0,0,Matches,Arsenal
Cédric Soares,pt POR,DF,27,2.8,3,1.08,2,1,0,0,0,1,0.36,1,0,0,0,0,0,Matches,Arsenal
Pablo Marí,es ESP,DF,25,1.3,0,0.00,0,0,0,0,0,0,0.00,0,0,0,0,0,0,Matches,Arsenal
Henrikh Mkhitaryan,am ARM,FW,30,1.2,6,4.82,5,0,0,1,0,0,0.00,0,0,0,0,0,0,Matches,Arsenal
Emile Smith-Rowe,eng ENG,MF,19,1.1,0,0.00,0,0,0,0,0,0,0.00,0,0,0,0,0,0,Matches,Arsenal
Jack Grealish,eng ENG,"FW,MF",23,35.9,184,5.12,130,22,11,2,19,15,0.42,11,1,2,0,1,0,Matches,Aston Villa
Tyrone Mings,eng ENG,DF,26,32.2,13,0.40,12,1,0,0,0,2,0.06,2,0,0,0,0,0,Matches,Aston Villa
Douglas Luiz,br BRA,MF,21,29.0,41,1.41,34,1,3,0,3,2,0.07,2,0,0,0,0,0,Matches,Aston Villa
John McGinn,sco SCO,MF,24,25.7,93,3.62,69,10,7,2,5,9,0.35,6,1,1,0,1,0,Matches,Aston Villa
Matt Targett,eng ENG,DF,23,25.5,54,2.12,46,6,0,1,1,4,0.16,3,0,0,1,0,0,Matches,Aston Villa
Anwar El Ghazi,nl NED,"FW,MF",24,22.8,57,2.50,38,6,6,3,4,6,0.26,4,0,2,0,0,0,Matches,Aston Villa
Ezri Konsa,eng ENG,DF,21,22.7,14,0.62,9,0,1,2,2,2,0.09,1,0,0,1,0,0,Matches,Aston Villa
Frederic Guilbert,fr FRA,DF,24,22.7,32,1.41,25,4,0,1,2,4,0.18,4,0,0,0,0,0,Matches,Aston Villa
Wesley Moraes,br BRA,FW,22,19.8,26,1.31,22,0,0,3,1,3,0.15,3,0,0,0,0,0,Matches,Aston Villa
Trézéguet,eg EGY,"FW,MF",24,21.7,44,2.03,29,2,5,4,4,2,0.09,1,0,0,0,1,0,Matches,Aston Villa
Tom Heaton,eng ENG,GK,33,19.9,0,0.00,0,0,0,0,0,0,0.00,0,0,0,0,0,0,Matches,Aston Villa
Marvelous Nakamba,zw ZIM,MF,25,20.4,18,0.88,18,0,0,0,0,1,0.05,1,0,0,0,0,0,Matches,Aston Villa
Conor Hourihane,ie IRL,MF,28,17.0,57,3.34,25,27,0,2,3,7,0.41,2,5,0,0,0,0,Matches,Aston Villa
Kortney Hause,eng ENG,DF,24,17.2,8,0.47,7,0,0,1,0,1,0.06,0,0,0,1,0,0,Matches,Aston Villa
Björn Engels,be BEL,DF,24,16.1,6,0.37,5,0,0,1,0,0,0.00,0,0,0,0,0,0,Matches,Aston Villa
Pepe Reina,es ESP,GK,36,12.0,2,0.17,2,0,0,0,0,1,0.08,1,0,0,0,0,0,Matches,Aston Villa
Neil Taylor,wal WAL,DF,30,12.1,10,0.82,10,0,0,0,0,2,0.16,2,0,0,0,0,0,Matches,Aston Villa
Ahmed Elmohamady,eg EGY,DF,31,11.5,28,2.44,27,1,0,0,0,1,0.09,1,0,0,0,0,0,Matches,Aston Villa
Mbwana Samatta,tz TAN,FW,26,10.5,21,2.00,14,0,1,1,4,1,0.10,0,0,0,0,0,1,Matches,Aston Villa
Ørjan Nyland,no NOR,GK,28,6.0,1,0.17,1,0,0,0,0,0,0.00,0,0,0,0,0,0,Matches,Aston Villa
Keinan Davis,eng ENG,FW,21,6.1,20,3.28,11,0,1,4,4,3,0.49,1,0,0,1,1,0,Matches,Aston Villa
Jota,es ESP,"FW,MF",28,3.7,8,2.15,7,0,0,0,1,1,0.27,1,0,0,0,0,0,Matches,Aston Villa
Danny Drinkwater,eng ENG,MF,29,2.9,4,1.39,3,0,0,0,1,0,0.00,0,0,0,0,0,0,Matches,Aston Villa
Henri Lansbury,eng ENG,MF,28,2.2,2,0.92,2,0,0,0,0,0,0.00,0,0,0,0,0,0,Matches,Aston Villa
Jed Steer,eng ENG,GK,26,0.1,0,0.00,0,0,0,0,0,0,0.00,0,0,0,0,0,0,Matches,Aston Villa
Jonathan Kodjia,ci CIV,"FW,MF",29,1.3,3,2.31,2,0,1,0,0,0,0.00,0,0,0,0,0,0,Matches,Aston Villa
Indiana Vassilev,us USA,"FW,MF",18,0.6,1,1.76,1,0,0,0,0,0,0.00,0,0,0,0,0,0,Matches,Aston Villa
Borja Bastón,es ESP,"MF,FW",26,0.2,0,0.00,0,0,0,0,0,0,0.00,0,0,0,0,0,0,Matches,Aston Villa
Aaron Ramsdale,eng ENG,GK,21,37.0,3,0.08,1,2,0,0,0,0,0.00,0,0,0,0,0,0,Matches,Bournemouth
Callum Wilson,eng ENG,FW,27,32.3,58,1.80,43,0,3,5,7,7,0.22,2,0,1,1,3,0,Matches,Bournemouth
Jefferson Lerma,co COL,MF,24,30.0,34,1.13,28,0,2,0,4,2,0.07,2,0,0,0,0,0,Matches,Bournemouth
Philip Billing,dk DEN,MF,23,28.1,43,1.53,35,2,2,3,1,4,0.14,4,0,0,0,0,0,Matches,Bournemouth
Nathan Aké,nl NED,DF,24,27.8,13,0.47,7,0,1,4,1,2,0.07,1,0,0,1,0,0,Matches,Bournemouth
Steve Cook,eng ENG,DF,28,27.0,6,0.22,5,1,0,0,0,0,0.00,0,0,0,0,0,0,Matches,Bournemouth
Diego Rico,es ESP,DF,26,25.9,52,2.01,23,28,0,0,0,7,0.27,4,2,0,0,0,1,Matches,Bournemouth
Adam Smith,eng ENG,DF,28,22.8,19,0.83,16,0,1,0,2,1,0.04,1,0,0,0,0,0,Matches,Bournemouth
Joshua King,no NOR,"FW,MF",27,22.3,56,2.51,37,0,11,3,5,8,0.36,4,0,2,1,1,0,Matches,Bournemouth
Ryan Fraser,sco SCO,"MF,FW",25,23.0,66,2.87,44,17,2,1,2,6,0.26,3,2,0,1,0,0,Matches,Bournemouth
Harry Wilson,wal WAL,"MF,FW",22,18.3,43,2.35,30,3,1,2,7,3,0.16,1,0,0,1,1,0,Matches,Bournemouth
Dominic Solanke,eng ENG,"FW,MF",21,18.3,43,2.34,30,0,3,5,5,5,0.27,2,0,1,1,1,0,Matches,Bournemouth
Jack Stacey,eng ENG,DF,23,17.2,16,0.93,14,0,2,0,0,2,0.12,2,0,0,0,0,0,Matches,Bournemouth
Lewis Cook,eng ENG,MF,22,15.0,32,2.13,24,2,1,3,2,4,0.27,2,0,0,1,1,0,Matches,Bournemouth
Dan Gosling,eng ENG,MF,29,14.0,18,1.28,15,0,0,1,2,1,0.07,1,0,0,0,0,0,Matches,Bournemouth
Simon Francis,eng ENG,DF,34,10.8,7,0.65,6,0,1,0,0,1,0.09,1,0,0,0,0,0,Matches,Bournemouth
Chris Mepham,wal WAL,DF,21,10.1,3,0.30,3,0,0,0,0,0,0.00,0,0,0,0,0,0,Matches,Bournemouth
David Brooks,wal WAL,MF,22,5.6,8,1.42,6,1,0,1,0,1,0.18,0,0,0,1,0,0,Matches,Bournemouth
Junior Stanislas,eng ENG,"MF,DF",29,7.9,24,3.03,13,7,2,2,0,4,0.51,1,0,1,2,0,0,Matches,Bournemouth
Lloyd Kelly,eng ENG,DF,20,7.1,5,0.70,4,1,0,0,0,1,0.14,1,0,0,0,0,0,Matches,Bournemouth
Arnaut Groeneveld,nl NED,MF,22,7.0,8,1.14,5,1,0,0,2,0,0.00,0,0,0,0,0,0,Matches,Bournemouth
Andrew Surman,eng ENG,MF,32,2.6,1,0.38,1,0,0,0,0,0,0.00,0,0,0,0,0,0,Matches,Bournemouth
Charlie Daniels,eng ENG,DF,32,1.4,4,2.86,3,1,0,0,0,0,0.00,0,0,0,0,0,0,Matches,Bournemouth
Jack Simpson,eng ENG,DF,22,2.7,0,0.00,0,0,0,0,0,0,0.00,0,0,0,0,0,0,Matches,Bournemouth
Mark Travers,ie IRL,GK,20,1.0,0,0.00,0,0,0,0,0,0,0.00,0,0,0,0,0,0,Matches,Bournemouth
Jordon Ibe,eng ENG,DF,23,0.6,0,0.00,0,0,0,0,0,0,0.00,0,0,0,0,0,0,Matches,Bournemouth
Sam Surridge,eng ENG,FW,21,0.3,0,0.00,0,0,0,0,0,0,0.00,0,0,0,0,0,0,Matches,Bournemouth
Mathew Ryan,au AUS,GK,27,38.0,4,0.11,3,1,0,0,0,3,0.08,2,1,0,0,0,0,Matches,Brighton
Lewis Dunk,eng ENG,DF,27,35.9,25,0.70,23,2,0,0,0,3,0.08,3,0,0,0,0,0,Matches,Brighton
Dan Burn,eng ENG,DF,27,32.0,34,1.06,29,3,1,1,0,2,0.06,2,0,0,0,0,0,Matches,Brighton
Davy Pröpper,nl NED,MF,27,31.4,62,1.97,56,0,1,3,2,4,0.13,4,0,0,0,0,0,Matches,Brighton
Adam Webster,eng ENG,DF,24,29.6,21,0.71,19,1,1,0,0,1,0.03,1,0,0,0,0,0,Matches,Brighton
Neal Maupay,fr FRA,FW,22,30.7,71,2.31,51,0,7,9,4,7,0.23,6,0,1,0,0,0,Matches,Brighton
Dale Stephens,eng ENG,MF,30,28.1,40,1.42,38,0,0,2,0,3,0.11,3,0,0,0,0,0,Matches,Brighton
Aaron Mooy,au AUS,"MF,FW",28,23.2,70,3.02,51,12,3,2,2,7,0.30,4,1,2,0,0,0,Matches,Brighton
Martín Montoya,es ESP,DF,28,21.1,37,1.76,32,0,1,1,3,3,0.14,2,0,0,0,1,0,Matches,Brighton
Leandro Trossard,be BEL,"FW,MF",24,22.3,78,3.49,55,9,7,3,3,9,0.40,4,2,1,1,0,1,Matches,Brighton
Pascal Groß,de GER,"FW,MF",28,20.0,93,4.66,51,33,4,1,2,8,0.40,3,3,0,0,0,2,Matches,Brighton
Yves Bissouma,ml MLI,MF,22,14.0,11,0.79,10,0,0,1,0,0,0.00,0,0,0,0,0,0,Matches,Brighton
Aaron Connolly,ie IRL,FW,19,14.0,22,1.57,7,0,3,3,9,5,0.36,1,0,1,1,2,0,Matches,Brighton
Shane Duffy,ie IRL,DF,27,13.8,5,0.36,4,0,1,0,0,0,0.00,0,0,0,0,0,0,Matches,Brighton
Steven Alzate,co COL,"MF,DF",20,13.2,30,2.27,22,0,5,2,1,1,0.08,0,0,0,0,1,0,Matches,Brighton
Solly March,eng ENG,"DF,FW",25,12.7,32,2.52,24,3,3,0,2,2,0.16,2,0,0,0,0,0,Matches,Brighton
Glenn Murray,eng ENG,FW,35,8.9,12,1.36,7,0,1,3,1,1,0.11,1,0,0,0,0,0,Matches,Brighton
Bernardo,br BRA,DF,24,7.5,10,1.33,9,1,0,0,0,0,0.00,0,0,0,0,0,0,Matches,Brighton
Tariq Lamptey,eng ENG,DF,18,6.5,10,1.53,6,1,1,1,1,2,0.31,1,1,0,0,0,0,Matches,Brighton
Ezequiel Schelotto,it ITA,DF,30,4.0,3,0.75,1,0,0,1,1,1,0.25,0,0,0,0,1,0,Matches,Brighton
Alexis Mac Allister,ar ARG,"MF,FW",20,3.9,11,2.81,4,3,2,2,0,0,0.00,0,0,0,0,0,0,Matches,Brighton
Alireza Jahanbakhsh,ir IRN,"FW,MF",25,3.5,8,2.32,5,0,1,0,1,1,0.29,0,0,0,0,0,1,Matches,Brighton
Jürgen Locadia,nl NED,"MF,FW",25,1.0,1,1.05,1,0,0,0,0,0,0.00,0,0,0,0,0,0,Matches,Brighton
Florin Andone,ro ROU,"MF,FW",26,0.8,1,1.23,1,0,0,0,0,0,0.00,0,0,0,0,0,0,Matches,Brighton
Gaëtan Bong,cm CMR,"MF,DF",31,0.7,3,4.58,3,0,0,0,0,0,0.00,0,0,0,0,0,0,Matches,Brighton
Nick Pope,eng ENG,GK,27,38.0,8,0.21,5,3,0,0,0,0,0.00,0,0,0,0,0,0,Matches,Burnley
James Tarkowski,eng ENG,DF,26,38.0,26,0.68,22,0,0,4,0,7,0.18,5,0,0,2,0,0,Matches,Burnley
Dwight McNeil,eng ENG,MF,19,37.1,102,2.75,61,22,6,6,7,14,0.38,9,2,1,1,1,0,Matches,Burnley
Ashley Westwood,eng ENG,MF,29,35.0,93,2.66,60,29,0,2,1,9,0.26,3,5,0,0,0,1,Matches,Burnley
Ben Mee,eng ENG,DF,29,32.0,21,0.66,13,1,1,6,0,2,0.06,1,0,0,1,0,0,Matches,Burnley
Jack Cork,eng ENG,MF,30,29.0,24,0.83,20,0,2,0,2,3,0.10,3,0,0,0,0,0,Matches,Burnley
Chris Wood,nz NZL,FW,27,27.1,49,1.81,32,0,5,4,8,3,0.11,3,0,0,0,0,0,Matches,Burnley
Charlie Taylor,eng ENG,DF,25,21.6,21,0.97,19,0,0,0,2,1,0.05,1,0,0,0,0,0,Matches,Burnley
Jeff Hendrick,ie IRL,MF,27,21.5,27,1.26,21,3,1,2,0,1,0.05,1,0,0,0,0,0,Matches,Burnley
Phil Bardsley,sco SCO,DF,34,21.0,16,0.76,11,3,0,2,0,0,0.00,0,0,0,0,0,0,Matches,Burnley
Erik Pieters,nl NED,"DF,MF",30,20.9,23,1.10,22,0,0,1,0,4,0.19,4,0,0,0,0,0,Matches,Burnley
Jay Rodriguez,eng ENG,FW,30,22.4,31,1.38,21,0,3,4,3,5,0.22,4,0,0,1,0,0,Matches,Burnley
Matthew Lowton,eng ENG,DF,30,17.0,17,1.00,16,0,0,0,1,1,0.06,1,0,0,0,0,0,Matches,Burnley
Ashley Barnes,at AUT,FW,29,15.0,19,1.26,12,0,1,1,5,1,0.07,0,0,0,0,1,0,Matches,Burnley
Josh Brownhill,eng ENG,MF,23,8.9,13,1.45,12,0,1,0,0,1,0.11,1,0,0,0,0,0,Matches,Burnley
Matěj Vydra,cz CZE,FW,27,9.1,21,2.31,13,0,4,1,3,3,0.33,1,0,2,0,0,0,Matches,Burnley
Jóhann Berg Guðmundsson,is ISL,MF,28,6.9,22,3.19,17,2,1,1,1,2,0.29,2,0,0,0,0,0,Matches,Burnley
Kevin Long,ie IRL,DF,28,6.3,3,0.48,1,1,0,1,0,1,0.16,0,1,0,0,0,0,Matches,Burnley
Robbie Brady,ie IRL,MF,27,5.0,13,2.58,9,2,0,1,1,3,0.59,3,0,0,0,0,0,Matches,Burnley
Aaron Lennon,eng ENG,MF,32,5.5,7,1.27,6,0,0,0,1,1,0.18,1,0,0,0,0,0,Matches,Burnley
Danny Drinkwater,eng ENG,MF,29,0.6,0,0.00,0,0,0,0,0,0,0.00,0,0,0,0,0,0,Matches,Burnley
Max Thompson,eng ENG,FW,17,0.0,0,0.00,0,0,0,0,0,0,0.00,0,0,0,0,0,0,Matches,Burnley
César Azpilicueta,es ESP,DF,29,35.9,79,2.20,71,2,1,2,3,7,0.20,6,1,0,0,0,0,Matches,Chelsea
Kepa Arrizabalaga,es ESP,GK,24,33.0,1,0.03,0,1,0,0,0,0,0.00,0,0,0,0,0,0,Matches,Chelsea
Mason Mount,eng ENG,"MF,FW",20,31.9,115,3.61,69,29,3,5,9,16,0.50,9,4,1,0,2,0,Matches,Chelsea
Willian,br BRA,FW,30,28.9,145,5.02,98,31,6,4,6,13,0.45,10,1,0,1,1,0,Matches,Chelsea
Jorginho,it ITA,MF,27,26.4,65,2.46,61,0,0,1,3,6,0.23,5,0,0,0,1,0,Matches,Chelsea
Kurt Zouma,fr FRA,DF,24,26.0,14,0.54,12,0,0,1,1,0,0.00,0,0,0,0,0,0,Matches,Chelsea
Tammy Abraham,eng ENG,FW,21,24.6,47,1.91,33,0,6,6,2,10,0.41,4,0,3,2,1,0,Matches,Chelsea
Mateo Kovačić,hr CRO,MF,25,23.0,64,2.78,60,0,2,1,1,7,0.30,7,0,0,0,0,0,Matches,Chelsea
Andreas Christensen,dk DEN,DF,23,19.5,11,0.57,10,0,0,1,0,1,0.05,1,0,0,0,0,0,Matches,Chelsea
N'Golo Kanté,fr FRA,MF,28,19.2,51,2.65,47,0,0,1,3,1,0.05,1,0,0,0,0,0,Matches,Chelsea
Christian Pulisic,us USA,FW,20,19.1,79,4.13,51,0,16,4,8,13,0.68,7,0,2,1,3,0,Matches,Chelsea
Antonio Rüdiger,de GER,DF,26,19.0,9,0.47,8,0,0,1,0,0,0.00,0,0,0,0,0,0,Matches,Chelsea
Reece James,eng ENG,DF,19,16.8,48,2.85,33,8,1,1,5,4,0.24,4,0,0,0,0,0,Matches,Chelsea
Marcos Alonso,es ESP,DF,28,15.9,47,2.96,36,5,1,2,3,6,0.38,4,0,0,0,2,0,Matches,Chelsea
Fikayo Tomori,eng ENG,DF,21,14.3,14,0.98,14,0,0,0,0,0,0.00,0,0,0,0,0,0,Matches,Chelsea
Ross Barkley,eng ENG,MF,25,12.3,46,3.75,31,1,6,5,3,5,0.41,4,0,0,1,0,0,Matches,Chelsea
Emerson Palmieri,it ITA,DF,24,11.4,28,2.46,20,7,1,0,0,0,0.00,0,0,0,0,0,0,Matches,Chelsea
Olivier Giroud,fr FRA,FW,32,11.0,20,1.81,14,0,1,3,2,4,0.36,2,0,1,1,0,0,Matches,Chelsea
Pedro,es ESP,FW,32,7.3,34,4.63,23,1,4,4,2,4,0.54,2,0,1,1,0,0,Matches,Chelsea
Callum Hudson-Odoi,eng ENG,FW,18,9.6,45,4.69,35,1,4,3,2,6,0.63,6,0,0,0,0,0,Matches,Chelsea
Willy Caballero,ar ARG,GK,37,5.0,0,0.00,0,0,0,0,0,0,0.00,0,0,0,0,0,0,Matches,Chelsea
Ruben Loftus-Cheek,eng ENG,"MF,FW",23,2.3,2,0.87,2,0,0,0,0,1,0.43,1,0,0,0,0,0,Matches,Chelsea
Billy Gilmour,sco SCO,MF,18,2.2,6,2.78,5,0,0,0,1,1,0.46,1,0,0,0,0,0,Matches,Chelsea
Michy Batshuayi,be BEL,FW,25,2.7,7,2.64,5,0,1,1,0,3,1.13,2,0,0,1,0,0,Matches,Chelsea
Tariq Lamptey,eng ENG,DF,18,0.4,1,2.81,1,0,0,0,0,0,0.00,0,0,0,0,0,0,Matches,Chelsea
Faustino Anjorin,eng ENG,FW,17,0.2,0,0.00,0,0,0,0,0,0,0.00,0,0,0,0,0,0,Matches,Chelsea
Armando Broja,al ALB,FW,17,0.1,0,0.00,0,0,0,0,0,0,0.00,0,0,0,0,0,0,Matches,Chelsea
Wilfried Zaha,ci CIV,"MF,FW",26,36.4,105,2.88,62,0,22,5,15,8,0.22,4,0,0,1,2,1,Matches,Crystal Palace
Jordan Ayew,gh GHA,"FW,MF",27,35.0,66,1.89,43,0,11,1,11,7,0.20,3,0,3,0,1,0,Matches,Crystal Palace
James McArthur,sco SCO,MF,31,34.3,60,1.75,51,0,3,2,4,9,0.26,5,0,0,1,3,0,Matches,Crystal Palace
Vicente Guaita,es ESP,GK,32,35.0,3,0.09,3,0,0,0,0,1,0.03,1,0,0,0,0,0,Matches,Crystal Palace
Cheikhou Kouyaté,sn SEN,"MF,DF",29,28.1,16,0.57,14,0,1,1,0,1,0.04,1,0,0,0,0,0,Matches,Crystal Palace
Patrick van Aanholt,nl NED,DF,28,27.9,62,2.23,32,23,3,2,2,5,0.18,3,1,1,0,0,0,Matches,Crystal Palace
Luka Milivojević,rs SRB,MF,28,27.9,43,1.54,17,25,1,0,0,3,0.11,2,1,0,0,0,0,Matches,Crystal Palace
Joel Ward,eng ENG,DF,29,26.5,9,0.34,8,0,0,0,0,2,0.08,1,0,0,0,0,1,Matches,Crystal Palace
Gary Cahill,eng ENG,DF,33,24.1,8,0.33,5,1,0,2,0,1,0.04,1,0,0,0,0,0,Matches,Crystal Palace
James Tomkins,eng ENG,DF,30,17.6,5,0.28,4,0,0,0,1,1,0.06,1,0,0,0,0,0,Matches,Crystal Palace
Martin Kelly,eng ENG,DF,29,17.2,9,0.52,9,0,0,0,0,1,0.06,1,0,0,0,0,0,Matches,Crystal Palace
James McCarthy,ie IRL,MF,28,18.7,28,1.50,14,13,0,1,0,3,0.16,1,2,0,0,0,0,Matches,Crystal Palace
Andros Townsend,eng ENG,MF,28,14.4,22,1.53,17,1,0,2,2,2,0.14,2,0,0,0,0,0,Matches,Crystal Palace
Scott Dann,eng ENG,DF,32,14.1,7,0.50,6,0,1,0,0,1,0.07,1,0,0,0,0,0,Matches,Crystal Palace
Christian Benteke,be BEL,FW,28,14.0,36,2.57,24,0,5,4,3,6,0.43,5,0,1,0,0,0,Matches,Crystal Palace
Jeffrey Schlupp,gh GHA,"MF,DF",26,11.5,13,1.13,9,0,1,1,2,2,0.17,2,0,0,0,0,0,Matches,Crystal Palace
Mamadou Sakho,fr FRA,DF,29,10.3,1,0.10,1,0,0,0,0,0,0.00,0,0,0,0,0,0,Matches,Crystal Palace
Jaïro Riedewald,nl NED,"DF,MF",22,8.5,5,0.59,5,0,0,0,0,0,0.00,0,0,0,0,0,0,Matches,Crystal Palace
Max Meyer,de GER,"MF,FW",23,7.3,11,1.51,10,0,0,0,1,1,0.14,1,0,0,0,0,0,Matches,Crystal Palace
Wayne Hennessey,wal WAL,GK,32,3.0,1,0.33,0,1,0,0,0,0,0.00,0,0,0,0,0,0,Matches,Crystal Palace
Tyrick Mitchell,eng ENG,DF,19,2.2,5,2.31,4,0,1,0,0,0,0.00,0,0,0,0,0,0,Matches,Crystal Palace
Cenk Tosun,tr TUR,FW,28,2.0,2,1.02,0,0,1,1,0,0,0.00,0,0,0,0,0,0,Matches,Crystal Palace
Connor Wickham,eng ENG,"FW,MF",26,1.1,2,1.87,2,0,0,0,0,0,0.00,0,0,0,0,0,0,Matches,Crystal Palace
Brandon Pierrick,eng ENG,MF,17,0.2,,,,,,,,,,,,,,,,Matches,Crystal Palace
Víctor Camarasa,es ESP,MF,25,0.1,1,15.00,1,0,0,0,0,0,0.00,0,0,0,0,0,0,Matches,Crystal Palace
Jordan Pickford,eng ENG,GK,25,38.0,6,0.16,3,3,0,0,0,0,0.00,0,0,0,0,0,0,Matches,Everton
Richarlison,br BRA,FW,22,34.1,78,2.29,45,0,10,8,14,10,0.29,5,0,2,1,1,1,Matches,Everton
Lucas Digne,fr FRA,DF,26,33.7,104,3.09,58,38,2,3,3,11,0.33,8,3,0,0,0,0,Matches,Everton
Dominic Calvert-Lewin,eng ENG,FW,22,29.2,54,1.85,34,0,2,5,12,3,0.10,2,0,0,0,0,1,Matches,Everton
Gylfi Sigurðsson,is ISL,MF,29,28.4,80,2.81,32,31,4,11,2,8,0.28,4,2,1,1,0,0,Matches,Everton
Michael Keane,eng ENG,DF,26,28.4,10,0.35,10,0,0,0,0,1,0.04,1,0,0,0,0,0,Matches,Everton
Yerry Mina,co COL,DF,24,25.4,13,0.51,8,0,0,5,0,2,0.08,1,0,0,1,0,0,Matches,Everton
Mason Holgate,eng ENG,DF,22,22.8,17,0.74,9,0,1,6,1,5,0.22,3,0,0,2,0,0,Matches,Everton
Tom Davies,eng ENG,MF,21,22.5,24,1.07,17,0,2,3,2,0,0.00,0,0,0,0,0,0,Matches,Everton
Séamus Coleman,ie IRL,DF,30,20.4,23,1.13,16,2,3,2,0,3,0.15,2,0,0,1,0,0,Matches,Everton
Alex Iwobi,ng NGA,"MF,FW",23,17.7,44,2.48,41,0,2,1,0,2,0.11,2,0,0,0,0,0,Matches,Everton
Djibril Sidibé,fr FRA,DF,27,20.3,35,1.73,30,3,0,0,2,4,0.20,4,0,0,0,0,0,Matches,Everton
André Gomes,pt POR,MF,26,16.2,29,1.79,25,1,2,0,1,2,0.12,1,0,0,0,1,0,Matches,Everton
Theo Walcott,eng ENG,"MF,FW",30,14.3,32,2.24,24,0,3,3,2,4,0.28,3,0,0,1,0,0,Matches,Everton
Bernard,br BRA,"MF,FW",26,14.2,47,3.30,39,0,5,2,1,5,0.35,3,0,2,0,0,0,Matches,Everton
Fabian Delph,eng ENG,MF,29,13.2,17,1.29,16,0,0,1,0,2,0.15,2,0,0,0,0,0,Matches,Everton
Morgan Schneiderlin,fr FRA,MF,29,11.1,17,1.53,15,0,1,1,0,1,0.09,1,0,0,0,0,0,Matches,Everton
Moise Kean,it ITA,FW,19,9.5,27,2.85,14,0,8,3,2,1,0.11,0,0,0,1,0,0,Matches,Everton
Anthony Gordon,eng ENG,"MF,FW",18,4.9,9,1.84,7,2,0,0,0,1,0.20,1,0,0,0,0,0,Matches,Everton
Leighton Baines,eng ENG,DF,34,4.5,12,2.67,8,3,0,0,1,0,0.00,0,0,0,0,0,0,Matches,Everton
Jarrad Branthwaite,eng ENG,DF,17,3.3,0,0.00,0,0,0,0,0,0,0.00,0,0,0,0,0,0,Matches,Everton
Cenk Tosun,tr TUR,FW,28,3.2,7,2.16,6,0,1,0,0,0,0.00,0,0,0,0,0,0,Matches,Everton
Jean-Philippe Gbamin,ci CIV,MF,23,1.5,0,0.00,0,0,0,0,0,0,0.00,0,0,0,0,0,0,Matches,Everton
Oumar Niasse,sn SEN,FW,29,0.2,0,0.00,0,0,0,0,0,0,0.00,0,0,0,0,0,0,Matches,Everton
Kasper Schmeichel,dk DEN,GK,32,38.0,5,0.13,1,4,0,0,0,0,0.00,0,0,0,0,0,0,Matches,Leicester City
Jonny Evans,nir NIR,DF,31,37.6,22,0.59,17,0,1,3,1,4,0.11,3,0,0,0,1,0,Matches,Leicester City
Çağlar Söyüncü,tr TUR,DF,23,33.7,13,0.39,10,1,0,2,0,0,0.00,0,0,0,0,0,0,Matches,Leicester City
Jamie Vardy,eng ENG,FW,32,33.7,63,1.87,40,0,11,6,5,12,0.36,6,0,2,1,2,1,Matches,Leicester City
Youri Tielemans,be BEL,MF,22,31.4,93,2.96,80,5,1,2,5,9,0.29,9,0,0,0,0,0,Matches,Leicester City
Wilfred Ndidi,ng NGA,MF,22,29.7,36,1.21,33,0,1,1,1,4,0.13,4,0,0,0,0,0,Matches,Leicester City
James Maddison,eng ENG,MF,22,29.2,168,5.76,76,53,16,7,16,12,0.41,7,4,1,0,0,0,Matches,Leicester City
Ricardo Pereira,pt POR,DF,25,28.0,60,2.14,50,2,5,0,3,9,0.32,8,0,0,0,1,0,Matches,Leicester City
Ben Chilwell,eng ENG,DF,22,26.4,62,2.35,53,7,1,1,0,7,0.27,7,0,0,0,0,0,Matches,Leicester City
Ayoze Pérez,es ESP,"MF,FW",26,22.3,69,3.10,53,1,7,2,6,11,0.49,8,1,1,0,1,0,Matches,Leicester City
Harvey Barnes,eng ENG,"MF,FW",21,23.1,77,3.33,59,0,8,5,5,15,0.65,12,0,2,1,0,0,Matches,Leicester City
Dennis Praet,be BEL,MF,25,12.6,23,1.83,15,1,2,3,1,4,0.32,3,0,0,0,0,1,Matches,Leicester City
Kelechi Iheanacho,ng NGA,FW,22,10.7,39,3.66,24,0,8,4,3,5,0.47,3,0,1,0,1,0,Matches,Leicester City
James Justin,eng ENG,DF,21,11.2,23,2.05,20,0,0,0,3,2,0.18,2,0,0,0,0,0,Matches,Leicester City
Hamza Choudhury,eng ENG,MF,21,9.9,12,1.21,11,0,0,1,0,1,0.10,1,0,0,0,0,0,Matches,Leicester City
Marc Albrighton,eng ENG,"MF,DF",29,9.6,26,2.70,22,2,1,1,0,5,0.52,5,0,0,0,0,0,Matches,Leicester City
Christian Fuchs,at AUT,DF,33,8.6,7,0.82,7,0,0,0,0,3,0.35,3,0,0,0,0,0,Matches,Leicester City
Wes Morgan,jm JAM,DF,35,4.8,6,1.24,4,0,1,1,0,0,0.00,0,0,0,0,0,0,Matches,Leicester City
Nampalys Mendy,fr FRA,MF,27,3.2,8,2.47,8,0,0,0,0,0,0.00,0,0,0,0,0,0,Matches,Leicester City
Demarai Gray,eng ENG,"MF,FW",23,6.9,29,4.20,25,1,1,1,1,6,0.87,5,0,0,0,1,0,Matches,Leicester City
Ryan Bennett,eng ENG,DF,29,3.7,2,0.54,2,0,0,0,0,0,0.00,0,0,0,0,0,0,Matches,Leicester City
Luke Thomas,eng ENG,DF,,3.0,15,5.06,15,0,0,0,0,1,0.34,1,0,0,0,0,0,Matches,Leicester City
George Hirst,eng ENG,FW,20,0.1,2,16.36,0,0,0,0,2,0,0.00,0,0,0,0,0,0,Matches,Leicester City
Matty James,eng ENG,MF,28,0.1,0,0.00,0,0,0,0,0,0,0.00,0,0,0,0,0,0,Matches,Leicester City
Virgil van Dijk,nl NED,DF,28,38.0,22,0.58,19,0,0,1,2,5,0.13,4,0,0,0,1,0,Matches,Liverpool
Trent Alexander-Arnold,eng ENG,DF,20,35.3,151,4.28,91,50,3,5,1,24,0.68,14,7,0,2,0,1,Matches,Liverpool
Georginio Wijnaldum,nl NED,MF,28,32.6,45,1.38,36,0,5,1,3,3,0.09,3,0,0,0,0,0,Matches,Liverpool
Andrew Robertson,sco SCO,DF,25,34.6,108,3.12,89,13,5,1,0,20,0.58,16,1,3,0,0,0,Matches,Liverpool
Roberto Firmino,br BRA,FW,27,33.2,94,2.83,72,0,15,4,3,19,0.57,14,0,4,1,0,0,Matches,Liverpool
Mohamed Salah,eg EGY,FW,27,32.0,118,3.69,76,4,23,10,5,16,0.50,8,2,4,1,1,0,Matches,Liverpool
Sadio Mané,sn SEN,FW,27,30.5,107,3.51,85,0,6,3,13,15,0.49,9,0,0,1,5,0,Matches,Liverpool
Alisson,br BRA,GK,26,28.3,4,0.14,4,0,0,0,0,1,0.04,1,0,0,0,0,0,Matches,Liverpool
Jordan Henderson,eng ENG,MF,29,24.9,46,1.85,41,1,1,3,0,7,0.28,6,0,0,1,0,0,Matches,Liverpool
Fabinho,br BRA,MF,25,23.1,32,1.39,30,0,1,0,1,3,0.13,3,0,0,0,0,0,Matches,Liverpool
Joe Gomez,eng ENG,DF,22,22.3,16,0.72,15,0,0,1,0,4,0.18,3,0,0,1,0,0,Matches,Liverpool
Alex Oxlade-Chamberlain,eng ENG,"MF,FW",25,16.5,41,2.48,31,0,3,3,4,4,0.24,1,0,2,0,1,0,Matches,Liverpool
James Milner,eng ENG,"MF,DF",33,10.4,23,2.21,19,1,0,1,2,4,0.38,4,0,0,0,0,0,Matches,Liverpool
Adrián,es ESP,GK,32,9.7,2,0.21,2,0,0,0,0,0,0.00,0,0,0,0,0,0,Matches,Liverpool
Naby Keïta,gn GUI,MF,24,9.1,32,3.53,28,1,2,1,0,5,0.55,5,0,0,0,0,0,Matches,Liverpool
Dejan Lovren,hr CRO,DF,30,8.6,5,0.58,5,0,0,0,0,2,0.23,2,0,0,0,0,0,Matches,Liverpool
Joël Matip,cm CMR,DF,27,7.8,5,0.64,4,0,0,0,1,0,0.00,0,0,0,0,0,0,Matches,Liverpool
Divock Origi,be BEL,FW,24,8.0,23,2.89,11,0,6,2,3,4,0.50,0,0,1,1,1,1,Matches,Liverpool
Adam Lallana,eng ENG,"MF,FW",31,4.2,9,2.12,7,0,1,0,1,1,0.24,1,0,0,0,0,0,Matches,Liverpool
Neco Williams,wal WAL,DF,18,2.6,4,1.57,3,0,1,0,0,0,0.00,0,0,0,0,0,0,Matches,Liverpool
Takumi Minamino,jp JPN,"FW,MF",24,2.8,3,1.08,2,0,0,1,0,0,0.00,0,0,0,0,0,0,Matches,Liverpool
Xherdan Shaqiri,ch SUI,FW,27,2.1,4,1.95,2,2,0,0,0,0,0.00,0,0,0,0,0,0,Matches,Liverpool
Curtis Jones,eng ENG,MF,18,1.4,3,2.14,2,0,1,0,0,1,0.71,1,0,0,0,0,0,Matches,Liverpool
Harvey Elliot,eng ENG,DF,16,0.1,0,0.00,0,0,0,0,0,0,0.00,0,0,0,0,0,0,Matches,Liverpool
Ederson,br BRA,GK,25,34.1,4,0.12,4,0,0,0,0,1,0.03,1,0,0,0,0,0,Matches,Manchester City
Kevin De Bruyne,be BEL,MF,28,31.0,220,7.09,157,39,11,4,9,33,1.06,25,2,2,1,3,0,Matches,Manchester City
Raheem Sterling,eng ENG,FW,24,29.5,116,3.94,82,1,10,12,11,11,0.37,5,0,0,3,3,0,Matches,Manchester City
Rodri,es ESP,MF,23,27.6,64,2.32,57,0,2,2,3,3,0.11,2,0,0,1,0,0,Matches,Manchester City
Kyle Walker,eng ENG,DF,29,26.6,49,1.84,45,0,3,0,1,6,0.23,6,0,0,0,0,0,Matches,Manchester City
Fernandinho,br BRA,DF,34,26.6,27,1.01,24,0,0,3,0,5,0.19,5,0,0,0,0,0,Matches,Manchester City
Bernardo Silva,pt POR,"FW,MF",24,22.6,94,4.17,81,2,6,4,1,12,0.53,9,0,2,1,0,0,Matches,Manchester City
David Silva,es ESP,MF,33,20.3,108,5.32,88,1,8,6,5,17,0.84,13,1,1,1,1,0,Matches,Manchester City
Gabriel Jesus,br BRA,FW,22,22.6,70,3.10,48,0,13,8,1,13,0.58,9,0,3,1,0,0,Matches,Manchester City
İlkay Gündoğan,de GER,MF,28,22.4,73,3.25,64,2,1,3,3,3,0.13,3,0,0,0,0,0,Matches,Manchester City
Riyad Mahrez,dz ALG,FW,28,21.6,137,6.34,90,13,20,4,10,30,1.39,17,2,5,1,5,0,Matches,Manchester City
Nicolás Otamendi,ar ARG,DF,31,19.1,8,0.42,6,0,0,2,0,1,0.05,0,0,0,1,0,0,Matches,Manchester City
Benjamin Mendy,fr FRA,DF,25,16.6,36,2.17,33,1,1,1,0,6,0.36,5,1,0,0,0,0,Matches,Manchester City
Sergio Agüero,ar ARG,FW,31,16.1,51,3.16,28,0,9,9,5,8,0.50,4,0,1,2,1,0,Matches,Manchester City
Aymeric Laporte,fr FRA,DF,25,12.2,8,0.66,7,0,0,1,0,0,0.00,0,0,0,0,0,0,Matches,Manchester City
Oleksandr Zinchenko,ua UKR,DF,22,14.2,31,2.19,30,1,0,0,0,3,0.21,3,0,0,0,0,0,Matches,Manchester City
João Cancelo,pt POR,DF,25,13.4,43,3.20,32,1,6,2,2,2,0.15,1,0,0,0,1,0,Matches,Manchester City
John Stones,eng ENG,DF,25,12.5,11,0.88,11,0,0,0,0,0,0.00,0,0,0,0,0,0,Matches,Manchester City
Phil Foden,eng ENG,"FW,MF",19,10.0,44,4.40,35,2,3,1,3,8,0.80,8,0,0,0,0,0,Matches,Manchester City
Eric García,es ESP,DF,18,8.8,3,0.34,3,0,0,0,0,0,0.00,0,0,0,0,0,0,Matches,Manchester City
Angeliño,es ESP,DF,22,4.7,14,2.98,13,0,1,0,0,0,0.00,0,0,0,0,0,0,Matches,Manchester City
Claudio Bravo,cl CHI,GK,36,3.9,0,0.00,0,0,0,0,0,0,0.00,0,0,0,0,0,0,Matches,Manchester City
Thomas Doyle,eng ENG,"MF,FW",17,0.2,0,0.00,0,0,0,0,0,0,0.00,0,0,0,0,0,0,Matches,Manchester City
Leroy Sané,de GER,FW,23,0.1,1,7.50,1,0,0,0,0,0,0.00,0,0,0,0,0,0,Matches,Manchester City
David de Gea,es ESP,GK,28,38.0,2,0.05,2,0,0,0,0,0,0.00,0,0,0,0,0,0,Matches,Manchester Utd
Harry Maguire,eng ENG,DF,26,38.0,30,0.79,28,1,0,1,0,0,0.00,0,0,0,0,0,0,Matches,Manchester Utd
Victor Lindelöf,se SWE,DF,25,34.4,17,0.49,15,1,0,1,0,2,0.06,2,0,0,0,0,0,Matches,Manchester Utd
Aaron Wan-Bissaka,eng ENG,DF,21,34.1,47,1.38,40,2,5,0,0,6,0.18,5,0,1,0,0,0,Matches,Manchester Utd
Marcus Rashford,eng ENG,FW,21,29.4,93,3.17,65,2,11,4,10,20,0.68,11,0,4,0,4,1,Matches,Manchester Utd
Anthony Martial,fr FRA,FW,23,29.2,92,3.16,72,0,12,3,5,18,0.62,13,0,2,1,2,0,Matches,Manchester Utd
Daniel James,wal WAL,FW,21,25.4,64,2.52,44,0,4,5,11,8,0.31,8,0,0,0,0,0,Matches,Manchester Utd
Fred,br BRA,MF,26,24.0,83,3.45,64,8,4,2,5,1,0.04,1,0,0,0,0,0,Matches,Manchester Utd
Scott McTominay,sco SCO,MF,22,19.7,35,1.78,25,0,1,3,5,3,0.15,2,0,0,0,0,1,Matches,Manchester Utd
Luke Shaw,eng ENG,DF,24,19.3,42,2.18,34,4,1,1,2,1,0.05,1,0,0,0,0,0,Matches,Manchester Utd
Nemanja Matić,rs SRB,MF,30,17.6,43,2.45,40,0,2,0,1,4,0.23,4,0,0,0,0,0,Matches,Manchester Utd
Andreas Pereira,br BRA,"MF,FW",23,16.5,57,3.46,44,6,3,2,2,7,0.42,6,1,0,0,0,0,Matches,Manchester Utd
Bruno Fernandes,pt POR,MF,24,13.2,57,4.33,39,12,1,2,3,12,0.91,6,3,0,0,3,0,Matches,Manchester Utd
Paul Pogba,fr FRA,MF,26,13.4,57,4.26,49,0,4,0,4,7,0.52,5,0,1,0,1,0,Matches,Manchester Utd
Mason Greenwood,eng ENG,FW,17,14.7,36,2.45,32,0,2,0,2,7,0.48,7,0,0,0,0,0,Matches,Manchester Utd
Brandon Williams,eng ENG,DF,18,11.2,24,2.15,21,1,1,0,1,1,0.09,0,0,0,0,1,0,Matches,Manchester Utd
Ashley Young,eng ENG,DF,34,10.6,25,2.36,11,13,0,0,1,0,0.00,0,0,0,0,0,0,Matches,Manchester Utd
Jesse Lingard,eng ENG,"MF,FW",26,10.4,38,3.66,33,0,2,1,2,3,0.29,3,0,0,0,0,0,Matches,Manchester Utd
Juan Mata,es ESP,"MF,FW",31,8.4,38,4.51,31,3,1,2,1,2,0.24,2,0,0,0,0,0,Matches,Manchester Utd
Axel Tuanzebe,eng ENG,DF,21,2.1,2,0.95,1,0,0,0,1,0,0.00,0,0,0,0,0,0,Matches,Manchester Utd
Timothy Fosu-Mensah,nl NED,DF,21,1.5,3,1.99,3,0,0,0,0,0,0.00,0,0,0,0,0,0,Matches,Manchester Utd
Phil Jones,eng ENG,DF,27,1.5,0,0.00,0,0,0,0,0,0,0.00,0,0,0,0,0,0,Matches,Manchester Utd
Eric Bailly,ci CIV,DF,25,1.7,1,0.60,1,0,0,0,0,0,0.00,0,0,0,0,0,0,Matches,Manchester Utd
Marcos Rojo,ar ARG,DF,29,1.4,0,0.00,0,0,0,0,0,0,0.00,0,0,0,0,0,0,Matches,Manchester Utd
Diogo Dalot,pt POR,DF,20,0.7,0,0.00,0,0,0,0,0,0,0.00,0,0,0,0,0,0,Matches,Manchester Utd
Odion Ighalo,ng NGA,FW,30,1.1,5,4.46,3,0,2,0,0,0,0.00,0,0,0,0,0,0,Matches,Manchester Utd
Tahith Chong,nl NED,"FW,MF",19,0.4,2,4.86,2,0,0,0,0,0,0.00,0,0,0,0,0,0,Matches,Manchester Utd
Angel Gomes,eng ENG,MF,18,0.2,2,8.57,2,0,0,0,0,0,0.00,0,0,0,0,0,0,Matches,Manchester Utd
James Garner,eng ENG,MF,18,0.1,1,10.00,0,0,0,0,1,0,0.00,0,0,0,0,0,0,Matches,Manchester Utd
Martin Dúbravka,sk SVK,GK,30,38.0,2,0.05,1,1,0,0,0,0,0.00,0,0,0,0,0,0,Matches,Newcastle Utd
Miguel Almirón,py PAR,"MF,FW",25,33.6,77,2.29,58,0,7,5,7,2,0.06,2,0,0,0,0,0,Matches,Newcastle Utd
Joelinton,br BRA,FW,22,29.8,58,1.95,48,1,2,4,3,3,0.10,3,0,0,0,0,0,Matches,Newcastle Utd
Federico Fernández,ar ARG,DF,30,29.1,10,0.34,6,0,1,3,0,3,0.10,1,0,0,2,0,0,Matches,Newcastle Utd
Isaac Hayden,eng ENG,MF,24,24.7,26,1.05,21,0,0,2,3,3,0.12,1,0,0,1,1,0,Matches,Newcastle Utd
Jonjo Shelvey,eng ENG,MF,27,23.5,60,2.55,42,14,3,1,0,6,0.25,3,2,1,0,0,0,Matches,Newcastle Utd
Jamaal Lascelles,eng ENG,DF,25,23.1,7,0.30,5,0,0,1,1,0,0.00,0,0,0,0,0,0,Matches,Newcastle Utd
Allan Saint-Maximin,fr FRA,"MF,FW",22,20.7,87,4.20,52,0,22,6,7,9,0.43,6,0,1,1,1,0,Matches,Newcastle Utd
Fabian Schär,ch SUI,"DF,MF",27,18.6,16,0.86,13,0,1,2,0,3,0.16,2,0,0,1,0,0,Matches,Newcastle Utd
Javier Manquillo,es ESP,DF,25,17.8,14,0.79,12,1,0,0,1,3,0.17,1,1,0,0,1,0,Matches,Newcastle Utd
Jetro Willems,nl NED,DF,25,16.6,34,2.05,27,3,4,0,0,6,0.36,4,1,1,0,0,0,Matches,Newcastle Utd
Sean Longstaff,eng ENG,MF,21,15.3,31,2.02,19,7,1,2,2,2,0.13,1,0,0,1,0,0,Matches,Newcastle Utd
Matt Ritchie,sco SCO,"DF,MF",29,14.6,44,3.01,17,25,0,1,1,2,0.14,2,0,0,0,0,0,Matches,Newcastle Utd
Paul Dummett,wal WAL,DF,27,13.6,6,0.44,5,0,0,0,1,1,0.07,1,0,0,0,0,0,Matches,Newcastle Utd
Ciaran Clark,ie IRL,DF,29,13.2,1,0.08,1,0,0,0,0,0,0.00,0,0,0,0,0,0,Matches,Newcastle Utd
Emil Krafth,se SWE,DF,24,11.3,4,0.35,4,0,0,0,0,1,0.09,1,0,0,0,0,0,Matches,Newcastle Utd
DeAndre Yedlin,us USA,DF,26,10.4,15,1.44,13,0,1,0,1,0,0.00,0,0,0,0,0,0,Matches,Newcastle Utd
Danny Rose,eng ENG,DF,29,9.6,7,0.73,6,1,0,0,0,1,0.10,0,1,0,0,0,0,Matches,Newcastle Utd
Dwight Gayle,eng ENG,FW,28,9.4,12,1.27,7,1,0,2,2,2,0.21,2,0,0,0,0,0,Matches,Newcastle Utd
Nabil Bentaleb,dz ALG,MF,24,8.3,10,1.20,9,1,0,0,0,0,0.00,0,0,0,0,0,0,Matches,Newcastle Utd
Christian Atsu,gh GHA,"FW,MF",27,8.3,22,2.64,17,2,2,0,1,3,0.36,2,1,0,0,0,0,Matches,Newcastle Utd
Matthew Longstaff,eng ENG,MF,19,6.4,6,0.94,6,0,0,0,0,1,0.16,1,0,0,0,0,0,Matches,Newcastle Utd
Andy Carroll,eng ENG,FW,30,7.0,20,2.85,19,0,0,0,1,7,1.00,7,0,0,0,0,0,Matches,Newcastle Utd
Valentino Lazaro,at AUT,"DF,MF",23,5.3,8,1.50,4,2,1,1,0,0,0.00,0,0,0,0,0,0,Matches,Newcastle Utd
Florian Lejeune,fr FRA,DF,28,4.9,1,0.20,1,0,0,0,0,0,0.00,0,0,0,0,0,0,Matches,Newcastle Utd
Yoshinori Mutō,jp JPN,"FW,MF",27,2.4,3,1.27,3,0,0,0,0,0,0.00,0,0,0,0,0,0,Matches,Newcastle Utd
Ki Sung-yueng,kr KOR,MF,30,1.5,2,1.31,1,1,0,0,0,0,0.00,0,0,0,0,0,0,Matches,Newcastle Utd
Kelland Watts,eng ENG,DF,19,0.2,0,0.00,0,0,0,0,0,0,0.00,0,0,0,0,0,0,Matches,Newcastle Utd
Max Aarons,eng ENG,DF,19,36.0,54,1.50,42,2,3,3,4,3,0.08,1,1,0,0,1,0,Matches,Norwich City
Tim Krul,nl NED,GK,31,36.0,2,0.06,1,1,0,0,0,1,0.03,1,0,0,0,0,0,Matches,Norwich City
Teemu Pukki,fi FIN,FW,29,32.1,53,1.65,41,0,5,4,2,5,0.16,3,0,1,0,0,1,Matches,Norwich City
Kenny McLean,sco SCO,MF,27,33.0,58,1.76,46,6,2,2,2,2,0.06,2,0,0,0,0,0,Matches,Norwich City
Ben Godfrey,eng ENG,DF,21,29.4,11,0.37,8,0,0,3,0,1,0.03,1,0,0,0,0,0,Matches,Norwich City
Todd Cantwell,eng ENG,"FW,MF",21,27.7,73,2.64,58,0,6,3,6,5,0.18,5,0,0,0,0,0,Matches,Norwich City
Emi Buendía,ar ARG,"FW,MF",22,27.4,135,4.93,83,30,10,3,9,7,0.26,5,1,0,1,0,0,Matches,Norwich City
Alexander Tettey,no NOR,"MF,DF",33,26.0,18,0.69,16,0,0,2,0,1,0.04,1,0,0,0,0,0,Matches,Norwich City
Jamal Lewis,nir NIR,DF,21,25.6,32,1.25,26,2,3,0,1,1,0.04,1,0,0,0,0,0,Matches,Norwich City
Christoph Zimmermann,de GER,DF,26,15.9,1,0.06,1,0,0,0,0,0,0.00,0,0,0,0,0,0,Matches,Norwich City
Sam Byram,eng ENG,DF,25,14.4,19,1.32,14,0,1,3,1,0,0.00,0,0,0,0,0,0,Matches,Norwich City
Onel Hernández,cu CUB,"FW,MF",26,15.4,43,2.80,27,1,10,3,2,4,0.26,3,0,1,0,0,0,Matches,Norwich City
Grant Hanley,sco SCO,DF,27,14.0,2,0.14,2,0,0,0,0,0,0.00,0,0,0,0,0,0,Matches,Norwich City
Marco Stiepermann,de GER,MF,28,13.1,33,2.52,27,0,5,1,0,2,0.15,2,0,0,0,0,0,Matches,Norwich City
Tom Trybull,de GER,MF,26,12.6,9,0.72,7,0,1,1,0,1,0.08,1,0,0,0,0,0,Matches,Norwich City
Ondrej Duda,sk SVK,MF,24,8.0,25,3.11,15,6,1,2,1,2,0.25,1,0,0,1,0,0,Matches,Norwich City
Ibrahim Amadou,fr FRA,"DF,MF",26,8.4,1,0.12,1,0,0,0,0,0,0.00,0,0,0,0,0,0,Matches,Norwich City
Lukas Rupp,de GER,"FW,MF",28,7.7,14,1.81,12,1,0,1,0,0,0.00,0,0,0,0,0,0,Matches,Norwich City
Moritz Leitner,de GER,MF,26,7.6,16,2.10,14,1,0,0,1,0,0.00,0,0,0,0,0,0,Matches,Norwich City
Timm Klose,ch SUI,DF,31,6.5,2,0.31,2,0,0,0,0,0,0.00,0,0,0,0,0,0,Matches,Norwich City
Mario Vrančić,ba BIH,MF,30,7.1,22,3.11,16,0,0,4,2,0,0.00,0,0,0,0,0,0,Matches,Norwich City
Josip Drmić,ch SUI,"FW,MF",26,7.2,11,1.53,7,0,1,2,1,1,0.14,0,0,1,0,0,0,Matches,Norwich City
Adam Idah,ie IRL,"FW,MF",18,2.5,1,0.39,1,0,0,0,0,0,0.00,0,0,0,0,0,0,Matches,Norwich City
Michael McGovern,nir NIR,GK,35,1.8,0,0.00,0,0,0,0,0,0,0.00,0,0,0,0,0,0,Matches,Norwich City
Ralf Fährmann,de GER,GK,30,0.2,0,0.00,0,0,0,0,0,0,0.00,0,0,0,0,0,0,Matches,Norwich City
Dennis Srbeny,de GER,"MF,FW",25,0.5,0,0.00,0,0,0,0,0,0,0.00,0,0,0,0,0,0,Matches,Norwich City
Josh Martin,eng ENG,FW,17,0.4,0,0.00,0,0,0,0,0,0,0.00,0,0,0,0,0,0,Matches,Norwich City
Patrick Roberts,eng ENG,"MF,FW",22,0.3,1,3.46,0,0,0,0,1,0,0.00,0,0,0,0,0,0,Matches,Norwich City
Akin Famewo,eng ENG,MF,20,0.0,0,0.00,0,0,0,0,0,0,0.00,0,0,0,0,0,0,Matches,Norwich City
Jordan Thomas,eng ENG,FW,,0.0,0,0.00,0,0,0,0,0,0,0.00,0,0,0,0,0,0,Matches,Norwich City
George Baldock,eng ENG,DF,26,38.0,65,1.71,52,4,6,0,3,6,0.16,4,0,1,0,1,0,Matches,Sheffield Utd
Enda Stevens,ie IRL,DF,29,37.2,67,1.80,54,6,4,3,0,9,0.24,8,0,1,0,0,0,Matches,Sheffield Utd
Chris Basham,eng ENG,DF,31,36.0,25,0.69,22,0,2,0,1,2,0.06,2,0,0,0,0,0,Matches,Sheffield Utd
Oliver Norwood,nir NIR,MF,28,34.3,79,2.30,43,30,0,3,1,6,0.17,2,2,0,0,0,2,Matches,Sheffield Utd
Dean Henderson,eng ENG,GK,22,36.0,4,0.11,2,2,0,0,0,0,0.00,0,0,0,0,0,0,Matches,Sheffield Utd
John Egan,ie IRL,DF,26,35.4,6,0.17,3,0,0,3,0,1,0.03,0,0,0,1,0,0,Matches,Sheffield Utd
Jack O'Connell,eng ENG,DF,25,32.4,23,0.71,21,0,0,2,0,2,0.06,2,0,0,0,0,0,Matches,Sheffield Utd
John Fleck,sco SCO,MF,27,28.0,71,2.54,48,16,5,2,0,5,0.18,4,0,1,0,0,0,Matches,Sheffield Utd
John Lundstram,eng ENG,MF,25,27.3,44,1.61,36,1,0,5,2,6,0.22,5,0,0,1,0,0,Matches,Sheffield Utd
Oliver McBurnie,sco SCO,FW,23,23.5,28,1.19,23,0,1,3,1,2,0.09,0,0,0,2,0,0,Matches,Sheffield Utd
David McGoldrick,ie IRL,FW,31,20.2,35,1.74,26,1,5,2,1,4,0.20,3,0,1,0,0,0,Matches,Sheffield Utd
Sander Berge,no NOR,MF,21,10.5,7,0.67,6,0,1,0,0,2,0.19,1,0,1,0,0,0,Matches,Sheffield Utd
Lys Mousset,fr FRA,FW,23,13.8,26,1.89,15,0,8,1,2,5,0.36,5,0,0,0,0,0,Matches,Sheffield Utd
Billy Sharp,eng ENG,FW,33,11.7,26,2.23,18,0,2,2,4,3,0.26,2,0,0,1,0,0,Matches,Sheffield Utd
Callum Robinson,ie IRL,FW,24,7.5,11,1.46,9,0,0,1,0,2,0.27,1,0,0,0,0,1,Matches,Sheffield Utd
Ben Osborn,eng ENG,"MF,DF",24,6.6,13,1.97,11,0,0,1,1,4,0.61,3,0,0,1,0,0,Matches,Sheffield Utd
Jack Robinson,eng ENG,DF,25,5.6,4,0.71,3,1,0,0,0,0,0.00,0,0,0,0,0,0,Matches,Sheffield Utd
Luke Freeman,eng ENG,MF,27,4.1,5,1.23,4,0,0,0,1,0,0.00,0,0,0,0,0,0,Matches,Sheffield Utd
Muhamed Bešić,ba BIH,MF,26,2.8,3,1.08,3,0,0,0,0,0,0.00,0,0,0,0,0,0,Matches,Sheffield Utd
Phil Jagielka,eng ENG,DF,36,2.7,0,0.00,0,0,0,0,0,0,0.00,0,0,0,0,0,0,Matches,Sheffield Utd
Simon Moore,eng ENG,GK,29,2.0,0,0.00,0,0,0,0,0,0,0.00,0,0,0,0,0,0,Matches,Sheffield Utd
Richairo Živković,nl NED,FW,22,1.2,2,1.61,2,0,0,0,0,0,0.00,0,0,0,0,0,0,Matches,Sheffield Utd
Leon Clarke,eng ENG,"FW,MF",34,0.4,0,0.00,0,0,0,0,0,0,0.00,0,0,0,0,0,0,Matches,Sheffield Utd
Jack Rodwell,eng ENG,MF,28,0.2,0,0.00,0,0,0,0,0,0,0.00,0,0,0,0,0,0,Matches,Sheffield Utd
Ravel Morrison,eng ENG,MF,26,0.1,1,6.92,1,0,0,0,0,0,0.00,0,0,0,0,0,0,Matches,Sheffield Utd
Kieron Freeman,wal WAL,FW,27,0.1,0,0.00,0,0,0,0,0,0,0.00,0,0,0,0,0,0,Matches,Sheffield Utd
James Ward-Prowse,eng ENG,"MF,DF",24,38.0,102,2.68,47,45,0,7,3,6,0.16,2,2,0,1,1,0,Matches,Southampton
Jan Bednarek,pl POL,DF,23,34.0,13,0.38,11,0,0,1,1,1,0.03,0,0,0,1,0,0,Matches,Southampton
Danny Ings,eng ENG,FW,27,31.2,86,2.76,55,0,14,9,8,12,0.39,5,0,5,1,1,0,Matches,Southampton
Nathan Redmond,eng ENG,"MF,FW",25,30.7,91,2.97,65,0,13,4,9,6,0.20,5,0,0,0,1,0,Matches,Southampton
Ryan Bertrand,eng ENG,DF,29,30.5,62,2.04,45,14,0,0,3,1,0.03,0,1,0,0,0,0,Matches,Southampton
Pierre Højbjerg,dk DEN,MF,23,30.6,63,2.06,53,1,2,2,5,5,0.16,3,0,0,0,2,0,Matches,Southampton
Alex McCarthy,eng ENG,GK,29,28.0,4,0.14,2,2,0,0,0,0,0.00,0,0,0,0,0,0,Matches,Southampton
Jack Stephens,eng ENG,DF,25,27.2,15,0.55,13,1,1,0,0,3,0.11,3,0,0,0,0,0,Matches,Southampton
Oriol Romeu,es ESP,MF,27,20.7,31,1.50,27,1,1,1,1,0,0.00,0,0,0,0,0,0,Matches,Southampton
Stuart Armstrong,sco SCO,MF,27,19.1,48,2.52,37,0,4,4,3,8,0.42,5,0,1,2,0,0,Matches,Southampton
Jannik Vestergaard,dk DEN,DF,26,16.6,6,0.36,6,0,0,0,0,1,0.06,1,0,0,0,0,0,Matches,Southampton
Cédric Soares,pt POR,DF,27,14.5,23,1.58,21,2,0,0,0,2,0.14,1,1,0,0,0,0,Matches,Southampton
Shane Long,ie IRL,FW,32,15.5,31,2.00,25,0,1,4,1,3,0.19,1,0,0,2,0,0,Matches,Southampton
Che Adams,eng ENG,FW,23,12.3,24,1.94,15,0,3,2,4,5,0.41,2,0,1,0,2,0,Matches,Southampton
Moussa Djenepo,ml MLI,"MF,DF",21,10.3,39,3.78,19,0,11,1,8,6,0.58,3,0,2,0,1,0,Matches,Southampton
Angus Gunn,eng ENG,GK,23,10.0,0,0.00,0,0,0,0,0,0,0.00,0,0,0,0,0,0,Matches,Southampton
Yan Valery,fr FRA,DF,20,8.7,7,0.81,5,1,1,0,0,0,0.00,0,0,0,0,0,0,Matches,Southampton
Sofiane Boufal,ma MAR,"MF,FW",25,8.5,37,4.36,22,0,8,1,6,3,0.35,2,0,1,0,0,0,Matches,Southampton
Michael Obafemi,ie IRL,FW,19,7.4,18,2.44,13,0,3,2,0,2,0.27,2,0,0,0,0,0,Matches,Southampton
Kyle Walker-Peters,eng ENG,DF,22,7.8,7,0.90,6,0,0,1,0,1,0.13,0,0,0,1,0,0,Matches,Southampton
Maya Yoshida,jp JPN,DF,30,6.2,1,0.16,1,0,0,0,0,0,0.00,0,0,0,0,0,0,Matches,Southampton
William Smallbone,ie IRL,MF,19,4.4,4,0.92,4,0,0,0,0,2,0.46,2,0,0,0,0,0,Matches,Southampton
Kevin Danso,at AUT,DF,20,3.1,3,0.97,3,0,0,0,0,1,0.32,1,0,0,0,0,0,Matches,Southampton
Jake Vokins,eng ENG,DF,19,1.0,1,1.00,1,0,0,0,0,0,0.00,0,0,0,0,0,0,Matches,Southampton
Nathan Tella,eng ENG,FW,20,0.0,1,30.00,0,0,0,0,1,0,0.00,0,0,0,0,0,0,Matches,Southampton
Toby Alderweireld,be BEL,DF,30,32.9,19,0.58,18,0,0,1,0,2,0.06,2,0,0,0,0,0,Matches,Tottenham
Serge Aurier,ci CIV,DF,26,30.0,48,1.60,43,2,2,0,0,6,0.20,4,0,1,0,0,1,Matches,Tottenham
Harry Kane,eng ENG,FW,26,28.7,53,1.84,37,0,7,4,5,6,0.21,3,0,0,2,1,0,Matches,Tottenham
Son Heung-min,kr KOR,"FW,MF",27,27.5,95,3.45,60,7,15,10,3,22,0.80,13,1,3,4,1,0,Matches,Tottenham
Moussa Sissoko,fr FRA,MF,29,27.2,27,0.99,26,0,1,0,0,2,0.07,2,0,0,0,0,0,Matches,Tottenham
Davinson Sánchez,co COL,DF,23,27.0,6,0.22,5,0,0,1,0,0,0.00,0,0,0,0,0,0,Matches,Tottenham
Harry Winks,eng ENG,MF,23,24.7,37,1.50,34,3,0,0,0,5,0.20,5,0,0,0,0,0,Matches,Tottenham
Lucas Moura,br BRA,"FW,MF",26,24.9,84,3.37,59,0,12,3,10,8,0.32,5,0,3,0,0,0,Matches,Tottenham
Dele Alli,eng ENG,"MF,FW",23,20.5,53,2.58,39,1,9,2,2,12,0.58,5,0,5,2,0,0,Matches,Tottenham
Hugo Lloris,fr FRA,GK,32,20.1,1,0.05,0,1,0,0,0,0,0.00,0,0,0,0,0,0,Matches,Tottenham
Jan Vertonghen,be BEL,DF,32,18.3,8,0.44,7,1,0,0,0,1,0.05,1,0,0,0,0,0,Matches,Tottenham
Paulo Gazzaniga,ar ARG,GK,27,17.9,4,0.22,3,1,0,0,0,0,0.00,0,0,0,0,0,0,Matches,Tottenham
Ben Davies,wal WAL,DF,26,15.9,17,1.07,15,1,0,1,0,0,0.00,0,0,0,0,0,0,Matches,Tottenham
Giovani Lo Celso,ar ARG,"MF,FW",23,16.6,59,3.56,44,9,2,1,3,6,0.36,5,0,0,1,0,0,Matches,Tottenham
Eric Dier,eng ENG,"DF,MF",25,14.9,10,0.67,9,0,0,1,0,1,0.07,1,0,0,0,0,0,Matches,Tottenham
Érik Lamela,ar ARG,"MF,FW",27,13.5,47,3.48,27,5,3,4,7,9,0.67,3,1,0,3,1,1,Matches,Tottenham
Tanguy Ndombele,fr FRA,MF,22,11.2,28,2.50,25,1,0,2,0,2,0.18,2,0,0,0,0,0,Matches,Tottenham
Christian Eriksen,dk DEN,"MF,FW",27,12.2,40,3.28,31,8,1,0,0,3,0.25,2,1,0,0,0,0,Matches,Tottenham
Danny Rose,eng ENG,DF,29,9.9,15,1.51,11,2,0,0,2,0,0.00,0,0,0,0,0,0,Matches,Tottenham
Steven Bergwijn,nl NED,"FW,MF",21,7.8,26,3.32,22,0,2,0,2,1,0.13,1,0,0,0,0,0,Matches,Tottenham
Japhet Tanganga,eng ENG,DF,20,5.8,2,0.34,2,0,0,0,0,0,0.00,0,0,0,0,0,0,Matches,Tottenham
Ryan Sessegnon,eng ENG,DF,19,3.8,4,1.05,4,0,0,0,0,1,0.26,1,0,0,0,0,0,Matches,Tottenham
Kyle Walker-Peters,eng ENG,DF,22,2.7,6,2.24,4,0,0,1,1,0,0.00,0,0,0,0,0,0,Matches,Tottenham
Oliver Skipp,eng ENG,"MF,DF",18,0.9,0,0.00,0,0,0,0,0,0,0.00,0,0,0,0,0,0,Matches,Tottenham
Juan Foyth,ar ARG,DF,21,0.8,1,1.32,1,0,0,0,0,0,0.00,0,0,0,0,0,0,Matches,Tottenham
Gedson Fernandes,pt POR,"MF,DF",20,0.8,3,3.97,3,0,0,0,0,0,0.00,0,0,0,0,0,0,Matches,Tottenham
Victor Wanyama,ke KEN,MF,28,0.3,1,3.60,1,0,0,0,0,0,0.00,0,0,0,0,0,0,Matches,Tottenham
Troy Parrott,ie IRL,MF,17,0.1,0,0.00,0,0,0,0,0,0,0.00,0,0,0,0,0,0,Matches,Tottenham
Georges-Kévin N'Koudou,fr FRA,FW,24,0.0,0,0.00,0,0,0,0,0,0,0.00,0,0,0,0,0,0,Matches,Tottenham
Ben Foster,eng ENG,GK,36,38.0,5,0.13,2,3,0,0,0,1,0.03,1,0,0,0,0,0,Matches,Watford
Abdoulaye Doucouré,fr FRA,MF,26,35.1,80,2.28,59,0,10,8,3,6,0.17,4,0,0,2,0,0,Matches,Watford
Étienne Capoue,fr FRA,MF,31,29.2,43,1.47,32,6,2,0,3,3,0.10,2,1,0,0,0,0,Matches,Watford
Craig Cathcart,nir NIR,DF,30,27.6,5,0.18,5,0,0,0,0,1,0.04,1,0,0,0,0,0,Matches,Watford
Will Hughes,eng ENG,"MF,FW",24,25.0,46,1.84,29,11,1,0,5,3,0.12,2,1,0,0,0,0,Matches,Watford
Craig Dawson,eng ENG,DF,29,26.2,12,0.46,7,0,0,5,0,0,0.00,0,0,0,0,0,0,Matches,Watford
Christian Kabasele,be BEL,DF,28,25.0,7,0.28,6,0,0,0,1,2,0.08,2,0,0,0,0,0,Matches,Watford
Kiko Femenía,es ESP,DF,28,24.9,32,1.29,27,3,1,0,1,3,0.12,0,1,1,0,1,0,Matches,Watford
Troy Deeney,eng ENG,FW,31,24.7,50,2.02,42,0,0,3,5,5,0.20,4,0,0,0,1,0,Matches,Watford
Gerard Deulofeu,es ESP,FW,25,23.3,88,3.78,51,10,14,7,6,7,0.30,5,0,1,0,1,0,Matches,Watford
Ismaila Sarr,sn SEN,"FW,MF",21,22.5,68,3.02,49,1,4,5,9,8,0.36,5,0,0,0,3,0,Matches,Watford
Adam Masina,it ITA,DF,25,20.2,20,0.99,18,2,0,0,0,1,0.05,0,1,0,0,0,0,Matches,Watford
Roberto Pereyra,ar ARG,"FW,MF",28,18.3,41,2.24,26,6,4,1,4,1,0.05,0,0,0,0,1,0,Matches,Watford
Adrian Mariappa,jm JAM,DF,32,16.8,10,0.59,10,0,0,0,0,1,0.06,1,0,0,0,0,0,Matches,Watford
José Holebas,gr GRE,DF,35,11.4,18,1.58,8,8,1,1,0,0,0.00,0,0,0,0,0,0,Matches,Watford
Tom Cleverley,eng ENG,MF,29,10.8,31,2.87,24,2,0,2,3,1,0.09,0,0,0,1,0,0,Matches,Watford
Nathaniel Chalobah,eng ENG,MF,24,10.3,18,1.74,16,2,0,0,0,2,0.19,2,0,0,0,0,0,Matches,Watford
Danny Welbeck,eng ENG,"FW,MF",28,9.1,9,0.99,6,0,2,0,1,1,0.11,0,0,0,0,1,0,Matches,Watford
Andre Gray,eng ENG,FW,28,8.4,14,1.67,11,0,1,2,0,1,0.12,0,0,0,1,0,0,Matches,Watford
Daryl Janmaat,nl NED,DF,30,6.7,14,2.08,13,0,1,0,0,1,0.15,1,0,0,0,0,0,Matches,Watford
Dimitri Foulquier,fr FRA,"MF,DF",26,0.7,1,1.53,1,0,0,0,0,0,0.00,0,0,0,0,0,0,Matches,Watford
Sebastian Prödl,at AUT,DF,32,0.6,0,0.00,0,0,0,0,0,0,0.00,0,0,0,0,0,0,Matches,Watford
Ignacio Pussetto,ar ARG,"FW,DF",23,0.8,0,0.00,0,0,0,0,0,0,0.00,0,0,0,0,0,0,Matches,Watford
Isaac Success,ng NGA,"FW,MF",23,0.8,4,5.14,2,0,0,1,1,0,0.00,0,0,0,0,0,0,Matches,Watford
João Pedro,br BRA,"FW,MF",17,0.3,2,7.20,1,0,1,0,0,0,0.00,0,0,0,0,0,0,Matches,Watford
Domingos Quina,pt POR,MF,19,0.2,0,0.00,0,0,0,0,0,0,0.00,0,0,0,0,0,0,Matches,Watford
Declan Rice,eng ENG,MF,20,38.0,45,1.18,41,0,2,2,0,7,0.18,5,0,0,2,0,0,Matches,West Ham
Mark Noble,eng ENG,MF,32,29.7,73,2.46,52,12,2,0,7,8,0.27,4,1,0,0,3,0,Matches,West Ham
Angelo Ogbonna,it ITA,DF,31,31.0,9,0.29,9,0,0,0,0,0,0.00,0,0,0,0,0,0,Matches,West Ham
Issa Diop,fr FRA,DF,22,30.7,9,0.29,6,1,0,2,0,1,0.03,1,0,0,0,0,0,Matches,West Ham
Aaron Cresswell,eng ENG,DF,29,30.3,46,1.52,33,6,2,1,4,2,0.07,1,0,1,0,0,0,Matches,West Ham
Ryan Fredericks,eng ENG,DF,26,24.9,47,1.89,42,3,1,0,1,5,0.20,5,0,0,0,0,0,Matches,West Ham
Łukasz Fabiański,pl POL,GK,34,23.5,0,0.00,0,0,0,0,0,0,0.00,0,0,0,0,0,0,Matches,West Ham
Sébastien Haller,fr FRA,FW,25,25.2,51,2.03,42,1,1,4,3,7,0.28,3,0,0,2,2,0,Matches,West Ham
Pablo Fornals,es ESP,"MF,FW",23,24.1,48,1.99,38,4,1,2,3,9,0.37,9,0,0,0,0,0,Matches,West Ham
Felipe Anderson,br BRA,"MF,FW",26,16.6,57,3.43,44,2,5,3,3,8,0.48,7,0,1,0,0,0,Matches,West Ham
Michail Antonio,eng ENG,FW,29,19.6,58,2.95,31,1,15,5,6,7,0.36,2,0,2,2,1,0,Matches,West Ham
Robert Snodgrass,sco SCO,"MF,FW",31,16.8,51,3.04,19,24,3,1,4,7,0.42,3,4,0,0,0,0,Matches,West Ham
Manuel Lanzini,ar ARG,"MF,FW",26,15.3,57,3.72,39,11,1,1,5,5,0.33,2,0,0,0,3,0,Matches,West Ham
Fabián Balbuena,py PAR,DF,27,13.1,4,0.31,3,0,0,1,0,0,0.00,0,0,0,0,0,0,Matches,West Ham
Tomáš Souček,cz CZE,MF,24,11.6,8,0.69,7,0,0,0,1,1,0.09,1,0,0,0,0,0,Matches,West Ham
Jarrod Bowen,eng ENG,FW,22,10.2,27,2.65,11,6,3,4,3,5,0.49,3,2,0,0,0,0,Matches,West Ham
Andriy Yarmolenko,ua UKR,"MF,FW",29,11.0,35,3.18,29,1,3,1,1,6,0.54,4,0,2,0,0,0,Matches,West Ham
Arthur Masuaku,cd COD,DF,25,10.4,10,0.96,10,0,0,0,0,1,0.10,1,0,0,0,0,0,Matches,West Ham
Roberto,es ESP,GK,33,7.6,0,0.00,0,0,0,0,0,0,0.00,0,0,0,0,0,0,Matches,West Ham
Pablo Zabaleta,ar ARG,DF,34,6.6,5,0.76,5,0,0,0,0,0,0.00,0,0,0,0,0,0,Matches,West Ham
Jeremy Ngakia,eng ENG,DF,18,4.9,2,0.41,1,0,1,0,0,0,0.00,0,0,0,0,0,0,Matches,West Ham
David Martin,eng ENG,GK,33,4.8,0,0.00,0,0,0,0,0,0,0.00,0,0,0,0,0,0,Matches,West Ham
Ben Johnson,eng ENG,DF,19,3.0,5,1.67,4,1,0,0,0,2,0.67,2,0,0,0,0,0,Matches,West Ham
Jack Wilshere,eng ENG,MF,27,2.4,1,0.42,1,0,0,0,0,1,0.42,1,0,0,0,0,0,Matches,West Ham
Darren Randolph,ie IRL,GK,32,2.0,0,0.00,0,0,0,0,0,0,0.00,0,0,0,0,0,0,Matches,West Ham
Carlos Sánchez,co COL,"MF,DF",33,1.3,1,0.77,1,0,0,0,0,0,0.00,0,0,0,0,0,0,Matches,West Ham
Javier Hernández,mx MEX,FW,31,1.2,2,1.68,1,0,0,1,0,0,0.00,0,0,0,0,0,0,Matches,West Ham
Albian Ajeti,ch SUI,"MF,FW",22,1.5,2,1.29,2,0,0,0,0,0,0.00,0,0,0,0,0,0,Matches,West Ham
Nathan Holland,eng ENG,MF,21,0.4,0,0.00,0,0,0,0,0,0,0.00,0,0,0,0,0,0,Matches,West Ham
Conor Coady,eng ENG,DF,26,38.0,13,0.34,13,0,0,0,0,0,0.00,0,0,0,0,0,0,Matches,Wolves
Rui Patrício,pt POR,GK,31,38.0,4,0.11,4,0,0,0,0,0,0.00,0,0,0,0,0,0,Matches,Wolves
Raúl Jiménez,mx MEX,FW,28,36.0,83,2.31,57,0,13,8,5,12,0.33,7,0,2,1,2,0,Matches,Wolves
Rúben Neves,pt POR,MF,22,34.0,59,1.74,50,1,3,4,1,3,0.09,2,0,0,1,0,0,Matches,Wolves
João Moutinho,pt POR,MF,32,34.5,113,3.27,60,52,1,0,0,11,0.32,6,5,0,0,0,0,Matches,Wolves
Jonny Castro,es ESP,DF,25,32.1,49,1.53,42,2,2,0,3,6,0.19,5,1,0,0,0,0,Matches,Wolves
Matt Doherty,ie IRL,DF,27,31.5,64,2.03,48,1,6,7,2,15,0.48,7,0,3,4,1,0,Matches,Wolves
Leander Dendoncker,be BEL,"MF,DF",24,31.1,19,0.61,18,0,1,0,0,1,0.03,1,0,0,0,0,0,Matches,Wolves
Romain Saïss,ma MAR,DF,29,30.1,25,0.83,19,1,1,3,0,2,0.07,0,0,0,1,0,1,Matches,Wolves
Adama Traoré,es ESP,"FW,MF",23,28.9,96,3.32,66,0,18,0,12,14,0.48,11,0,1,0,2,0,Matches,Wolves
Diogo Jota,pt POR,"FW,MF",22,25.4,89,3.51,51,1,16,8,13,6,0.24,4,0,0,1,1,0,Matches,Wolves
Willy Boly,fr FRA,DF,28,22.0,8,0.36,8,0,0,0,0,1,0.05,1,0,0,0,0,0,Matches,Wolves
Pedro Neto,pt POR,"FW,MF",19,10.4,33,3.16,20,3,6,0,4,7,0.67,4,1,1,0,1,0,Matches,Wolves
Ryan Bennett,eng ENG,DF,29,6.7,5,0.74,4,1,0,0,0,1,0.15,0,1,0,0,0,0,Matches,Wolves
Rúben Vinagre,pt POR,DF,20,7.2,9,1.24,6,1,2,0,0,0,0.00,0,0,0,0,0,0,Matches,Wolves
Patrick Cutrone,it ITA,FW,21,3.3,2,0.61,1,0,0,1,0,0,0.00,0,0,0,0,0,0,Matches,Wolves
Daniel Podence,pt POR,"FW,MF",23,3.2,11,3.43,7,0,1,1,2,2,0.62,0,0,1,0,1,0,Matches,Wolves
Max Kilman,eng ENG,DF,22,2.1,0,0.00,0,0,0,0,0,0,0.00,0,0,0,0,0,0,Matches,Wolves
Jesús Vallejo,es ESP,DF,22,1.8,0,0.00,0,0,0,0,0,0,0.00,0,0,0,0,0,0,Matches,Wolves
Morgan Gibbs-White,eng ENG,"MF,FW",19,1.4,4,2.79,3,0,0,0,0,1,0.70,0,0,0,0,0,1,Matches,Wolves
Bruno Jordão,pt POR,FW,20,0.1,0,0.00,0,0,0,0,0,0,0.00,0,0,0,0,0,0,Matches,Wolves
